feature,feature_ru,block,block_ru,n_tbi,n_control,mean_tbi,mean_control,median_tbi,median_control,std_tbi,std_control,missing_fraction,hedges_g_tbi_minus_control,abs_hedges_g
event__z_peak,"Пик события, z",event,События,92,72,3.052323004350239,4.219268069066822,3.0041582842223447,4.216310685995786,0.5939851715296989,0.33868735204330097,0.0,-2.3302479574189605,2.3302479574189605
event__propagation_ms,"Распространение, мс",event,События,92,72,69.33152173913042,49.250000000000014,68.99999999999993,48.50000000000005,10.47820269534791,6.8582221652266275,0.0,2.2034857008326165,2.2034857008326165
conn__clustering__plv_theta,Связность · clustering · plv theta,conn,Связность,92,72,0.33933969523431246,0.40766736408375576,0.3291843125204911,0.4027007167813555,0.05289575240677637,0.0468415745232089,0.0,-1.3512420460605923,1.3512420460605923
aper__aperiodic_intercept_log10__parietal,Апериодика · Апериодикаiodic intercept log10 · parietal,aper,Апериодика,92,72,-8.381328909948012,-8.879492659586699,-8.480525596400739,-8.90198933106699,0.4657526550193358,0.3899803922081505,0.0,1.1420608092640874,1.1420608092640874
aper__aperiodic_intercept_log10__temporal,Апериодика · Апериодикаiodic intercept log10 · temporal,aper,Апериодика,92,72,-8.398838162922274,-8.97082941415616,-8.392043946555706,-8.844422847409463,0.46732812510158755,0.5400129180693524,0.0,1.1375749353435916,1.1375749353435916
event__n_involved_ch,События · n involved ch,event,События,92,72,16.179347826086957,12.84375,15.625,12.75,3.528791719351916,1.9266649558531643,0.0,1.1307276973039035,1.1307276973039035
conn__hub_z_max__plv_delta,Связность · hub z max · plv delta,conn,Связность,92,72,0.9677111470248395,1.1031611203416536,0.9636163023497643,1.0950138464147177,0.11943568678310786,0.11936468840538471,0.0,-1.129118548691132,1.129118548691132
aper__aperiodic_intercept_log10__frontal,Апериодика · Апериодикаiodic intercept log10 · frontal,aper,Апериодика,92,72,-8.479090571126573,-8.995605330032785,-8.470801573918667,-8.949535116783437,0.4295244033227822,0.486901601717714,0.0,1.1285406098796067,1.1285406098796067
conn__hub_z_max__dtf_delta,Связность · hub z max · dtf delta,conn,Связность,92,72,1.529032356190834,1.3319920323480536,1.5790355431771235,1.331515142600305,0.18446306808749927,0.1608825648594622,0.0,1.1237997120696217,1.1237997120696217
dfa__dfa_exp__occipital_alpha,DFA · DFA exp · occipital alpha,dfa,DFA,92,72,0.8434844185358624,0.7469453761095798,0.8364188740556766,0.7568582841365963,0.08411804119750081,0.09186164541250091,0.0,1.0969821672769275,1.0969821672769275
event__spike_to_slow_ratio,События · spike to slow ratio,event,События,92,72,1.19555990237351,0.7797950011940185,0.990312818335963,0.7725889595672667,0.506371919518622,0.06758286488809782,0.0,1.0829277517849636,1.0829277517849636
event__slow_peak_uv,События · slow peak uv,event,События,92,72,33.28520837298635,21.286361454536948,29.940214693546295,20.344453894882463,13.22750221391277,7.38768099582439,0.0,1.0803857516580142,1.0803857516580142
conn__clustering__pdc_beta,Связность · clustering · pdc beta,conn,Связность,92,72,0.46249246424317136,0.36773876564635555,0.4659164550686157,0.3630231555087823,0.09433080572765522,0.08010734309795464,0.0,1.067154377275833,1.067154377275833
conn__hub_z_max__plv_beta,Связность · hub z max · plv beta,conn,Связность,92,72,0.9240316104323781,1.0542315757526448,0.925425575452826,1.030762101891431,0.09359156134620907,0.14982485891091993,0.0,-1.066771737493484,1.066771737493484
aper__aperiodic_intercept_log10__central,Апериодика · Апериодикаiodic intercept log10 · central,aper,Апериодика,92,72,-8.597018402786619,-9.055861146029638,-8.624148611467657,-8.938667391378289,0.400167447344723,0.4767138801546439,0.0,1.0490147568707586,1.0490147568707586
spec_shape__spectral_entropy_norm__frontal,Форма спектра · spectral entropy norm · frontal,spec_shape,Форма спектра,92,72,0.8012612141698381,0.869789961418928,0.801220804944879,0.8640421303006158,0.06923677472433662,0.059804948466410164,0.0,-1.045041959178796,1.045041959178796
spec_shape__spectral_entropy_raw__frontal,Форма спектра · spectral entropy raw · frontal,spec_shape,Форма спектра,92,72,4.1474480194469905,4.502163076193984,4.147238855248023,4.472411441688054,0.3583799129736496,0.30955936801100054,0.0,-1.0450419591787885,1.0450419591787885
dfa__dfa_exp__frontal_alpha,DFA · DFA exp · frontal alpha,dfa,DFA,92,72,0.822937977288337,0.7378504493197595,0.8135388551966951,0.7450267481390246,0.07712615300946063,0.08626275397033943,0.0,1.042285237626885,1.042285237626885
dfa__dfa_exp__parietal_alpha,DFA · DFA exp · parietal alpha,dfa,DFA,92,72,0.8392703921544001,0.7501936746350995,0.8376141955651305,0.7638286395698288,0.07631276580312901,0.09887587993768909,0.0,1.0199965450147548,1.0199965450147548
spec_shape__spectral_entropy_raw__central,Форма спектра · spectral entropy raw · central,spec_shape,Форма спектра,92,72,4.287404426325969,4.576894283822393,4.315100173599869,4.60616660394667,0.2796721927414522,0.2935065583135967,0.0,-1.0081510450692717,1.0081510450692717
spec_shape__spectral_entropy_norm__central,Форма спектра · spectral entropy norm · central,spec_shape,Форма спектра,92,72,0.8282999232702003,0.8842275668765368,0.8336505697361647,0.8898827974314152,0.05403093171386793,0.05670364527257428,0.0,-1.0081510450692663,1.0081510450692663
burst__pct_time__occipital_alpha,Вспышки · pct time · occipital alpha,burst,Вспышки,92,72,13.098983494363926,9.906643418682442,12.877314814814815,9.839743589743591,3.968200158168089,1.6930025753402786,0.0,0.9997637822086023,0.9997637822086023
burst__pct_time__central_alpha,Вспышки · pct time · central alpha,burst,Вспышки,92,72,12.016553399383174,9.77056571555123,11.48148148148148,9.696557971014492,2.674519008444405,1.5453011567334909,0.0,0.9933777521342236,0.9933777521342236
aper__aperiodic_slope__temporal,Апериодика · Апериодикаiodic slope · temporal,aper,Апериодика,92,72,-1.0959779802774474,-0.6360132785140733,-1.1682440492454285,-0.7775405871505537,0.35362096726677017,0.5732463507581494,0.0,-0.9890803146166957,0.9890803146166957
aper__aperiodic_exponent__temporal,Апериодика · Апериодикаiodic exponent · temporal,aper,Апериодика,92,72,1.0959779802774474,0.6360132785140733,1.1682440492454285,0.7775405871505537,0.35362096726677017,0.5732463507581494,0.0,0.9890803146166957,0.9890803146166957
aper__aperiodic_exponent__parietal,Апериодика · Апериодикаiodic exponent · parietal,aper,Апериодика,92,72,1.3142392933409626,1.0292772704472037,1.3515189579335116,1.099916617038327,0.2258599482675014,0.34965980892664594,0.0,0.9890745135324296,0.9890745135324296
aper__aperiodic_slope__parietal,Апериодика · Апериодикаiodic slope · parietal,aper,Апериодика,92,72,-1.3142392933409626,-1.0292772704472037,-1.3515189579335116,-1.099916617038327,0.2258599482675014,0.34965980892664594,0.0,-0.9890745135324296,0.9890745135324296
spec_shape__sef95_hz__frontal,Форма спектра · sef95 hz · frontal,spec_shape,Форма спектра,92,72,29.14277523027469,34.615929343519795,28.73138679580061,34.815637620930524,5.724403194752092,5.411043137640974,0.0,-0.9746918387024786,0.9746918387024786
event__peak_to_peak_uv,События · peak to peak uv,event,События,92,72,31.876332103011563,20.8921448379907,29.33998203277588,19.84988220408559,13.70677529237144,6.919054577155751,0.0,0.9720211555015174,0.9720211555015174
aper__aperiodic_exponent__frontal,Апериодика · Апериодикаiodic exponent · frontal,aper,Апериодика,92,72,1.1428249010989766,0.7160442743443747,1.2599453855817593,0.8151678271468128,0.3995999604077757,0.4832712475195422,0.0,0.9693323545586681,0.9693323545586681
aper__aperiodic_slope__frontal,Апериодика · Апериодикаiodic slope · frontal,aper,Апериодика,92,72,-1.1428249010989766,-0.7160442743443747,-1.2599453855817593,-0.8151678271468128,0.3995999604077757,0.4832712475195422,0.0,-0.9693323545586681,0.9693323545586681
conn__n_hubs__plv_delta,Связность · n hubs · plv delta,conn,Связность,92,72,0.3804347826086957,0.7847222222222222,0.0,1.0,0.45313053463018543,0.3641156456991096,0.0,-0.9662551376690595,0.9662551376690595
conn__n_hubs__coh_delta,Связность · n hubs · coh delta,conn,Связность,92,72,0.11413043478260869,0.4513888888888889,0.0,0.5,0.27837105513732996,0.4209289042225725,0.0,-0.9643291397142586,0.9643291397142586
burst__pct_time__frontal_alpha,Вспышки · pct time · frontal alpha,burst,Вспышки,92,72,12.410854468599036,9.739115172096502,11.891203703703704,9.421799516908212,3.4279420213501144,1.6646206619014798,0.0,0.951274927971627,0.951274927971627
conn__global_efficiency__pdc_beta,Связность · global efficiency · pdc beta,conn,Связность,92,72,0.27346999011374296,0.2940485308018862,0.2685842425063386,0.28897377637330224,0.01727204397049048,0.026028510413158765,0.0,-0.9503946936191081,0.9503946936191081
conn__hub_z_max__coh_delta,Связность · hub z max · coh delta,conn,Связность,92,72,0.8854243954419568,0.9912994933924472,0.8844211890029379,0.995412647028717,0.10297087526255264,0.12086215391381172,0.0,-0.9479797066387464,0.9479797066387464
conn__global_efficiency__plv_theta,Связность · global efficiency · plv theta,conn,Связность,92,72,0.41235628882311814,0.4411144335809704,0.4111876281925318,0.43708416914669634,0.02949033213957558,0.03179485852525351,0.0,-0.9378487017738449,0.9378487017738449
burst__pct_time__parietal_alpha,Вспышки · pct time · parietal alpha,burst,Вспышки,92,72,12.86634460547504,10.135867944741284,12.476851851851851,10.041666666666666,3.607739617383213,1.7547429327265178,0.0,0.9235073241276345,0.9235073241276345
conn__global_efficiency__pdc_alpha,Связность · global efficiency · pdc alpha,conn,Связность,92,72,0.2785423458167292,0.2995858713891251,0.27516840339126175,0.2969711695405469,0.017805517508380685,0.02834498683644646,0.0,-0.9096515882681813,0.9096515882681813
aper__aperiodic_slope__central,Апериодика · Апериодикаiodic slope · central,aper,Апериодика,92,72,-1.2266584024840477,-0.8789982038730562,-1.2621609989489846,-1.0212939216495691,0.2497787976327809,0.5002781874706385,0.0,-0.9095961341514031,0.9095961341514031
aper__aperiodic_exponent__central,Апериодика · Апериодикаiodic exponent · central,aper,Апериодика,92,72,1.2266584024840477,0.8789982038730562,1.2621609989489846,1.0212939216495691,0.2497787976327809,0.5002781874706385,0.0,0.9095961341514031,0.9095961341514031
spec_shape__sef95_hz__central,Форма спектра · sef95 hz · central,spec_shape,Форма спектра,92,72,27.938803792644674,32.809351330239764,27.292494382795432,32.14492751351494,4.590287043744464,6.22114302357496,0.0,-0.9033915499490599,0.9033915499490599
aper__aperiodic_intercept_log10__occipital,Апериодика · Апериодикаiodic intercept log10 · occipital,aper,Апериодика,92,72,-8.319303999608811,-8.710764722031774,-8.363889368500455,-8.68127547429561,0.4767279840906262,0.4189586726452678,0.0,0.8614408481124481,0.8614408481124481
conn__clustering__plv_delta,Связность · clustering · plv delta,conn,Связность,92,72,0.3766788246107349,0.41700839108810367,0.3763754073950442,0.4126118457185628,0.053932569073191716,0.03590913909337169,0.0,-0.8560275978972943,0.8560275978972943
conn__asymmetry__pdc_beta,Связность · asymmetry · pdc beta,conn,Связность,92,72,0.7238331436058679,0.8407416422725051,0.7137719958556046,0.8446717896541147,0.15158022792110307,0.1132810788706917,0.0,-0.8548326794879458,0.8548326794879458
spec_shape__spectral_entropy_norm__temporal,Форма спектра · spectral entropy norm · temporal,spec_shape,Форма спектра,92,72,0.8136291089270504,0.8767855869921787,0.8214881483462135,0.8834259674889924,0.07678424431359221,0.07205235225197018,0.0,-0.8410157663110327,0.8410157663110327
spec_shape__spectral_entropy_raw__temporal,Форма спектра · spectral entropy raw · temporal,spec_shape,Форма спектра,92,72,4.211466094587036,4.538373481634154,4.252145659374823,4.572745085366924,0.3974467456696838,0.37295376384035067,0.0,-0.8410157663110321,0.8410157663110321
spec_shape__sef95_hz__temporal,Форма спектра · sef95 hz · temporal,spec_shape,Форма спектра,92,72,30.83069178534615,35.790415252265106,30.59752028264881,37.66658381228231,5.769055819861419,6.1325096150830785,0.0,-0.832347289726649,0.832347289726649
conn__hub_z_max__plv_theta,Связность · hub z max · plv theta,conn,Связность,92,72,0.9270484012945602,1.0180586544424524,0.919350469321475,0.9914166627021519,0.08969705544774267,0.13239647281831987,0.0,-0.8200868154459982,0.8200868154459982
dfa__dfa_exp__central_alpha,DFA · DFA exp · central alpha,dfa,DFA,92,72,0.8030289397014386,0.7347349275946562,0.804291785391757,0.746341919975323,0.0822249862899596,0.08796126463222818,0.0,0.8017442787829143,0.8017442787829143
conn__hub_z_max__pdc_alpha,Связность · hub z max · pdc alpha,conn,Связность,92,72,1.367644970904703,1.529337046141154,1.3474139082454717,1.557256373567056,0.21607262775880465,0.18741442924768925,0.0,-0.7888993830744875,0.7888993830744875
conn__n_hubs__plv_beta,Связность · n hubs · plv beta,conn,Связность,92,72,0.25,0.5763888888888888,0.0,0.5,0.40260143080708505,0.42509089518664,0.0,-0.7873692003314003,0.7873692003314003
event__spread_rois,События · spread rois,event,События,92,72,4.038043478260869,3.763888888888889,4.0,4.0,0.3165203641884838,0.3843067860320676,0.0,0.7844654110686076,0.7844654110686076
conn__asymmetry__dtf_beta,Связность · asymmetry · dtf beta,conn,Связность,92,72,1.0459432555924317,1.1965545581462638,1.0381652787409137,1.1963588807970083,0.21226917459284464,0.1602370586346567,0.0,-0.7839986104287673,0.7839986104287673
conn__clustering__plv_alpha,Связность · clustering · plv alpha,conn,Связность,92,72,0.41866158353375915,0.4698392479225212,0.4144356861374626,0.46184014603221346,0.06958593984239538,0.063056170826116,0.0,-0.7625490190397487,0.7625490190397487
conn__mean_strength__plv_theta,Связность · mean strength · plv theta,conn,Связность,92,72,1.5243555939885187,1.6245108820962497,1.5212399716945386,1.6120171228829419,0.130653601161797,0.13211617443600254,0.0,-0.7592799904636308,0.7592799904636308
conn__hub_z_max__pdc_beta,Связность · hub z max · pdc beta,conn,Связность,92,72,1.3886774538226159,1.5337479932318174,1.4067156342966556,1.5303235628344884,0.1984415712617844,0.17910546601003888,0.0,-0.759152883308247,0.759152883308247
conn__global_efficiency__plv_delta,Связность · global efficiency · plv delta,conn,Связность,92,72,0.4235706140403247,0.4488953655146186,0.4227246233179578,0.4479890918436861,0.03299675836723661,0.033497221279453114,0.0,-0.7588676551431861,0.7588676551431861
spec_shape__sef95_hz__parietal,Форма спектра · sef95 hz · parietal,spec_shape,Форма спектра,92,72,25.30729826382069,29.549032409769627,24.60239241284183,29.12403490325537,4.738414493150027,6.501557880089807,0.0,-0.756622026328052,0.756622026328052
spec_shape__spectral_entropy_raw__parietal,Форма спектра · spectral entropy raw · parietal,spec_shape,Форма спектра,92,72,4.224186450651211,4.4462578226767295,4.270631158760185,4.486828607678653,0.2768153110937445,0.31756720675918937,0.0,-0.7483586790795292,0.7483586790795292
spec_shape__spectral_entropy_norm__parietal,Форма спектра · spectral entropy norm · parietal,spec_shape,Форма спектра,92,72,0.8160866027634684,0.8589894134429991,0.8250594320880713,0.8668274372827285,0.05347899991217965,0.06135201320794866,0.0,-0.7483586790795274,0.7483586790795274
burst__rate_per_min__parietal_beta,Вспышки · rate per min · parietal beta,burst,Вспышки,92,72,55.828804347826086,52.55685795995737,55.27777777777778,52.24881345876769,5.101418979057023,3.1664324764326715,0.0,0.7469014001846134,0.7469014001846134
conn__global_efficiency__pdc_theta,Связность · global efficiency · pdc theta,conn,Связность,92,72,0.2754437297400087,0.29096560625682805,0.27034001135139507,0.28664268286465333,0.017072554311610595,0.02502167195878656,0.0,-0.7381213535840112,0.7381213535840112
alpha_peak__alpha_peak_db__parietal,Альфа-пик · Альфа-пик db · parietal,alpha_peak,Альфа-пик,92,72,-55.30268182237064,-56.96210814450524,-55.62919594717289,-57.152384320918735,2.5177077903457206,1.8498847502787645,0.0,0.7342473181696393,0.7342473181696393
conn__clustering__pdc_delta,Связность · clustering · pdc delta,conn,Связность,92,72,0.46034407528775884,0.38990062709222106,0.44834712099303703,0.38805248720914964,0.10731936694023568,0.07874400590951451,0.0,0.731526152725907,0.731526152725907
conn__clustering__pdc_theta,Связность · clustering · pdc theta,conn,Связность,92,72,0.4416103200002161,0.3737491143851806,0.44632916654284926,0.3693583027254844,0.10208647054427974,0.07933682383964324,0.0,0.7278333162608164,0.7278333162608164
conn__global_efficiency__dtf_delta,Связность · global efficiency · dtf delta,conn,Связность,92,72,0.169560155382187,0.14689609125145722,0.16492107636853792,0.1488011396700893,0.03706876122860237,0.02378767524082353,0.0,0.7063958136276363,0.7063958136276363
conn__clustering__pdc_alpha,Связность · clustering · pdc alpha,conn,Связность,92,72,0.4257214730955209,0.35873924148392333,0.4292829933249035,0.34108348370716013,0.10215383705610281,0.08350451964096253,0.0,0.7060071018433022,0.7060071018433022
conn__hub_z_max__plv_alpha,Связность · hub z max · plv alpha,conn,Связность,92,72,0.8999273310154713,0.9873833784812874,0.8874453467647445,0.9511178288238369,0.10753428171502338,0.1444521358565543,0.0,-0.6960530067314463,0.6960530067314463
alpha_peak__alpha_peak_db__occipital,Альфа-пик · Альфа-пик db · occipital,alpha_peak,Альфа-пик,92,72,-54.630519662115695,-56.047929148635404,-54.90479014243559,-56.12363507840939,2.2498839961664805,1.7878640734494018,0.0,0.6848100466600096,0.6848100466600096
conn__n_hubs__plv_theta,Связность · n hubs · plv theta,conn,Связность,92,72,0.1793478260869565,0.4583333333333333,0.0,0.5,0.36750960022693047,0.4499608746684477,0.0,-0.6844531822057338,0.6844531822057338
burst__rate_per_min__temporal_beta,Вспышки · rate per min · temporal beta,burst,Вспышки,92,72,56.0824275362319,52.03940832806321,55.0,51.2625055675472,6.691407656436679,4.672863639328159,0.0,0.6829507703346366,0.6829507703346366
burst__rate_per_min__frontal_beta,Вспышки · rate per min · frontal beta,burst,Вспышки,92,72,55.56215039410119,52.250570094331444,55.138888888888886,51.28220611916264,5.528338314650919,3.856660897010963,0.0,0.6772754937316076,0.6772754937316076
conn__clustering__coh_theta,Связность · clustering · coh theta,conn,Связность,92,72,0.20714749003299807,0.24879887217450955,0.18886184318746127,0.24053203036254756,0.06767801704484352,0.05207157692916219,0.0,-0.6759977867116944,0.6759977867116944
burst__pct_time__temporal_alpha,Вспышки · pct time · temporal alpha,burst,Вспышки,92,72,11.346113431043422,9.95856154055758,11.337962962962962,9.720712560386474,2.3773440136294695,1.5237770302837401,0.0,0.6745289720101295,0.6745289720101295
event__auc_abs_uvs,События · auc abs uvs,event,События,92,72,1.0568701371177627,0.7100149331649882,0.9250156791210173,0.6453773313686252,0.6235983435068807,0.3195528652859228,0.0,0.6729617247212687,0.6729617247212687
burst__pct_time__occipital_beta,Вспышки · pct time · occipital beta,burst,Вспышки,92,72,8.52264786785292,7.640983282045819,8.474537037037038,7.552603327965647,1.5320866932812578,1.1481557346591968,0.0,0.6372824145705441,0.6372824145705441
burst__rate_per_min__occipital_beta,Вспышки · rate per min · occipital beta,burst,Вспышки,92,72,57.48485220666503,53.225670623570785,56.041666666666664,52.524668516805434,7.983905277833329,4.708981800082777,0.0,0.6283257107284206,0.6283257107284206
conn__clustering__coh_beta,Связность · clustering · coh beta,conn,Связность,92,72,0.20194641798928162,0.2268035495179993,0.19343258931896384,0.2250171177458123,0.042635933837129346,0.03513334943813982,0.0,-0.6260046939048262,0.6260046939048262
alpha_peak__alpha_peak_db__temporal,Альфа-пик · Альфа-пик db · temporal,alpha_peak,Альфа-пик,92,72,-55.07006905498405,-56.22372024973848,-55.389897143720205,-56.35704722004868,2.1387205498920703,1.441249994349929,0.0,0.6155726230900066,0.6155726230900066
conn__asymmetry__pdc_alpha,Связность · asymmetry · pdc alpha,conn,Связность,92,72,0.7960687647399045,0.8814123584119262,0.797935503171504,0.8797993271340043,0.16516781010385737,0.10195210954765112,0.0,-0.6024872606759792,0.6024872606759792
burst__mean_amp__parietal_alpha,Вспышки · mean amp · parietal alpha,burst,Вспышки,92,72,7.300891738877696e-06,5.14576940475462e-06,6.683070757747995e-06,4.276662332873523e-06,3.887952655019922e-06,3.129265105436205e-06,0.0,0.5999834756548323,0.5999834756548323
event__sharpness_uv,События · sharpness uv,event,События,92,72,12.274958892603932,9.334987715856792,11.123530074954033,8.709089931100607,6.003653335229212,2.9034478611831283,0.0,0.5980659462960258,0.5980659462960258
aper__aperiodic_slope__occipital,Апериодика · Апериодикаiodic slope · occipital,aper,Апериодика,92,72,-1.2247658344843795,-1.0313567801895116,-1.2400212024009996,-1.1254357478417547,0.2901600880775164,0.3585890044288705,0.0,-0.5979646438812802,0.5979646438812802
aper__aperiodic_exponent__occipital,Апериодика · Апериодикаiodic exponent · occipital,aper,Апериодика,92,72,1.2247658344843795,1.0313567801895116,1.2400212024009996,1.1254357478417547,0.2901600880775164,0.3585890044288705,0.0,0.5979646438812802,0.5979646438812802
conn__hub_z_max__pdc_theta,Связность · hub z max · pdc theta,conn,Связность,92,72,1.3757913947734302,1.5024492434992185,1.399526942367578,1.571826900048653,0.21780601576810815,0.2049800300132434,0.0,-0.5938876305030034,0.5938876305030034
event__slope_rise_uvs,События · slope rise uvs,event,События,92,72,2755.0702780161214,1953.593502079861,2355.8595180511475,1779.2929857969284,1682.3390617036498,703.4022453719887,0.0,0.5935143413376659,0.5935143413376659
dfa__dfa_exp__temporal_alpha,DFA · DFA exp · temporal alpha,dfa,DFA,92,72,0.781568613973829,0.732904389053266,0.7830500534107516,0.7371547688031457,0.07888346151717344,0.0918992875374687,0.0,0.5709800373884085,0.5709800373884085
alpha_peak__alpha_peak_db__frontal,Альфа-пик · Альфа-пик db · frontal,alpha_peak,Альфа-пик,92,72,-55.519014960060964,-56.42173135302239,-55.634302772034786,-56.64903340428866,1.7176607809133568,1.3876489457748609,0.0,0.5681417948736062,0.5681417948736062
conn__clustering__plv_beta,Связность · clustering · plv beta,conn,Связность,92,72,0.36654817360888814,0.3931299004377955,0.3627625621292686,0.3936552979591855,0.051752465020809976,0.03973415585499182,0.0,-0.5645545739450836,0.5645545739450836
dfa__dfa_exp__occipital_beta,DFA · DFA exp · occipital beta,dfa,DFA,92,72,0.715537735484955,0.6762854157710352,0.7050576714397634,0.6668862649244552,0.07215496686918688,0.06553616191190399,0.0,0.563525356739438,0.563525356739438
conn__global_efficiency__dtf_beta,Связность · global efficiency · dtf beta,conn,Связность,92,72,0.15143600193343829,0.13501788011025725,0.15319266810873133,0.13423963930244961,0.03136222004070613,0.02574842243995509,0.0,0.5628229382193644,0.5628229382193644
burst__mean_peak__parietal_alpha,Вспышки · mean peak · parietal alpha,burst,Вспышки,92,72,8.848353459698595e-06,6.416317535423422e-06,8.001461352360564e-06,5.353194636224311e-06,4.586462654687004e-06,3.940131480201357e-06,0.0,0.5609936738958551,0.5609936738958551
event__slope_fall_uvs,События · slope fall uvs,event,События,92,72,-2640.9188115807333,-1937.8607652615756,-2264.441728591919,-1764.973133802414,1558.164694364417,690.9948163653104,0.0,-0.5579543084276651,0.5579543084276651
alpha_peak__alpha_peak_db__central,Альфа-пик · Альфа-пик db · central,alpha_peak,Альфа-пик,92,72,-56.41054518616218,-57.55060327325652,-56.62663711761952,-58.01771074134181,2.2828881050999548,1.662709179412376,0.0,0.5577680323879399,0.5577680323879399
conn__asymmetry__pdc_delta,Связность · asymmetry · pdc delta,conn,Связность,92,72,0.7620491194426178,0.8447385640154701,0.7705412985972234,0.8560544295752358,0.16164342242774787,0.12742182418447479,0.0,-0.5575351161724661,0.5575351161724661
alpha_peak__paf_hz__temporal,Альфа-пик · paf hz · temporal,alpha_peak,Альфа-пик,92,72,6.478260869565218,7.888888888888889,6.0,6.0,1.7633525815342848,3.287001954157522,0.0,-0.5514967582116671,0.5514967582116671
event__line_length_uv,События · line length uv,event,События,92,72,75.66463170611077,42.921706266533064,63.890077162534,39.68615760654211,77.8791472424623,15.62863030428689,0.0,0.5497899025899595,0.5497899025899595
conn__global_efficiency__pdc_delta,Связность · global efficiency · pdc delta,conn,Связность,92,72,0.2724933912949224,0.28326103609676456,0.26803530111370755,0.27709732222729544,0.017322403110463184,0.022884969146123667,0.0,-0.5371713926740077,0.5371713926740077
burst__pct_time__parietal_beta,Вспышки · pct time · parietal beta,burst,Вспышки,92,72,8.479629014632094,7.817456776866941,8.319444444444445,7.72005529264846,1.3918865862406027,1.0239102284804789,0.0,0.5297890577783736,0.5297890577783736
conn__asymmetry__dtf_delta,Связность · asymmetry · dtf delta,conn,Связность,92,72,1.1301039670952602,1.2489419048449013,1.1293721634889287,1.2669951892580398,0.25724029215067135,0.17249252051393302,0.0,-0.527881446070004,0.527881446070004
conn__mean_strength__dtf_delta,Связность · mean strength · dtf delta,conn,Связность,92,72,0.5838781078411064,0.5333451456537004,0.5774848385055529,0.5484373661023231,0.10435079936651015,0.08454966666908423,0.0,0.5229872823225812,0.5229872823225812
conn__global_efficiency__coh_theta,Связность · global efficiency · coh theta,conn,Связность,92,72,0.3435210506481579,0.3654837261428177,0.33420950290766893,0.3602348539872712,0.042055128353012367,0.04251080313349519,0.0,-0.5173496706386319,0.5173496706386319
conn__n_hubs__coh_theta,Связность · n hubs · coh theta,conn,Связность,92,72,0.07608695652173914,0.22916666666666666,0.0,0.0,0.22156762429490992,0.3747064578806518,0.0,-0.5104240897771009,0.5104240897771009
burst__pct_time__frontal_beta,Вспышки · pct time · frontal beta,burst,Вспышки,92,72,8.197438607085346,7.584097086280423,8.090277777777779,7.4736540811548515,1.315562391104847,1.0359744632515255,0.0,0.5082967629527384,0.5082967629527384
conn__hub_z_max__dtf_beta,Связность · hub z max · dtf beta,conn,Связность,92,72,1.4457237097041478,1.3479282230941965,1.4940735212147453,1.3489986122084727,0.21535354090071215,0.16264065220926105,0.0,0.5017063018020019,0.5017063018020019
conn__n_hubs__coh_beta,Связность · n hubs · coh beta,conn,Связность,92,72,0.11956521739130435,0.2916666666666667,0.0,0.0,0.29059965680488514,0.40896640586576377,0.0,-0.4929939727408689,0.4929939727408689
conn__hub_z_max__dtf_theta,Связность · hub z max · dtf theta,conn,Связность,92,72,1.456077464780439,1.3621035780663933,1.5211538428236022,1.3636754788690175,0.2106248617646472,0.16782298500385623,0.0,0.484558757326689,0.484558757326689
spec_shape__spectral_entropy_norm__occipital,Форма спектра · spectral entropy norm · occipital,spec_shape,Форма спектра,92,72,0.8207200782972082,0.85173093938442,0.8282622405789135,0.8647971624633661,0.0632782348311812,0.06433109705904995,0.0,-0.48425151198909694,0.48425151198909694
spec_shape__spectral_entropy_raw__occipital,Форма спектра · spectral entropy raw · occipital,spec_shape,Форма спектра,92,72,4.248170013796066,4.408686874119521,4.287209375073544,4.4763196012153585,0.32753761829916256,0.33298739083838236,0.0,-0.48425151198909605,0.48425151198909605
conn__modularity__dtf_beta,Связность · modularity · dtf beta,conn,Связность,92,72,0.045346467391304345,0.0881076388888889,0.0,0.109375,0.08416104660844999,0.09295087654986849,0.0,-0.48300312549203617,0.48300312549203617
conn__global_efficiency__dtf_theta,Связность · global efficiency · dtf theta,conn,Связность,92,72,0.1715392925053916,0.15748012702591047,0.17593661801431035,0.16205467746053304,0.03153797620681414,0.025951630612458077,0.0,0.4788948398884144,0.4788948398884144
conn__small_worldness__pdc_delta,Связность · small worldness · pdc delta,conn,Связность,92,72,1.8160146944762072,0.5894470198589481,0.0,0.0,3.3198352581262496,1.082945342884511,0.0,0.4714922902793102,0.4714922902793102
spec_shape__sef95_hz__occipital,Форма спектра · sef95 hz · occipital,spec_shape,Форма спектра,92,72,26.95939480373904,29.803206702011842,26.833479332148187,29.30169770947466,5.651616821241681,6.781003951261133,0.0,-0.458617326136908,0.458617326136908
conn__hub_z_max__coh_alpha,Связность · hub z max · coh alpha,conn,Связность,92,72,0.8686171354339673,0.9214969294013611,0.8416378349085469,0.9070189837181741,0.11132295826903833,0.12123198897690513,0.0,-0.4546470292021562,0.4546470292021562
dfa__dfa_exp__parietal_beta,DFA · DFA exp · parietal beta,dfa,DFA,92,72,0.7206454823543872,0.6872117673253902,0.7178334570483188,0.6847176635694314,0.07113551050835233,0.07727530314653225,0.0,0.4503861776054617,0.4503861776054617
alpha_peak__alpha_peak_amp_db__parietal,Альфа-пик · Альфа-пик amp db · parietal,alpha_peak,Альфа-пик,92,72,35.2990286387512,36.4274615842856,35.16757517937849,36.778145788082725,2.4404480931282566,2.5969763703309368,0.0,-0.4474454207283884,0.4474454207283884
conn__asymmetry__pdc_theta,Связность · asymmetry · pdc theta,conn,Связность,92,72,0.7763633095582378,0.8421315894276462,0.7759090717067416,0.8307789466688399,0.1709853467093692,0.11234844580944142,0.0,-0.44180950633891797,0.44180950633891797
conn__mean_strength__plv_delta,Связность · mean strength · plv delta,conn,Связность,92,72,1.5816441169011235,1.6441283809423204,1.5963299335156558,1.6289053061443248,0.14749118802895186,0.13420621753266526,0.0,-0.43853932679834223,0.43853932679834223
tfr__value__central_tfr_alpha_cv,tfr · value · central tfr alpha cv,tfr,tfr,92,72,0.21825982810216438,0.46755588006324206,0.1358802257296316,0.15816132740417066,0.25774420978471063,0.8059728308496009,0.0,-0.43727958735177813,0.43727958735177813
conn__hub_z_max__coh_theta,Связность · hub z max · coh theta,conn,Связность,92,72,0.8820752653462894,0.9253862184483871,0.8719516511522861,0.897649216742503,0.09209923567327445,0.10888079328909256,0.0,-0.4319562647187622,0.4319562647187622
conn__modularity__imcoh_theta,Связность · modularity · imcoh theta,conn,Связность,92,72,0.11277173913043478,0.06987847222222222,0.109375,0.0,0.10979916982971155,0.08669826605166576,0.0,0.4255328330758985,0.4255328330758985
alpha_peak__paf_hz__central,Альфа-пик · paf hz · central,alpha_peak,Альфа-пик,92,72,6.695652173913044,7.833333333333333,6.0,6.0,2.1056654631072567,3.2846205860595514,0.0,-0.42146700720865066,0.42146700720865066
event__energy_uv2s,События · energy uv2s,event,События,92,72,27.93364891855683,15.581161854997548,17.456881257654594,12.870639494279033,37.43858344375497,12.786151003832003,0.0,0.4195080876406125,0.4195080876406125
aper__alpha_peak_cf_hz__frontal,Апериодика · Альфа-пик cf hz · frontal,aper,Апериодика,92,72,10.021739130434783,9.371527777777779,10.25,9.25,1.4712922171826004,1.6867300306808513,0.0,0.41239588356601803,0.41239588356601803
conn__small_worldness__pdc_beta,Связность · small worldness · pdc beta,conn,Связность,92,72,1.1562247059296924,0.5167976362779996,0.0,0.0,1.8116725867840084,1.111378003483545,0.0,0.4121230012732738,0.4121230012732738
conn__hub_z_max__coh_beta,Связность · hub z max · coh beta,conn,Связность,92,72,0.9142374008985782,0.9608833162025306,0.8980058823769739,0.9446911320790288,0.09608771475959453,0.1379591214193297,0.0,-0.39919101321345773,0.39919101321345773
conn__clustering__dtf_theta,Связность · clustering · dtf theta,conn,Связность,92,72,0.37560485813141553,0.40271121236290497,0.377773239117109,0.40347426378607726,0.07912141795789063,0.050417059791609854,0.0,-0.39649315503371446,0.39649315503371446
burst__rate_per_min__central_beta,Вспышки · rate per min · central beta,burst,Вспышки,92,72,54.867498556326964,52.89176686174219,54.861111111111114,52.183512944382514,5.374022177387169,4.4769710119229345,0.0,0.3932576927086906,0.3932576927086906
burst__mean_peak__central_beta,Вспышки · mean peak · central beta,burst,Вспышки,92,72,3.076824780481744e-06,3.5836214321928115e-06,2.7773936344542467e-06,3.267278305309574e-06,1.1624509593984464e-06,1.428185281829824e-06,0.0,-0.39235383251408523,0.39235383251408523
burst__mean_amp__occipital_alpha,Вспышки · mean amp · occipital alpha,burst,Вспышки,92,72,1.0509925523051182e-05,8.298233064996985e-06,9.143502641857864e-06,6.4344916641285985e-06,5.750731708112007e-06,5.560524593912472e-06,0.0,0.3883869241074725,0.3883869241074725
alpha_peak__alpha_peak_amp_db__central,Альфа-пик · Альфа-пик amp db · central,alpha_peak,Альфа-пик,92,72,36.77979776802348,37.659500664458605,36.59705574635876,37.90390234103484,2.2581184004080246,2.322149907712044,0.0,-0.3829701746179126,0.3829701746179126
conn__hub_z_max__imcoh_theta,Связность · hub z max · imcoh theta,conn,Связность,92,72,1.3961643549516507,1.324065256417276,1.4212165020235155,1.3340768520957282,0.19987383580223622,0.17090387772599958,0.0,0.3822802016970218,0.3822802016970218
burst__mean_amp__temporal_alpha,Вспышки · mean amp · temporal alpha,burst,Вспышки,92,72,4.725550542670471e-06,3.950365855815913e-06,4.349785249791387e-06,3.5230794675857e-06,2.1143138236664177e-06,1.8895591250925696e-06,0.0,0.38218494133301456,0.38218494133301456
conn__n_hubs__pdc_theta,Связность · n hubs · pdc theta,conn,Связность,92,72,0.9239130434782609,1.0,1.0,1.0,0.24511471421500047,0.11867816581938534,0.0,-0.3790397329850952,0.3790397329850952
conn__small_worldness__pdc_theta,Связность · small worldness · pdc theta,conn,Связность,92,72,1.2000437026148507,0.6676777924428152,0.0,0.0,1.5898757465431088,1.1329953885812811,0.0,0.3763457683516663,0.3763457683516663
conn__mean_strength__dtf_beta,Связность · mean strength · dtf beta,conn,Связность,92,72,0.5282135019775077,0.49308665827745773,0.5335201737211706,0.49339824639201596,0.09783964731336392,0.08891847926658022,0.0,0.3718226426628849,0.3718226426628849
conn__small_worldness__dtf_beta,Связность · small worldness · dtf beta,conn,Связность,92,72,1.79983400170965,0.9835565931298389,0.0,0.0,2.687883116745508,1.3409167968487734,0.0,0.3690721508590809,0.3690721508590809
burst__mean_amp__frontal_alpha,Вспышки · mean amp · frontal alpha,burst,Вспышки,92,72,6.361049697993618e-06,5.2285301770784984e-06,5.956700929427803e-06,4.461026428721416e-06,3.136964892543361e-06,3.0367467453779755e-06,0.0,0.36440584321385616,0.36440584321385616
alpha_peak__paf_hz__parietal,Альфа-пик · paf hz · parietal,alpha_peak,Альфа-пик,92,72,7.086956521739131,8.166666666666666,6.0,6.0,2.591839153167314,3.4190847964141557,0.0,-0.36030345579567213,0.36030345579567213
conn__modularity__wpli_theta,Связность · modularity · wpli theta,conn,Связность,92,72,0.09527853260869565,0.06076388888888889,0.0,0.0,0.10835374331007966,0.0797823998038813,0.0,0.35462960296200824,0.35462960296200824
conn__modularity__pdc_alpha,Связность · modularity · pdc alpha,conn,Связность,92,72,0.08084239130434782,0.04861111111111111,0.0,0.0,0.09711256473769556,0.08186705169342177,0.0,0.3535315875165304,0.3535315875165304
burst__mean_peak__occipital_alpha,Вспышки · mean peak · occipital alpha,burst,Вспышки,92,72,1.2800138031732922e-05,1.0335170614458534e-05,1.1351564885641598e-05,8.120141029126066e-06,6.801746108438915e-06,7.283771732228249e-06,0.0,0.34965219518371987,0.34965219518371987
conn__modularity__plv_delta,Связность · modularity · plv delta,conn,Связность,92,72,0.28719429347826086,0.3311631944444444,0.375,0.375,0.14559926417891123,0.09548133168434114,0.0,-0.3470383577586019,0.3470383577586019
conn__global_efficiency__plv_alpha,Связность · global efficiency · plv alpha,conn,Связность,92,72,0.4583268116176101,0.47505506547653326,0.45673623974362587,0.4799258249237026,0.050529204827778444,0.04467689837865486,0.0,-0.3465130745062837,0.3465130745062837
conn__clustering__coh_alpha,Связность · clustering · coh alpha,conn,Связность,92,72,0.3133956714973242,0.3448176774549286,0.3050238654781562,0.32712070866673126,0.09345715221812757,0.08964459367403263,0.0,-0.34067935029167074,0.34067935029167074
conn__clustering__dtf_beta,Связность · clustering · dtf beta,conn,Связность,92,72,0.39767969767504396,0.4192010901526765,0.39987285099302516,0.4230998839290907,0.06801986965700575,0.057383123044848196,0.0,-0.33693674320013606,0.33693674320013606
alpha_peak__alpha_peak_amp_db__frontal,Альфа-пик · Альфа-пик amp db · frontal,alpha_peak,Альфа-пик,92,72,36.93419264115876,37.623244637830204,36.90132323961425,37.777000779003714,1.960426501689671,2.1446623440813606,0.0,-0.33567494401069387,0.33567494401069387
burst__mean_amp__central_beta,Вспышки · mean amp · central beta,burst,Вспышки,92,72,2.5933762401647244e-06,2.955926078930209e-06,2.3455523503284482e-06,2.6826909530792334e-06,9.915194740562007e-07,1.1964310656816767e-06,0.0,-0.33226239102223165,0.33226239102223165
burst__mean_peak__frontal_alpha,Вспышки · mean peak · frontal alpha,burst,Вспышки,92,72,7.657239259283977e-06,6.430826045178814e-06,7.1715562447667945e-06,5.535376915822962e-06,3.663873639223603e-06,3.791339799829116e-06,0.0,0.3281279604750754,0.3281279604750754
conn__modularity__coh_delta,Связность · modularity · coh delta,conn,Связность,92,72,0.2418478260869565,0.2918836805555556,0.375,0.375,0.16466812051154464,0.13517221723664652,0.0,-0.3267003665003252,0.3267003665003252
conn__clustering__coh_delta,Связность · clustering · coh delta,conn,Связность,92,72,0.25662630327622965,0.28432239490378713,0.22966906965942724,0.27162467859343653,0.09925252304922479,0.062095039995938295,0.0,-0.3243590535632492,0.3243590535632492
burst__mean_peak__temporal_alpha,Вспышки · mean peak · temporal alpha,burst,Вспышки,92,72,5.631982334369508e-06,4.863045828965877e-06,5.217887711452755e-06,4.230545584628023e-06,2.4865968459094473e-06,2.2341492800674204e-06,0.0,0.3216851016415427,0.3216851016415427
conn__n_hubs__plv_alpha,Связность · n hubs · plv alpha,conn,Связность,92,72,0.24456521739130435,0.3888888888888889,0.0,0.0,0.4599006415472333,0.43784219794046747,0.0,-0.3189726877401155,0.3189726877401155
alpha_peak__alpha_peak_amp_db__occipital,Альфа-пик · Альфа-пик amp db · occipital,alpha_peak,Альфа-пик,92,72,35.001351154326464,35.81638182950178,35.215990621771496,36.25236068683396,2.3685205270251775,2.7883787142645966,0.0,-0.3167689980860307,0.3167689980860307
conn__modularity__imcoh_beta,Связность · modularity · imcoh beta,conn,Связность,92,72,0.10512907608695653,0.0744357638888889,0.109375,0.0,0.10493344543490561,0.08576198688714474,0.0,0.31496294107692485,0.31496294107692485
conn__modularity__wpli_delta,Связность · modularity · wpli delta,conn,Связность,92,72,0.07574728260869565,0.04861111111111111,0.0,0.0,0.09648413434004484,0.07083290182138653,0.0,0.31339285112315196,0.31339285112315196
conn__global_efficiency__coh_beta,Связность · global efficiency · coh beta,conn,Связность,92,72,0.3132424633726996,0.324870440354069,0.3131678108474507,0.32533532892928857,0.038730891146420914,0.03598052207327249,0.0,-0.3082282748017654,0.3082282748017654
conn__mean_strength__coh_theta,Связность · mean strength · coh theta,conn,Связность,92,72,1.2434369461423875,1.293469290166147,1.2083669571643578,1.2693193048287927,0.16589419937847108,0.1618046368561077,0.0,-0.3034490164493696,0.3034490164493696
burst__pct_time__temporal_beta,Вспышки · pct time · temporal beta,burst,Вспышки,92,72,8.048334339774557,7.605546812700995,7.944444444444445,7.306260064412239,1.5027884246058063,1.388696395761676,0.0,0.3031420060625372,0.3031420060625372
alpha_peak__alpha_peak_amp_db__temporal,Альфа-пик · Альфа-пик amp db · temporal,alpha_peak,Альфа-пик,92,72,36.43619824446679,36.99387889791586,36.24392607649408,37.10022397372835,1.8607466270523576,1.9153122392277873,0.0,-0.29450255805146003,0.29450255805146003
tfr__value__parietal_tfr_alpha_cv,tfr · value · parietal tfr alpha cv,tfr,tfr,92,72,0.23173714290165992,0.37152080365945,0.14800775898270324,0.16376451202355236,0.3441285711329552,0.6001419121306087,0.0,-0.29373178620433904,0.29373178620433904
conn__clustering__imcoh_alpha,Связность · clustering · imcoh alpha,conn,Связность,92,72,0.4598376045936911,0.4381898101177777,0.45201988338791943,0.44604411085901857,0.09011985813219091,0.056771631385194886,0.0,0.27876468735856674,0.27876468735856674
burst__mean_amp__occipital_beta,Вспышки · mean amp · occipital beta,burst,Вспышки,92,72,6.240291357645609e-06,5.659748165508463e-06,5.820329701058039e-06,5.101984898783377e-06,2.120481339776362e-06,2.01932922430086e-06,0.0,0.27824712973678895,0.27824712973678895
conn__small_worldness__pdc_alpha,Связность · small worldness · pdc alpha,conn,Связность,92,72,0.9833155499962255,0.6082955964924635,0.0,0.0,1.5496153563797177,1.0405571081989964,0.0,0.2764343272684014,0.2764343272684014
burst__mean_amp__parietal_beta,Вспышки · mean amp · parietal beta,burst,Вспышки,92,72,4.209465388021285e-06,3.814855038999785e-06,3.9365467513856755e-06,3.5977775603728817e-06,1.5377729924297906e-06,1.2823796924453833e-06,0.0,0.2743913667524569,0.2743913667524569
conn__n_hubs__pdc_alpha,Связность · n hubs · pdc alpha,conn,Связность,92,72,0.9510869565217391,1.0138888888888888,1.0,1.0,0.27794163559105556,0.14467599113196217,0.0,-0.2726429127438789,0.2726429127438789
conn__modularity__dtf_delta,Связность · modularity · dtf delta,conn,Связность,92,72,0.03736413043478261,0.059244791666666664,0.0,0.0,0.0802745667186869,0.08196703766139261,0.0,-0.26881044568752394,0.26881044568752394
conn__n_hubs__wpli_beta,Связность · n hubs · wpli beta,conn,Связность,92,72,0.7608695652173914,0.8541666666666666,1.0,1.0,0.4024530610099675,0.2711153280926044,0.0,-0.2645757506832362,0.2645757506832362
conn__modularity__pdc_beta,Связность · modularity · pdc beta,conn,Связность,92,72,0.07252038043478261,0.04861111111111111,0.0,0.0,0.09630731181727106,0.08186705169342176,0.0,0.2636551989328145,0.2636551989328145
conn__modularity__pdc_delta,Связность · modularity · pdc delta,conn,Связность,92,72,0.06980298913043478,0.09418402777777778,0.0,0.109375,0.09585690785514285,0.08862038236699532,0.0,-0.2616357485373202,0.2616357485373202
conn__global_efficiency__plv_beta,Связность · global efficiency · plv beta,conn,Связность,92,72,0.40774983264742554,0.4162632086710048,0.407121214001937,0.41849171497952664,0.03276233487115827,0.032534493017311254,0.0,-0.25943685305865,0.25943685305865
burst__mean_peak__occipital_beta,Вспышки · mean peak · occipital beta,burst,Вспышки,92,72,7.4408056727596e-06,6.7795867135944645e-06,7.028987831454601e-06,6.058489210468663e-06,2.6136687642605806e-06,2.4405063297516182e-06,0.0,0.2591938787457834,0.2591938787457834
conn__modularity__pdc_theta,Связность · modularity · pdc theta,conn,Связность,92,72,0.07133152173913043,0.04861111111111111,0.0,0.0,0.09375870918298128,0.07978239980388126,0.0,0.2572604950752862,0.2572604950752862
conn__small_worldness__dtf_delta,Связность · small worldness · dtf delta,conn,Связность,92,72,1.0789060011566567,1.526000745510271,0.0,1.3154671717171718,1.9389233357906266,1.4562152225843992,0.0,-0.255188850481779,0.255188850481779
conn__hub_z_max__pdc_delta,Связность · hub z max · pdc delta,conn,Связность,92,72,1.382227771025664,1.4319760722311576,1.3956387031528092,1.4270001647074035,0.2122122953648878,0.16811252504912833,0.0,-0.2550853936069622,0.2550853936069622
alpha_peak__paf_hz__frontal,Альфа-пик · paf hz · frontal,alpha_peak,Альфа-пик,92,72,6.217391304347826,6.611111111111111,6.0,6.0,1.0876538613554207,1.9755944411571775,0.0,-0.25429015425530666,0.25429015425530666
conn__modularity__wpli_alpha,Связность · modularity · wpli alpha,conn,Связность,92,72,0.062330163043478264,0.040581597222222224,0.0,0.0,0.09921390474501726,0.06362649649490193,0.0,0.25330523168781793,0.25330523168781793
conn__hub_z_max__imcoh_delta,Связность · hub z max · imcoh delta,conn,Связность,92,72,1.3806308792446433,1.3314013594259362,1.401802029220606,1.342673321888508,0.21749262529912403,0.16122825705087337,0.0,0.25148983122483654,0.25148983122483654
aper__alpha_peak_amp_log10__central,Апериодика · Альфа-пик amp log10 · central,aper,Апериодика,92,72,0.7680285635306454,0.6746175453600216,0.80318327310985,0.6553573840135303,0.35091761450914927,0.39390984329707307,0.0,0.2510373755315487,0.2510373755315487
conn__mean_strength__plv_alpha,Связность · mean strength · plv alpha,conn,Связность,92,72,1.7414702105901827,1.7963221224322676,1.7477294193226212,1.8080932504941032,0.23122330986836936,0.2047831224249812,0.0,-0.24814059186328388,0.24814059186328388
conn__mean_strength__dtf_theta,Связность · mean strength · dtf theta,conn,Связность,92,72,0.592290721877047,0.5687983548630148,0.6084983358340657,0.589787649761146,0.09735726884248888,0.09021774878967413,0.0,0.24798230431379897,0.24798230431379897
conn__hub_z_max__imcoh_alpha,Связность · hub z max · imcoh alpha,conn,Связность,92,72,1.4066126578767646,1.3615394019694411,1.3854456453826232,1.343511587900041,0.18113320188838422,0.1836054677355349,0.0,0.24620815750659047,0.24620815750659047
conn__clustering__dtf_delta,Связность · clustering · dtf delta,conn,Связность,92,72,0.40341403235372025,0.38670153096235516,0.40190770888747157,0.38199045816305466,0.06712007000543463,0.06880983657978135,0.0,0.24511613762682807,0.24511613762682807
conn__hub_z_max__wpli_delta,Связность · hub z max · wpli delta,conn,Связность,92,72,1.2414125261812605,1.1977272702771777,1.2381221856471538,1.185835918230327,0.18995961628784247,0.16179138749689986,0.0,0.2440608678276372,0.2440608678276372
conn__hub_z_max__wpli_theta,Связность · hub z max · wpli theta,conn,Связность,92,72,1.2557984252439471,1.2115056972265066,1.2712696360425109,1.2082712402883031,0.1953712270429384,0.16177159556970144,0.0,0.24302186843490012,0.24302186843490012
conn__modularity__dtf_alpha,Связность · modularity · dtf alpha,conn,Связность,92,72,0.06351902173913043,0.042534722222222224,0.0,0.0,0.09777871710557831,0.07003550791517,0.0,0.24085793530666336,0.24085793530666336
conn__n_hubs__wpli_alpha,Связность · n hubs · wpli alpha,conn,Связность,92,72,0.7663043478260869,0.8472222222222222,1.0,1.0,0.4022675218082711,0.28629356657071575,0.0,-0.2261677172937982,0.2261677172937982
conn__mean_strength__imcoh_alpha,Связность · mean strength · imcoh alpha,conn,Связность,92,72,0.4488692215000002,0.3875575690536709,0.3828024561025605,0.300751589802323,0.277109117659033,0.26533961734647243,0.0,0.2243541120614461,0.2243541120614461
tfr__value__occipital_tfr_alpha_cv,tfr · value · occipital tfr alpha cv,tfr,tfr,92,72,0.26172022022295244,0.36944974047219403,0.16715481054588335,0.18012012962531482,0.3846861191056498,0.5776048292106805,0.0,-0.22390863788145954,0.22390863788145954
conn__small_worldness__plv_beta,Связность · small worldness · plv beta,conn,Связность,92,72,7.53325040752189,6.403803282044163,6.86934284864704,6.613264517345399,6.5526813933051455,2.256415385126214,0.0,0.21900364473247877,0.21900364473247877
burst__mean_peak__parietal_beta,Вспышки · mean peak · parietal beta,burst,Вспышки,92,72,4.997786160923489e-06,4.6208119008541745e-06,4.7423339629277455e-06,4.406303730407064e-06,1.845339853869982e-06,1.5400120278683727e-06,0.0,0.21838145187440136,0.21838145187440136
conn__global_efficiency__coh_delta,Связность · global efficiency · coh delta,conn,Связность,92,72,0.3772005590308209,0.39189338304207716,0.35605664112460467,0.38518091250148867,0.07645777095190615,0.05235335486124276,0.0,-0.21837651965054147,0.21837651965054147
conn__n_hubs__imcoh_delta,Связность · n hubs · imcoh delta,conn,Связность,92,72,0.9130434782608695,0.9652777777777778,1.0,1.0,0.2928516075129751,0.15305317332683674,0.0,-0.21506822091984812,0.21506822091984812
conn__clustering__wpli_alpha,Связность · clustering · wpli alpha,conn,Связность,92,72,0.6122873781135398,0.5788194479961839,0.6104351159369641,0.5580185065121166,0.17297220055155652,0.12911098440327226,0.0,0.21453108438693985,0.21453108438693985
conn__global_efficiency__imcoh_alpha,Связность · global efficiency · imcoh alpha,conn,Связность,92,72,0.12426370932803885,0.1085916319900838,0.10602488846702535,0.08715400012466759,0.07424759662160363,0.07532104248474703,0.0,0.2087716610551062,0.2087716610551062
aper__alpha_peak_amp_log10__parietal,Апериодика · Альфа-пик amp log10 · parietal,aper,Апериодика,92,72,0.9626946197256976,0.8738120601440944,0.9271538905796435,0.9021382700782072,0.40962886015405314,0.4433578980444584,0.0,0.20829257033519058,0.20829257033519058
conn__modularity__coh_theta,Связность · modularity · coh theta,conn,Связность,92,72,0.2836277173913043,0.3122829861111111,0.375,0.375,0.15140026476564067,0.11944331334393422,0.0,-0.20622622045587138,0.20622622045587138
tfr__value__frontal_tfr_alpha_cv,tfr · value · frontal tfr alpha cv,tfr,tfr,92,72,0.3484908137727814,0.47208417533328295,0.19761664586652064,0.17046155814118863,0.35548144872710036,0.8062125527770271,0.0,-0.20622558063242577,0.20622558063242577
conn__global_efficiency__dtf_alpha,Связность · global efficiency · dtf alpha,conn,Связность,92,72,0.1757551616981829,0.16991732082854416,0.17738043564435205,0.17345473930414784,0.030121502958747264,0.02699856068088479,0.0,0.20180125568883753,0.20180125568883753
conn__asymmetry__dtf_theta,Связность · asymmetry · dtf theta,conn,Связность,92,72,1.1838496824256055,1.2332313919124342,1.1290403106949447,1.2365824288713432,0.2763242628016013,0.19558715121079093,0.0,-0.20124189731619171,0.20124189731619171
conn__global_efficiency__imcoh_delta,Связность · global efficiency · imcoh delta,conn,Связность,92,72,0.05880908194774009,0.04981331819391303,0.04580664965590095,0.0460046919084941,0.05764637617169309,0.01773039032860989,0.0,0.19999581180803505,0.19999581180803505
aper__alpha_peak_cf_hz__temporal,Апериодика · Альфа-пик cf hz · temporal,aper,Апериодика,92,72,9.932065217391305,9.644097222222221,10.125,9.75,1.504276532360271,1.4859464490921739,0.0,0.19156477833686425,0.19156477833686425
burst__mean_peak__frontal_beta,Вспышки · mean peak · frontal beta,burst,Вспышки,92,72,4.8496724511958675e-06,5.14499901697013e-06,4.471380071408854e-06,4.843615070543986e-06,1.5431150370262012e-06,1.575218698228397e-06,0.0,-0.18876484878244693,0.18876484878244693
conn__mean_strength__wpli_alpha,Связность · mean strength · wpli alpha,conn,Связность,92,72,2.0765490402018383,1.934018255727806,1.9103513172833955,1.92191043673823,0.7865204870950915,0.7092761076578779,0.0,0.18824583007253498,0.18824583007253498
conn__hub_z_max__imcoh_beta,Связность · hub z max · imcoh beta,conn,Связность,92,72,1.362757140273193,1.3255148336908809,1.3714360923735116,1.3378555172187174,0.22303531066668097,0.1595534498103499,0.0,0.1874685331589951,0.1874685331589951
conn__global_efficiency__wpli_alpha,Связность · global efficiency · wpli alpha,conn,Связность,92,72,0.5427790752941749,0.5082978214429457,0.5274074229203893,0.5045954677011693,0.18947638605712822,0.17586039472862758,0.0,0.18690177684070078,0.18690177684070078
aper__n_fit_points__central,Апериодика · n fit points · central,aper,Апериодика,92,72,61.06521739130435,61.0,61.0,61.0,0.46419841878437146,0.0,0.0,0.18658561746005403,0.18658561746005403
alpha_peak__paf_hz__occipital,Альфа-пик · paf hz · occipital,alpha_peak,Альфа-пик,92,72,6.913043478260869,7.388888888888889,6.0,6.0,2.3796397082218177,2.7809996964084887,0.0,-0.18477762994647956,0.18477762994647956
tfr__value__central_tfr_mean_beta,tfr · value · central tfr mean beta,tfr,tfr,92,72,2.6006868392115847e-10,3.1944624680842317e-09,1.4141091424807186e-10,1.737681296438445e-10,5.798306137386688e-10,2.4302581663256912e-08,0.0,-0.18147530342188337,0.18147530342188337
tfr__value__frontal_tfr_mean_delta,tfr · value · frontal tfr mean delta,tfr,tfr,92,72,4.807911294338473e-09,1.1956655532835134e-07,2.423867405994245e-09,1.6480095532698653e-09,7.523594704933335e-09,9.514081798094141e-07,0.0,-0.1813472787977919,0.1813472787977919
tfr__value__frontal_tfr_mean_beta,tfr · value · frontal tfr mean beta,tfr,tfr,92,72,3.0076444128671406e-10,3.6355025198127757e-09,2.3740881355185646e-10,2.7276144081266116e-10,2.5992143173832877e-10,2.764704544989154e-08,0.0,-0.1813419676774472,0.1813419676774472
tfr__value__temporal_tfr_alpha_cv,tfr · value · temporal tfr alpha cv,tfr,tfr,92,72,0.3366096492006925,0.44256142427166273,0.16869617096654954,0.16748594267167566,0.45796241532695875,0.7102513847586658,0.0,-0.1811564826932042,0.1811564826932042
tfr__value__frontal_tfr_mean_alpha,tfr · value · frontal tfr mean alpha,tfr,tfr,92,72,1.0697171041961675e-09,1.0119627282558031e-08,8.108569461166262e-10,7.19012982976154e-10,7.474507503065616e-10,7.545948741823381e-08,0.0,-0.18030718464403142,0.18030718464403142
tfr__value__temporal_tfr_mean_beta,tfr · value · temporal tfr mean beta,tfr,tfr,92,72,4.3307354881171165e-10,3.5770198310736966e-09,2.7728557364861396e-10,2.9730677956019433e-10,8.911249491114029e-10,2.6210261375779065e-08,0.0,-0.18021552752728162,0.18021552752728162
tfr__value__frontal_tfr_mean_theta,tfr · value · frontal tfr mean theta,tfr,tfr,92,72,1.4995353305889177e-09,5.236368071479651e-08,1.0559501202045921e-09,8.03771765303856e-10,1.4419525523143963e-09,4.260590289984346e-07,0.0,-0.1794934935197605,0.1794934935197605
conn__mean_strength__imcoh_delta,Связность · mean strength · imcoh delta,conn,Связность,92,72,0.2060131226319742,0.1764999940120059,0.16308789673902402,0.16493821531963154,0.21276881034060863,0.061383372321493,0.0,0.17851035390331926,0.17851035390331926
conn__clustering__imcoh_delta,Связность · clustering · imcoh delta,conn,Связность,92,72,0.3851071567959075,0.39818889481142783,0.3737948335113319,0.4016875168485978,0.08704285282376172,0.05015840433148662,0.0,-0.17787856931952037,0.17787856931952037
conn__modularity__coh_alpha,Связность · modularity · coh alpha,conn,Связность,92,72,0.14249320652173914,0.17252604166666666,0.0,0.1875,0.17013893438356983,0.16594975262116654,0.0,-0.1776041506835519,0.1776041506835519
tfr__value__central_tfr_mean_alpha,tfr · value · central tfr mean alpha,tfr,tfr,92,72,1.201998438585276e-09,7.952349919371815e-09,7.492473849642975e-10,5.572555430329286e-10,2.734450909510748e-09,5.753140739919551e-08,0.0,-0.17615845036079356,0.17615845036079356
tfr__value__temporal_tfr_mean_delta,tfr · value · temporal tfr mean delta,tfr,tfr,92,72,9.119682523548692e-09,1.1359127227587178e-07,2.8419610681591463e-09,1.8475220480986074e-09,3.449672323769053e-08,8.914721116962852e-07,0.0,-0.1760289137922657,0.1760289137922657
burst__mean_amp__central_alpha,Вспышки · mean amp · central alpha,burst,Вспышки,92,72,3.4553592313085135e-06,3.1474455594206433e-06,3.062025456658241e-06,2.7151350046864024e-06,1.6571876107767588e-06,1.8557258439087384e-06,0.0,0.17543748881673588,0.17543748881673588
tfr__value__central_tfr_mean_theta,tfr · value · central tfr mean theta,tfr,tfr,92,72,2.721733924041364e-09,4.233449711145408e-08,5.643545979445075e-10,4.0105834226906386e-10,1.6484197938474542e-08,3.392949471806895e-07,0.0,-0.17527167140852987,0.17527167140852987
tfr__value__temporal_tfr_mean_theta,tfr · value · temporal tfr mean theta,tfr,tfr,92,72,2.990041943263262e-09,5.4201685596718836e-08,1.1632297381630362e-09,9.140650670827035e-10,1.115522168395526e-08,4.3966943805999105e-07,0.0,-0.17505449620712465,0.17505449620712465
conn__hub_z_max__dtf_alpha,Связность · hub z max · dtf alpha,conn,Связность,92,72,1.4088681332113202,1.3757919409188228,1.451696543089724,1.3767931792987576,0.21587854596632725,0.14708896016755177,0.0,0.1743422692196532,0.1743422692196532
conn__modularity__imcoh_alpha,Связность · modularity · imcoh alpha,conn,Связность,92,72,0.09391983695652174,0.07747395833333333,0.0,0.109375,0.10201372621888205,0.0849945263810836,0.0,0.17243701265564562,0.17243701265564562
tfr__value__temporal_tfr_mean_alpha,tfr · value · temporal tfr mean alpha,tfr,tfr,92,72,1.5651436854040122e-09,9.396410797903276e-09,9.729743686041026e-10,7.364162593451872e-10,3.6948793033963756e-09,6.901092481633655e-08,0.0,-0.17030514036392885,0.17030514036392885
dfa__dfa_exp__central_beta,DFA · DFA exp · central beta,dfa,DFA,92,72,0.7311791899246189,0.7162936424191981,0.7172494137811717,0.7052158529737333,0.08426607357283734,0.09102829587611541,0.0,0.16973080430835039,0.16973080430835039
conn__global_efficiency__imcoh_beta,Связность · global efficiency · imcoh beta,conn,Связность,92,72,0.051102930145743124,0.046534148468783905,0.04454192327105435,0.03847139649492065,0.02757660113419719,0.025881183568843568,0.0,0.1693910997812889,0.1693910997812889
conn__mean_strength__imcoh_beta,Связность · mean strength · imcoh beta,conn,Связность,92,72,0.18208856277666116,0.1656459427282598,0.1566553831631829,0.13899111712550816,0.1003300699066279,0.0925046321691988,0.0,0.16876355108337224,0.16876355108337224
conn__n_hubs__pdc_delta,Связность · n hubs · pdc delta,conn,Связность,92,72,1.0054347826086956,0.9791666666666666,1.0,1.0,0.18890321403136795,0.10061431029739124,0.0,0.1671051667596157,0.1671051667596157
conn__clustering__dtf_alpha,Связность · clustering · dtf alpha,conn,Связность,92,72,0.3680811817666599,0.37918765589083275,0.37626738985687147,0.391088891802599,0.07796387686395734,0.05225307885928117,0.0,-0.16280146817569988,0.16280146817569988
conn__asymmetry__dtf_alpha,Связность · asymmetry · dtf alpha,conn,Связность,92,72,1.2322307958300376,1.2676974595230857,1.2310151630050135,1.2472004886161412,0.24311409164451014,0.19264956465619032,0.0,-0.15872519883511635,0.15872519883511635
conn__global_efficiency__imcoh_theta,Связность · global efficiency · imcoh theta,conn,Связность,92,72,0.056607365841449916,0.051017354329690755,0.04781700631273325,0.044693118460476675,0.038759774716249445,0.030538164261093986,0.0,0.15721167485542914,0.15721167485542914
conn__n_hubs__imcoh_beta,Связность · n hubs · imcoh beta,conn,Связность,92,72,0.907608695652174,0.9444444444444444,1.0,1.0,0.2766493776702074,0.1791127498303783,0.0,-0.15350234057373213,0.15350234057373213
tfr__value__central_tfr_mean_delta,tfr · value · central tfr mean delta,tfr,tfr,92,72,1.9495652537382295e-08,1.0735228968864063e-07,1.0675638080743527e-09,6.178631315526106e-10,1.697709769134735e-07,8.393944314028696e-07,0.0,-0.15339876179872677,0.15339876179872677
tfr__value__occipital_tfr_mean_beta,tfr · value · occipital tfr mean beta,tfr,tfr,92,72,9.463716857621324e-10,4.596563315774968e-09,3.0833233933520574e-10,2.329902484684429e-10,3.903756508354583e-09,3.5962137281041385e-08,0.0,-0.15146945992244754,0.15146945992244754
conn__small_worldness__coh_beta,Связность · small worldness · coh beta,conn,Связность,92,72,6.845968419260949,6.437655041446839,6.587163100861351,6.477366946778712,3.0281136015697494,2.240720157050431,0.0,0.14989768859159566,0.14989768859159566
conn__modularity__imcoh_delta,Связность · modularity · imcoh delta,conn,Связность,92,72,0.07421875,0.06076388888888889,0.0,0.0,0.1002129268564421,0.07317296505503403,0.0,0.14984613913041228,0.14984613913041228
burst__mean_peak__temporal_beta,Вспышки · mean peak · temporal beta,burst,Вспышки,92,72,4.675521203930977e-06,4.949780464061903e-06,4.3514148540358755e-06,4.3965131272384415e-06,1.7245467004377208e-06,1.976305819990672e-06,0.0,-0.14843277679664982,0.14843277679664982
tfr__value__parietal_tfr_mean_beta,tfr · value · parietal tfr mean beta,tfr,tfr,92,72,7.971424761977772e-10,3.5012716502421827e-09,2.3743816094077095e-10,1.9046320292124651e-10,4.337611217632195e-09,2.729713949734514e-08,0.0,-0.14658987658453593,0.14658987658453593
aper__alpha_peak_amp_log10__frontal,Апериодика · Альфа-пик amp log10 · frontal,aper,Апериодика,92,72,0.6142149122905692,0.5626986866604295,0.5738416673669038,0.4958463026515991,0.35159281857659747,0.35119426897398076,0.0,0.14591548126515036,0.14591548126515036
conn__n_hubs__imcoh_theta,Связность · n hubs · imcoh theta,conn,Связность,92,72,0.9619565217391305,0.9305555555555556,1.0,1.0,0.22524340499881707,0.21072570041115404,0.0,0.1427190871390234,0.1427190871390234
conn__hub_z_max__wpli_beta,Связность · hub z max · wpli beta,conn,Связность,92,72,1.1931512754502516,1.2194100896852498,1.2018171325858389,1.2219011034215728,0.20887439747589706,0.15168378995487453,0.0,-0.14053173588171766,0.14053173588171766
conn__mean_strength__imcoh_theta,Связность · mean strength · imcoh theta,conn,Связность,92,72,0.19635308296203224,0.17913466490069563,0.1637563075359872,0.1562204284566363,0.13960382311132238,0.1018606119892304,0.0,0.13768270034619853,0.13768270034619853
conn__mean_strength__coh_beta,Связность · mean strength · coh beta,conn,Связность,92,72,1.1300708681366645,1.1495549742431121,1.1403591955824963,1.1496717079156051,0.1493598167286659,0.13019739386087345,0.0,-0.1372701047936523,0.1372701047936523
burst__mean_amp__frontal_beta,Вспышки · mean amp · frontal beta,burst,Вспышки,92,72,4.085406909716119e-06,4.267408416526312e-06,3.7001793458056064e-06,3.964246096722527e-06,1.3000365592914297e-06,1.3455856090338933e-06,0.0,-0.137220559461202,0.137220559461202
conn__global_efficiency__coh_alpha,Связность · global efficiency · coh alpha,conn,Связность,92,72,0.4160003381078761,0.4250443032632638,0.4088491116985222,0.42012600846922715,0.07012865088912151,0.06196580505251496,0.0,-0.13501511989747575,0.13501511989747575
burst__mean_peak__central_alpha,Вспышки · mean peak · central alpha,burst,Вспышки,92,72,4.128760976890979e-06,3.846256274099406e-06,3.7795387881442667e-06,3.2615221274663195e-06,1.9515734116047018e-06,2.300630628828082e-06,0.0,0.13316229810345637,0.13316229810345637
tfr__value__occipital_tfr_mean_alpha,tfr · value · occipital tfr mean alpha,tfr,tfr,92,72,5.254473096463379e-09,1.3720218386881033e-08,2.211119560072685e-09,1.4790825776527259e-09,1.6790572825518175e-08,9.451338970242205e-08,0.0,-0.1320295060123759,0.1320295060123759
dfa__dfa_exp__frontal_beta,DFA · DFA exp · frontal beta,dfa,DFA,92,72,0.7078783743714758,0.6979602639500952,0.6977642961269013,0.6825747992845774,0.07642828714930043,0.07856921834465762,0.0,0.12758984216710823,0.12758984216710823
conn__small_worldness__dtf_theta,Связность · small worldness · dtf theta,conn,Связность,92,72,1.1293103656531307,1.335104560922841,0.0,1.155091659951652,1.7730723532407746,1.3687722823471595,0.0,-0.12735337388559206,0.12735337388559206
conn__small_worldness__wpli_beta,Связность · small worldness · wpli beta,conn,Связность,92,72,1.728947836699486,1.4937421900787968,1.9643284574468085,1.611956908831909,2.188052580834912,1.357864146187675,0.0,0.12518627574268898,0.12518627574268898
conn__small_worldness__plv_theta,Связность · small worldness · plv theta,conn,Связность,92,72,7.545674523422422,7.195532292479955,7.240035128805619,7.095174399547053,3.31076104028189,1.9135899353770813,0.0,0.12509433902602776,0.12509433902602776
conn__small_worldness__dtf_alpha,Связность · small worldness · dtf alpha,conn,Связность,92,72,1.4957508700603577,1.7682743177786957,0.0,1.4157786885245902,2.6830167798982387,1.4511071513976253,0.0,-0.121719277645703,0.121719277645703
conn__n_hubs__pdc_beta,Связность · n hubs · pdc beta,conn,Связность,92,72,0.9782608695652174,1.0,1.0,1.0,0.24487094019724295,0.0,0.0,-0.11790258237406172,0.11790258237406172
conn__small_worldness__coh_alpha,Связность · small worldness · coh alpha,conn,Связность,92,72,5.364821306352825,5.1011531461210335,4.983465858670776,4.5961227824463124,2.3582446192896653,2.0667450447842195,0.0,0.11741622525292482,0.11741622525292482
conn__small_worldness__wpli_alpha,Связность · small worldness · wpli alpha,conn,Связность,92,72,1.6900744026539525,1.9064660766507053,0.5912500000000002,1.625,2.086866815298899,1.4991547377214833,0.0,-0.11627613825986204,0.11627613825986204
aper__alpha_peak_amp_log10__occipital,Апериодика · Альфа-пик amp log10 · occipital,aper,Апериодика,92,72,0.9288957760867731,0.8777666883883443,0.9018259914402424,0.8198954684373412,0.4341363068330815,0.46582098458450494,0.0,0.11352259277635453,0.11352259277635453
tfr__value__parietal_tfr_mean_theta,tfr · value · parietal tfr mean theta,tfr,tfr,92,72,1.4226580908168285e-08,3.95744130606688e-08,8.729305141198336e-10,5.988932018537494e-10,8.618967483069495e-08,3.2140572052278366e-07,0.0,-0.11346244977269364,0.11346244977269364
tfr__value__parietal_tfr_mean_alpha,tfr · value · parietal tfr mean alpha,tfr,tfr,92,72,4.27467857388467e-09,9.47241475931234e-09,1.613192494085839e-09,1.0396710915184216e-09,1.7729809775578428e-08,6.613730836493573e-08,0.0,-0.11306932716202503,0.11306932716202503
conn__modularity__coh_beta,Связность · modularity · coh beta,conn,Связность,92,72,0.2758152173913043,0.2923177083333333,0.375,0.375,0.15367791627280808,0.13490767894633873,0.0,-0.11270016722043322,0.11270016722043322
conn__small_worldness__imcoh_beta,Связность · small worldness · imcoh beta,conn,Связность,92,72,1.1367990971763096,0.9624769980936791,0.0,0.0,1.873623091300292,1.17722160307574,0.0,0.10803950768089973,0.10803950768089973
conn__modularity__wpli_beta,Связность · modularity · wpli beta,conn,Связность,92,72,0.062330163043478264,0.053168402777777776,0.0,0.0,0.09376415201155319,0.07108025294716296,0.0,0.10782513398674289,0.10782513398674289
conn__graph_density__coh_delta,Связность · Графовые метрики density · coh delta,conn,Связность,92,72,0.3500000000000001,0.35000000000000003,0.35,0.35,6.139685661985387e-16,3.913049556432229e-16,0.0,0.10463382671222721,0.10463382671222721
conn__graph_density__pdc_delta,Связность · Графовые метрики density · pdc delta,conn,Связность,92,72,0.3500000000000001,0.35000000000000003,0.35,0.35,6.139685661985387e-16,3.913049556432229e-16,0.0,0.10463382671222721,0.10463382671222721
conn__graph_density__coh_theta,Связность · Графовые метрики density · coh theta,conn,Связность,92,72,0.3500000000000001,0.35000000000000003,0.35,0.35,6.139685661985387e-16,3.913049556432229e-16,0.0,0.10463382671222721,0.10463382671222721
conn__graph_density__pdc_alpha,Связность · Графовые метрики density · pdc alpha,conn,Связность,92,72,0.3500000000000001,0.35000000000000003,0.35,0.35,6.139685661985387e-16,3.913049556432229e-16,0.0,0.10463382671222721,0.10463382671222721
conn__graph_density__pdc_theta,Связность · Графовые метрики density · pdc theta,conn,Связность,92,72,0.3500000000000001,0.35000000000000003,0.35,0.35,6.139685661985387e-16,3.913049556432229e-16,0.0,0.10463382671222721,0.10463382671222721
conn__graph_density__coh_beta,Связность · Графовые метрики density · coh beta,conn,Связность,92,72,0.3500000000000001,0.35000000000000003,0.35,0.35,6.139685661985387e-16,3.913049556432229e-16,0.0,0.10463382671222721,0.10463382671222721
conn__graph_density__imcoh_beta,Связность · Графовые метрики density · imcoh beta,conn,Связность,92,72,0.3500000000000001,0.35000000000000003,0.35,0.35,6.139685661985387e-16,3.913049556432229e-16,0.0,0.10463382671222721,0.10463382671222721
conn__graph_density__imcoh_alpha,Связность · Графовые метрики density · imcoh alpha,conn,Связность,92,72,0.3500000000000001,0.35000000000000003,0.35,0.35,6.139685661985387e-16,3.913049556432229e-16,0.0,0.10463382671222721,0.10463382671222721
conn__graph_density__dtf_theta,Связность · Графовые метрики density · dtf theta,conn,Связность,92,72,0.3500000000000001,0.35000000000000003,0.35,0.35,6.139685661985387e-16,3.913049556432229e-16,0.0,0.10463382671222721,0.10463382671222721
conn__graph_density__dtf_delta,Связность · Графовые метрики density · dtf delta,conn,Связность,92,72,0.3500000000000001,0.35000000000000003,0.35,0.35,6.139685661985387e-16,3.913049556432229e-16,0.0,0.10463382671222721,0.10463382671222721
conn__graph_density__wpli_theta,Связность · Графовые метрики density · wpli theta,conn,Связность,92,72,0.3500000000000001,0.35000000000000003,0.35,0.35,6.139685661985387e-16,3.913049556432229e-16,0.0,0.10463382671222721,0.10463382671222721
conn__graph_density__plv_alpha,Связность · Графовые метрики density · plv alpha,conn,Связность,92,72,0.3500000000000001,0.35000000000000003,0.35,0.35,6.139685661985387e-16,3.913049556432229e-16,0.0,0.10463382671222721,0.10463382671222721
conn__graph_density__plv_beta,Связность · Графовые метрики density · plv beta,conn,Связность,92,72,0.3500000000000001,0.35000000000000003,0.35,0.35,6.139685661985387e-16,3.913049556432229e-16,0.0,0.10463382671222721,0.10463382671222721
conn__graph_density__plv_delta,Связность · Графовые метрики density · plv delta,conn,Связность,92,72,0.3500000000000001,0.35000000000000003,0.35,0.35,6.139685661985387e-16,3.913049556432229e-16,0.0,0.10463382671222721,0.10463382671222721
conn__graph_density__plv_theta,Связность · Графовые метрики density · plv theta,conn,Связность,92,72,0.3500000000000001,0.35000000000000003,0.35,0.35,6.139685661985387e-16,3.913049556432229e-16,0.0,0.10463382671222721,0.10463382671222721
conn__graph_density__wpli_alpha,Связность · Графовые метрики density · wpli alpha,conn,Связность,92,72,0.3500000000000001,0.35000000000000003,0.35,0.35,6.139685661985387e-16,3.913049556432229e-16,0.0,0.10463382671222721,0.10463382671222721
conn__graph_density__wpli_beta,Связность · Графовые метрики density · wpli beta,conn,Связность,92,72,0.3500000000000001,0.35000000000000003,0.35,0.35,6.139685661985387e-16,3.913049556432229e-16,0.0,0.10463382671222721,0.10463382671222721
conn__graph_density__wpli_delta,Связность · Графовые метрики density · wpli delta,conn,Связность,92,72,0.3500000000000001,0.35000000000000003,0.35,0.35,6.139685661985387e-16,3.913049556432229e-16,0.0,0.10463382671222721,0.10463382671222721
conn__graph_density__imcoh_theta,Связность · Графовые метрики density · imcoh theta,conn,Связность,92,72,0.3500000000000001,0.35000000000000003,0.35,0.35,6.139685661985387e-16,3.913049556432229e-16,0.0,0.10463382671222721,0.10463382671222721
conn__graph_density__dtf_beta,Связность · Графовые метрики density · dtf beta,conn,Связность,92,72,0.3500000000000001,0.35000000000000003,0.35,0.35,6.139685661985387e-16,3.913049556432229e-16,0.0,0.10463382671222721,0.10463382671222721
conn__graph_density__imcoh_delta,Связность · Графовые метрики density · imcoh delta,conn,Связность,92,72,0.3500000000000001,0.35000000000000003,0.35,0.35,6.139685661985387e-16,3.913049556432229e-16,0.0,0.10463382671222721,0.10463382671222721
conn__graph_density__pdc_beta,Связность · Графовые метрики density · pdc beta,conn,Связность,92,72,0.3500000000000001,0.35000000000000003,0.35,0.35,6.139685661985387e-16,3.913049556432229e-16,0.0,0.10463382671222721,0.10463382671222721
conn__graph_density__coh_alpha,Связность · Графовые метрики density · coh alpha,conn,Связность,92,72,0.3500000000000001,0.35000000000000003,0.35,0.35,6.139685661985387e-16,3.913049556432229e-16,0.0,0.10463382671222721,0.10463382671222721
conn__graph_density__dtf_alpha,Связность · Графовые метрики density · dtf alpha,conn,Связность,92,72,0.3500000000000001,0.35000000000000003,0.35,0.35,6.139685661985387e-16,3.913049556432229e-16,0.0,0.10463382671222721,0.10463382671222721
aper__alpha_peak_amp_log10__temporal,Апериодика · Альфа-пик amp log10 · temporal,aper,Апериодика,92,72,0.5669654231197929,0.535252080090365,0.5444969794699759,0.4657824950522471,0.2856314337936607,0.3272202650896852,0.0,0.10364607639812244,0.10364607639812244
conn__n_hubs__wpli_theta,Связность · n hubs · wpli theta,conn,Связность,92,72,0.8586956521739131,0.8888888888888888,1.0,1.0,0.3173212654005311,0.25484353418726935,0.0,-0.10306620600844132,0.10306620600844132
conn__small_worldness__coh_theta,Связность · small worldness · coh theta,conn,Связность,92,72,7.165777197513863,6.861661603358759,6.373551912568306,7.074390016762898,3.7392645991388034,1.7407613748871138,0.0,0.09989564303476042,0.09989564303476042
conn__n_hubs__dtf_beta,Связность · n hubs · dtf beta,conn,Связность,92,72,0.9402173913043478,0.9583333333333334,1.0,1.0,0.2075814589788818,0.13916248482654592,0.0,-0.09972820585704745,0.09972820585704745
tfr__value__occipital_tfr_mean_theta,tfr · value · occipital tfr mean theta,tfr,tfr,92,72,2.0073254724899414e-08,4.7397332564905533e-08,1.3699603677101464e-09,1.0043527781912986e-09,1.3541103249023062e-07,3.857035197412045e-07,0.0,-0.09898116055936543,0.09898116055936543
aper__alpha_peak_width_hz__frontal,Апериодика · Альфа-пик width hz · frontal,aper,Апериодика,92,72,3.5244565217391304,3.40625,3.375,3.25,1.1720531099717122,1.2160440798858205,0.0,0.09874541398928398,0.09874541398928398
conn__small_worldness__plv_alpha,Связность · small worldness · plv alpha,conn,Связность,92,72,6.322080419770328,6.024469108219593,5.562529176789226,5.957015429122469,3.589943397268523,2.147544714446554,0.0,0.0973441438228957,0.0973441438228957
conn__n_hubs__dtf_theta,Связность · n hubs · dtf theta,conn,Связность,92,72,0.9728260869565217,0.9861111111111112,1.0,1.0,0.15485069794047326,0.11785113019775802,0.0,-0.09455767169014667,0.09455767169014667
burst__rate_per_min__central_alpha,Вспышки · rate per min · central alpha,burst,Вспышки,92,72,20.573671497584538,20.209885836058806,20.902777777777775,20.51328502415459,3.9895834105786285,3.645816057522851,0.0,0.09423014288682256,0.09423014288682256
conn__small_worldness__imcoh_theta,Связность · small worldness · imcoh theta,conn,Связность,92,72,1.0930468096851105,1.2405485514125145,0.0,0.5228125,1.5876249798052584,1.544132047458786,0.0,-0.0935913256005585,0.0935913256005585
conn__clustering__imcoh_theta,Связность · clustering · imcoh theta,conn,Связность,92,72,0.38910925255623247,0.3963689458458236,0.3745901680959872,0.3954766415389731,0.08971338217900302,0.0584171618610436,0.0,-0.09315814232539292,0.09315814232539292
conn__mean_strength__wpli_beta,Связность · mean strength · wpli beta,conn,Связность,92,72,1.6231474466559812,1.567970414617098,1.4424306256894526,1.4685015591732569,0.6343316433566167,0.549255760344151,0.0,0.09175925142751674,0.09175925142751674
conn__global_efficiency__wpli_delta,Связность · global efficiency · wpli delta,conn,Связность,92,72,0.28094920050751115,0.2911494456422282,0.26222491939633424,0.280232543828244,0.13344268329242895,0.07674096775782616,0.0,-0.09050811814297026,0.09050811814297026
conn__mean_strength__plv_beta,Связность · mean strength · plv beta,conn,Связность,92,72,1.5258893131099556,1.5381361843629664,1.5131025728691716,1.522975261681419,0.14837354267570446,0.13513485650932433,0.0,-0.08541101068623999,0.08541101068623999
conn__hub_z_max__wpli_alpha,Связность · hub z max · wpli alpha,conn,Связность,92,72,1.183288212224851,1.198537996343486,1.1717384608275223,1.176312632515482,0.19707409803936884,0.16432195934275248,0.0,-0.08274635458901898,0.08274635458901898
conn__modularity__plv_alpha,Связность · modularity · plv alpha,conn,Связность,92,72,0.19870923913043478,0.212890625,0.1875,0.1875,0.1758839723812933,0.16731173193026627,0.0,-0.08198203672600325,0.08198203672600325
conn__small_worldness__plv_delta,Связность · small worldness · plv delta,conn,Связность,92,72,7.3391367528026,7.05965775292817,6.56594279661017,6.869482976040353,4.319634666906534,1.7631123951559426,0.0,0.08083227735238362,0.08083227735238362
conn__global_efficiency__wpli_beta,Связность · global efficiency · wpli beta,conn,Связность,92,72,0.43337827642116744,0.4218304221504451,0.39348886653274634,0.3884095134734214,0.15850283399860995,0.13821654841955971,0.0,0.07665420772554689,0.07665420772554689
conn__mean_strength__coh_alpha,Связность · mean strength · coh alpha,conn,Связность,92,72,1.5322032443112523,1.5531230268946166,1.5122121075390247,1.5192313422559245,0.3022219109606351,0.2744037179719808,0.0,-0.07171410751663106,0.07171410751663106
burst__mean_amp__temporal_beta,Вспышки · mean amp · temporal beta,burst,Вспышки,92,72,3.886924210807173e-06,3.995393029230543e-06,3.6668513485967158e-06,3.5231746758736384e-06,1.425067575755505e-06,1.6090536815955611e-06,0.0,-0.07157317849747502,0.07157317849747502
tfr__value__occipital_tfr_mean_delta,tfr · value · occipital tfr mean delta,tfr,tfr,92,72,1.4392175330277731e-07,8.60127359912436e-08,1.7795707816869141e-09,1.0539146971787438e-09,9.545669828748787e-07,6.9526716342378e-07,0.0,0.06775589069363432,0.06775589069363432
aper__alpha_peak_cf_hz__parietal,Апериодика · Альфа-пик cf hz · parietal,aper,Апериодика,92,72,10.394021739130435,10.487847222222221,10.375,10.25,1.246001128694926,1.5915655385984413,0.0,-0.06633165717813919,0.06633165717813919
conn__mean_strength__wpli_delta,Связность · mean strength · wpli delta,conn,Связность,92,72,1.0311373708880684,1.0585510288120317,0.9198585407026683,1.0152161966872404,0.5302649473204043,0.2852749873564634,0.0,-0.0620125335510816,0.0620125335510816
aper__alpha_peak_width_hz__temporal,Апериодика · Альфа-пик width hz · temporal,aper,Апериодика,92,72,3.688858695652174,3.6128472222222223,3.5,3.5,1.2532231200408306,1.2236950008901086,0.0,0.06099722445468159,0.06099722445468159
conn__n_hubs__imcoh_alpha,Связность · n hubs · imcoh alpha,conn,Связность,92,72,0.9891304347826086,0.9791666666666666,1.0,1.0,0.181239033310745,0.19568406557797874,0.0,0.05283543314574004,0.05283543314574004
aper__alpha_peak_cf_hz__occipital,Апериодика · Альфа-пик cf hz · occipital,aper,Апериодика,92,72,10.349184782608695,10.418402777777779,10.25,10.125,1.1892573814470628,1.552224624913984,0.0,-0.05064804875817783,0.05064804875817783
conn__global_efficiency__wpli_theta,Связность · global efficiency · wpli theta,conn,Связность,92,72,0.3032149246872364,0.30909102756561757,0.2860656348548162,0.3019343257236117,0.13403552714378822,0.0935458581178231,0.0,-0.04956127252836655,0.04956127252836655
conn__clustering__wpli_delta,Связность · clustering · wpli delta,conn,Связность,92,72,0.4529899103771749,0.4479840732354378,0.4471026728312306,0.4486653380015504,0.11859244369262661,0.0784347428251406,0.0,0.04840355081120271,0.04840355081120271
aper__alpha_peak_width_hz__central,Апериодика · Альфа-пик width hz · central,aper,Апериодика,92,72,4.148097826086956,4.083333333333333,4.0,3.75,1.23825933355581,1.4627114028021126,0.0,0.048062348816905597,0.048062348816905597
conn__clustering__imcoh_beta,Связность · clustering · imcoh beta,conn,Связность,92,72,0.4079923283855462,0.40461757272901505,0.40577759078791054,0.41362019548563833,0.0829904103058578,0.05620174843163281,0.0,0.04634599637783426,0.04634599637783426
burst__rate_per_min__frontal_alpha,Вспышки · rate per min · frontal alpha,burst,Вспышки,92,72,19.89424421561149,20.07157096638649,20.41666666666667,20.368871415356153,4.077785952121795,3.8285541256235707,0.0,-0.04445419253011053,0.04445419253011053
event__lr_index,События · lr index,event,События,92,72,-0.0025781163223007096,-0.0013918817573646018,0.0,0.0,0.03014010407509843,0.02657687091670053,0.0,-0.041236724446635106,0.041236724446635106
conn__mean_strength__wpli_theta,Связность · mean strength · wpli theta,conn,Связность,92,72,1.1121894884007084,1.1311620181516644,1.0237817422712245,1.0717219001750755,0.5250230248857172,0.363018417073132,0.0,-0.040957065660495354,0.040957065660495354
conn__n_hubs__coh_alpha,Связность · n hubs · coh alpha,conn,Связность,92,72,0.23369565217391305,0.25,0.0,0.0,0.4829572760921395,0.36579067361184653,0.0,-0.037264280384176326,0.037264280384176326
conn__mean_strength__dtf_alpha,Связность · mean strength · dtf alpha,conn,Связность,92,72,0.605304056550603,0.6086658269754561,0.6204336744696765,0.6342364015162983,0.08964412828277511,0.0932263952822148,0.0,-0.03667795046351344,0.03667795046351344
conn__n_hubs__wpli_delta,Связность · n hubs · wpli delta,conn,Связность,92,72,0.842391304347826,0.8541666666666666,1.0,1.0,0.36260161763341325,0.25780082933465076,0.0,-0.036523364738346525,0.036523364738346525
burst__rate_per_min__parietal_alpha,Вспышки · rate per min · parietal alpha,burst,Вспышки,92,72,19.554649758454108,19.71086271450963,20.208333333333336,20.404589371980677,4.451618620411153,4.109505889719071,0.0,-0.03611791198672944,0.03611791198672944
conn__clustering__wpli_beta,Связность · clustering · wpli beta,conn,Связность,92,72,0.5192317212316983,0.514767223935915,0.5036458898307299,0.5288216873122258,0.1356607848780108,0.10889252515975416,0.0,0.035653423379061404,0.035653423379061404
aper__alpha_peak_width_hz__parietal,Апериодика · Альфа-пик width hz · parietal,aper,Апериодика,92,72,4.520380434782608,4.477430555555555,4.25,4.4375,1.0889803259849218,1.3437266848434062,0.0,0.035411265598256615,0.035411265598256615
dfa__dfa_exp__temporal_beta,DFA · DFA exp · temporal beta,dfa,DFA,92,72,0.7222816403157601,0.7184356443874784,0.7128779451721099,0.6958108203410341,0.0989051298739904,0.1262926517546346,0.0,0.03426026320377261,0.03426026320377261
conn__small_worldness__imcoh_alpha,Связность · small worldness · imcoh alpha,conn,Связность,92,72,0.7328025399549112,0.6962826097062834,0.0,0.0,1.3607723610538294,1.2122771819093836,0.0,0.02800973461677727,0.02800973461677727
conn__n_hubs__dtf_delta,Связность · n hubs · dtf delta,conn,Связность,92,72,0.9945652173913043,0.9930555555555556,1.0,1.0,0.052128603514268665,0.05892556509887906,0.0,0.027216900149808362,0.027216900149808362
aper__alpha_peak_cf_hz__central,Апериодика · Альфа-пик cf hz · central,aper,Апериодика,92,72,10.25679347826087,10.215277777777779,10.25,10.25,1.3877857257575246,1.759809306428448,0.0,0.026459043472255354,0.026459043472255354
burst__rate_per_min__occipital_alpha,Вспышки · rate per min · occipital alpha,burst,Вспышки,92,72,19.50992282813396,19.617076657286166,20.41666666666667,20.132850241545896,4.634093401566369,3.9210012344388137,0.0,-0.02459786894657033,0.02459786894657033
conn__modularity__plv_beta,Связность · modularity · plv beta,conn,Связность,92,72,0.27785326086956524,0.2814670138888889,0.375,0.375,0.1562298422257645,0.1427363279895115,0.0,-0.0239058632174708,0.0239058632174708
conn__mean_strength__coh_delta,Связность · mean strength · coh delta,conn,Связность,92,72,1.3852822218245104,1.3786364260987645,1.2918411838246047,1.3436412621124083,0.3267162401016275,0.22459331923145673,0.0,0.02309091076731833,0.02309091076731833
burst__pct_time__central_beta,Вспышки · pct time · central beta,burst,Вспышки,92,72,8.18852284863986,8.160850995856585,8.069444444444445,8.00042270531401,1.3784346924097983,1.368958263227766,0.0,0.020042025077793877,0.020042025077793877
conn__clustering__wpli_theta,Связность · clustering · wpli theta,conn,Связность,92,72,0.4611502662924181,0.45919783653190077,0.45358236981722105,0.4493614450090595,0.1236946051262986,0.07912536813007864,0.0,0.018250617715485765,0.018250617715485765
conn__small_worldness__wpli_delta,Связность · small worldness · wpli delta,conn,Связность,92,72,1.6494426567642215,1.6799491044972659,1.3128260059612518,1.623548789173789,1.9012282810031613,1.3853722152076011,0.0,-0.017918841042724117,0.017918841042724117
conn__modularity__dtf_theta,Связность · modularity · dtf theta,conn,Связность,92,72,0.062330163043478264,0.06076388888888889,0.0,0.0,0.09787991735630161,0.07764179598617818,0.0,0.01740458762058316,0.01740458762058316
conn__n_hubs__dtf_alpha,Связность · n hubs · dtf alpha,conn,Связность,92,72,0.9836956521739131,0.9861111111111112,1.0,1.0,0.18826984019789664,0.11785113019775795,0.0,-0.014911192598790016,0.014911192598790016
conn__small_worldness__wpli_theta,Связность · small worldness · wpli theta,conn,Связность,92,72,1.3377611010309278,1.3630556050694567,0.0,0.9844314921090387,1.816502700049978,1.5760240876522509,0.0,-0.014678343825527069,0.014678343825527069
conn__modularity__plv_theta,Связность · modularity · plv theta,conn,Связность,92,72,0.32455842391304346,0.3229166666666667,0.375,0.375,0.11224652985881473,0.11867816581938541,0.0,0.014196427517787234,0.014196427517787234
tfr__value__parietal_tfr_mean_delta,tfr · value · parietal tfr mean delta,tfr,tfr,92,72,8.640655091319665e-08,8.064123013373275e-08,1.2908046489590862e-09,7.324023192957604e-10,5.636243974607324e-07,6.459016480083043e-07,0.0,0.009547253850713979,0.009547253850713979
aper__alpha_peak_width_hz__occipital,Апериодика · Альфа-пик width hz · occipital,aper,Апериодика,92,72,4.372282608695652,4.383680555555555,4.125,4.3125,1.1689342880607567,1.291958877669262,0.0,-0.009266030891670706,0.009266030891670706
burst__rate_per_min__temporal_alpha,Вспышки · rate per min · temporal alpha,burst,Вспышки,92,72,20.908074387947266,20.879263619908514,21.38888888888889,21.034621578099838,3.6545422982375744,3.5842186262264906,0.0,0.007913370247565353,0.007913370247565353
conn__small_worldness__imcoh_delta,Связность · small worldness · imcoh delta,conn,Связность,92,72,1.2394563872725282,1.228337224942363,0.0,1.0691495124593715,1.837753251185156,1.3565040444640388,0.0,0.006731030330368189,0.006731030330368189
conn__small_worldness__coh_delta,Связность · small worldness · coh delta,conn,Связность,92,72,6.583559122219772,6.573730216432513,6.1551912568306015,6.162805466578986,4.2232443472333605,1.9529274746504346,0.0,0.002861356367321625,0.002861356367321625
conn__mean_strength__pdc_theta,Связность · mean strength · pdc theta,conn,Связность,92,72,1.0,1.0,0.9999999999999999,0.9999999999999998,1.7726929850229664e-16,1.1636660308358576e-16,0.0,0.0,0.0
conn__mean_strength__pdc_delta,Связность · mean strength · pdc delta,conn,Связность,92,72,1.0,1.0,0.9999999999999998,0.9999999999999999,1.8838233657511572e-16,1.7330221240046254e-16,0.0,0.0,0.0
conn__mean_strength__pdc_beta,Связность · mean strength · pdc beta,conn,Связность,92,72,1.0,1.0,0.9999999999999998,0.9999999999999998,1.2695886006871896e-16,1.9229626863835638e-16,0.0,0.0,0.0
conn__mean_strength__pdc_alpha,Связность · mean strength · pdc alpha,conn,Связность,92,72,1.0,1.0,0.9999999999999998,0.9999999999999998,1.8067499648290435e-16,1.872650540067913e-16,0.0,0.0,0.0
bp__band_fmin__central_alpha,Мощность · band fmin · central alpha,bp,Мощность,92,72,8.0,8.0,8.0,8.0,0.0,0.0,0.0,,
bp__band_fmin__central_beta,Мощность · band fmin · central beta,bp,Мощность,92,72,13.0,13.0,13.0,13.0,0.0,0.0,0.0,,
bp__band_fmin__central_delta,Мощность · band fmin · central delta,bp,Мощность,92,72,1.0,1.0,1.0,1.0,0.0,0.0,0.0,,
bp__band_fmin__central_theta,Мощность · band fmin · central theta,bp,Мощность,92,72,4.0,4.0,4.0,4.0,0.0,0.0,0.0,,
bp__band_fmin__frontal_alpha,Мощность · band fmin · frontal alpha,bp,Мощность,92,72,8.0,8.0,8.0,8.0,0.0,0.0,0.0,,
bp__band_fmin__frontal_beta,Мощность · band fmin · frontal beta,bp,Мощность,92,72,13.0,13.0,13.0,13.0,0.0,0.0,0.0,,
bp__band_fmin__frontal_delta,Мощность · band fmin · frontal delta,bp,Мощность,92,72,1.0,1.0,1.0,1.0,0.0,0.0,0.0,,
bp__band_fmin__frontal_theta,Мощность · band fmin · frontal theta,bp,Мощность,92,72,4.0,4.0,4.0,4.0,0.0,0.0,0.0,,
bp__band_fmin__occipital_alpha,Мощность · band fmin · occipital alpha,bp,Мощность,92,72,8.0,8.0,8.0,8.0,0.0,0.0,0.0,,
bp__band_fmin__occipital_beta,Мощность · band fmin · occipital beta,bp,Мощность,92,72,13.0,13.0,13.0,13.0,0.0,0.0,0.0,,
bp__band_fmin__occipital_delta,Мощность · band fmin · occipital delta,bp,Мощность,92,72,1.0,1.0,1.0,1.0,0.0,0.0,0.0,,
bp__band_fmin__occipital_theta,Мощность · band fmin · occipital theta,bp,Мощность,92,72,4.0,4.0,4.0,4.0,0.0,0.0,0.0,,
bp__band_fmin__parietal_alpha,Мощность · band fmin · parietal alpha,bp,Мощность,92,72,8.0,8.0,8.0,8.0,0.0,0.0,0.0,,
bp__band_fmin__parietal_beta,Мощность · band fmin · parietal beta,bp,Мощность,92,72,13.0,13.0,13.0,13.0,0.0,0.0,0.0,,
bp__band_fmin__parietal_delta,Мощность · band fmin · parietal delta,bp,Мощность,92,72,1.0,1.0,1.0,1.0,0.0,0.0,0.0,,
bp__band_fmin__parietal_theta,Мощность · band fmin · parietal theta,bp,Мощность,92,72,4.0,4.0,4.0,4.0,0.0,0.0,0.0,,
bp__band_fmin__temporal_alpha,Мощность · band fmin · temporal alpha,bp,Мощность,92,72,8.0,8.0,8.0,8.0,0.0,0.0,0.0,,
bp__band_fmin__temporal_beta,Мощность · band fmin · temporal beta,bp,Мощность,92,72,13.0,13.0,13.0,13.0,0.0,0.0,0.0,,
bp__band_fmin__temporal_delta,Мощность · band fmin · temporal delta,bp,Мощность,92,72,1.0,1.0,1.0,1.0,0.0,0.0,0.0,,
bp__band_fmin__temporal_theta,Мощность · band fmin · temporal theta,bp,Мощность,92,72,4.0,4.0,4.0,4.0,0.0,0.0,0.0,,
bp__band_fmax__central_alpha,Мощность · band fmax · central alpha,bp,Мощность,92,72,13.0,13.0,13.0,13.0,0.0,0.0,0.0,,
bp__band_fmax__central_beta,Мощность · band fmax · central beta,bp,Мощность,92,72,30.0,30.0,30.0,30.0,0.0,0.0,0.0,,
bp__band_fmax__central_delta,Мощность · band fmax · central delta,bp,Мощность,92,72,4.0,4.0,4.0,4.0,0.0,0.0,0.0,,
bp__band_fmax__central_theta,Мощность · band fmax · central theta,bp,Мощность,92,72,8.0,8.0,8.0,8.0,0.0,0.0,0.0,,
bp__band_fmax__frontal_alpha,Мощность · band fmax · frontal alpha,bp,Мощность,92,72,13.0,13.0,13.0,13.0,0.0,0.0,0.0,,
bp__band_fmax__frontal_beta,Мощность · band fmax · frontal beta,bp,Мощность,92,72,30.0,30.0,30.0,30.0,0.0,0.0,0.0,,
bp__band_fmax__frontal_delta,Мощность · band fmax · frontal delta,bp,Мощность,92,72,4.0,4.0,4.0,4.0,0.0,0.0,0.0,,
bp__band_fmax__frontal_theta,Мощность · band fmax · frontal theta,bp,Мощность,92,72,8.0,8.0,8.0,8.0,0.0,0.0,0.0,,
bp__band_fmax__occipital_alpha,Мощность · band fmax · occipital alpha,bp,Мощность,92,72,13.0,13.0,13.0,13.0,0.0,0.0,0.0,,
bp__band_fmax__occipital_beta,Мощность · band fmax · occipital beta,bp,Мощность,92,72,30.0,30.0,30.0,30.0,0.0,0.0,0.0,,
bp__band_fmax__occipital_delta,Мощность · band fmax · occipital delta,bp,Мощность,92,72,4.0,4.0,4.0,4.0,0.0,0.0,0.0,,
bp__band_fmax__occipital_theta,Мощность · band fmax · occipital theta,bp,Мощность,92,72,8.0,8.0,8.0,8.0,0.0,0.0,0.0,,
bp__band_fmax__parietal_alpha,Мощность · band fmax · parietal alpha,bp,Мощность,92,72,13.0,13.0,13.0,13.0,0.0,0.0,0.0,,
bp__band_fmax__parietal_beta,Мощность · band fmax · parietal beta,bp,Мощность,92,72,30.0,30.0,30.0,30.0,0.0,0.0,0.0,,
bp__band_fmax__parietal_delta,Мощность · band fmax · parietal delta,bp,Мощность,92,72,4.0,4.0,4.0,4.0,0.0,0.0,0.0,,
bp__band_fmax__parietal_theta,Мощность · band fmax · parietal theta,bp,Мощность,92,72,8.0,8.0,8.0,8.0,0.0,0.0,0.0,,
bp__band_fmax__temporal_alpha,Мощность · band fmax · temporal alpha,bp,Мощность,92,72,13.0,13.0,13.0,13.0,0.0,0.0,0.0,,
bp__band_fmax__temporal_beta,Мощность · band fmax · temporal beta,bp,Мощность,92,72,30.0,30.0,30.0,30.0,0.0,0.0,0.0,,
bp__band_fmax__temporal_delta,Мощность · band fmax · temporal delta,bp,Мощность,92,72,4.0,4.0,4.0,4.0,0.0,0.0,0.0,,
bp__band_fmax__temporal_theta,Мощность · band fmax · temporal theta,bp,Мощность,92,72,8.0,8.0,8.0,8.0,0.0,0.0,0.0,,
alpha_peak__alpha_win_lo__central,Альфа-пик · alpha win lo · central,alpha_peak,Альфа-пик,92,72,6.0,6.0,6.0,6.0,0.0,0.0,0.0,,
alpha_peak__alpha_win_lo__frontal,Альфа-пик · alpha win lo · frontal,alpha_peak,Альфа-пик,92,72,6.0,6.0,6.0,6.0,0.0,0.0,0.0,,
alpha_peak__alpha_win_lo__occipital,Альфа-пик · alpha win lo · occipital,alpha_peak,Альфа-пик,92,72,6.0,6.0,6.0,6.0,0.0,0.0,0.0,,
alpha_peak__alpha_win_lo__parietal,Альфа-пик · alpha win lo · parietal,alpha_peak,Альфа-пик,92,72,6.0,6.0,6.0,6.0,0.0,0.0,0.0,,
alpha_peak__alpha_win_lo__temporal,Альфа-пик · alpha win lo · temporal,alpha_peak,Альфа-пик,92,72,6.0,6.0,6.0,6.0,0.0,0.0,0.0,,
alpha_peak__alpha_win_hi__central,Альфа-пик · alpha win hi · central,alpha_peak,Альфа-пик,92,72,14.0,14.0,14.0,14.0,0.0,0.0,0.0,,
alpha_peak__alpha_win_hi__frontal,Альфа-пик · alpha win hi · frontal,alpha_peak,Альфа-пик,92,72,14.0,14.0,14.0,14.0,0.0,0.0,0.0,,
alpha_peak__alpha_win_hi__occipital,Альфа-пик · alpha win hi · occipital,alpha_peak,Альфа-пик,92,72,14.0,14.0,14.0,14.0,0.0,0.0,0.0,,
alpha_peak__alpha_win_hi__parietal,Альфа-пик · alpha win hi · parietal,alpha_peak,Альфа-пик,92,72,14.0,14.0,14.0,14.0,0.0,0.0,0.0,,
alpha_peak__alpha_win_hi__temporal,Альфа-пик · alpha win hi · temporal,alpha_peak,Альфа-пик,92,72,14.0,14.0,14.0,14.0,0.0,0.0,0.0,,
alpha_peak__smooth_w__central,Альфа-пик · smooth w · central,alpha_peak,Альфа-пик,92,72,5.0,5.0,5.0,5.0,0.0,0.0,0.0,,
alpha_peak__smooth_w__frontal,Альфа-пик · smooth w · frontal,alpha_peak,Альфа-пик,92,72,5.0,5.0,5.0,5.0,0.0,0.0,0.0,,
alpha_peak__smooth_w__occipital,Альфа-пик · smooth w · occipital,alpha_peak,Альфа-пик,92,72,5.0,5.0,5.0,5.0,0.0,0.0,0.0,,
alpha_peak__smooth_w__parietal,Альфа-пик · smooth w · parietal,alpha_peak,Альфа-пик,92,72,5.0,5.0,5.0,5.0,0.0,0.0,0.0,,
alpha_peak__smooth_w__temporal,Альфа-пик · smooth w · temporal,alpha_peak,Альфа-пик,92,72,5.0,5.0,5.0,5.0,0.0,0.0,0.0,,
spec_shape__fmin__central,Форма спектра · fmin · central,spec_shape,Форма спектра,92,72,1.0,1.0,1.0,1.0,0.0,0.0,0.0,,
spec_shape__fmin__frontal,Форма спектра · fmin · frontal,spec_shape,Форма спектра,92,72,1.0,1.0,1.0,1.0,0.0,0.0,0.0,,
spec_shape__fmin__occipital,Форма спектра · fmin · occipital,spec_shape,Форма спектра,92,72,1.0,1.0,1.0,1.0,0.0,0.0,0.0,,
spec_shape__fmin__parietal,Форма спектра · fmin · parietal,spec_shape,Форма спектра,92,72,1.0,1.0,1.0,1.0,0.0,0.0,0.0,,
spec_shape__fmin__temporal,Форма спектра · fmin · temporal,spec_shape,Форма спектра,92,72,1.0,1.0,1.0,1.0,0.0,0.0,0.0,,
spec_shape__fmax__central,Форма спектра · fmax · central,spec_shape,Форма спектра,92,72,45.0,45.0,45.0,45.0,0.0,0.0,0.0,,
spec_shape__fmax__frontal,Форма спектра · fmax · frontal,spec_shape,Форма спектра,92,72,45.0,45.0,45.0,45.0,0.0,0.0,0.0,,
spec_shape__fmax__occipital,Форма спектра · fmax · occipital,spec_shape,Форма спектра,92,72,45.0,45.0,45.0,45.0,0.0,0.0,0.0,,
spec_shape__fmax__parietal,Форма спектра · fmax · parietal,spec_shape,Форма спектра,92,72,45.0,45.0,45.0,45.0,0.0,0.0,0.0,,
spec_shape__fmax__temporal,Форма спектра · fmax · temporal,spec_shape,Форма спектра,92,72,45.0,45.0,45.0,45.0,0.0,0.0,0.0,,
aper__fit_fmin__central,Апериодика · fit fmin · central,aper,Апериодика,92,72,2.0,2.0,2.0,2.0,0.0,0.0,0.0,,
aper__fit_fmin__frontal,Апериодика · fit fmin · frontal,aper,Апериодика,92,72,2.0,2.0,2.0,2.0,0.0,0.0,0.0,,
aper__fit_fmin__occipital,Апериодика · fit fmin · occipital,aper,Апериодика,92,72,2.0,2.0,2.0,2.0,0.0,0.0,0.0,,
aper__fit_fmin__parietal,Апериодика · fit fmin · parietal,aper,Апериодика,92,72,2.0,2.0,2.0,2.0,0.0,0.0,0.0,,
aper__fit_fmin__temporal,Апериодика · fit fmin · temporal,aper,Апериодика,92,72,2.0,2.0,2.0,2.0,0.0,0.0,0.0,,
aper__fit_fmax__central,Апериодика · fit fmax · central,aper,Апериодика,92,72,40.0,40.0,40.0,40.0,0.0,0.0,0.0,,
aper__fit_fmax__frontal,Апериодика · fit fmax · frontal,aper,Апериодика,92,72,40.0,40.0,40.0,40.0,0.0,0.0,0.0,,
aper__fit_fmax__occipital,Апериодика · fit fmax · occipital,aper,Апериодика,92,72,40.0,40.0,40.0,40.0,0.0,0.0,0.0,,
aper__fit_fmax__parietal,Апериодика · fit fmax · parietal,aper,Апериодика,92,72,40.0,40.0,40.0,40.0,0.0,0.0,0.0,,
aper__fit_fmax__temporal,Апериодика · fit fmax · temporal,aper,Апериодика,92,72,40.0,40.0,40.0,40.0,0.0,0.0,0.0,,
aper__n_fit_points__frontal,Апериодика · n fit points · frontal,aper,Апериодика,92,72,61.0,61.0,61.0,61.0,0.0,0.0,0.0,,
aper__n_fit_points__occipital,Апериодика · n fit points · occipital,aper,Апериодика,92,72,61.0,61.0,61.0,61.0,0.0,0.0,0.0,,
aper__n_fit_points__parietal,Апериодика · n fit points · parietal,aper,Апериодика,92,72,61.0,61.0,61.0,61.0,0.0,0.0,0.0,,
aper__n_fit_points__temporal,Апериодика · n fit points · temporal,aper,Апериодика,92,72,61.0,61.0,61.0,61.0,0.0,0.0,0.0,,
dfa__env_fs__central_alpha,DFA · env fs · central alpha,dfa,DFA,92,72,100.0,100.0,100.0,100.0,0.0,0.0,0.0,,
dfa__env_fs__central_beta,DFA · env fs · central beta,dfa,DFA,92,72,100.0,100.0,100.0,100.0,0.0,0.0,0.0,,
dfa__env_fs__frontal_alpha,DFA · env fs · frontal alpha,dfa,DFA,92,72,100.0,100.0,100.0,100.0,0.0,0.0,0.0,,
dfa__env_fs__frontal_beta,DFA · env fs · frontal beta,dfa,DFA,92,72,100.0,100.0,100.0,100.0,0.0,0.0,0.0,,
dfa__env_fs__occipital_alpha,DFA · env fs · occipital alpha,dfa,DFA,92,72,100.0,100.0,100.0,100.0,0.0,0.0,0.0,,
dfa__env_fs__occipital_beta,DFA · env fs · occipital beta,dfa,DFA,92,72,100.0,100.0,100.0,100.0,0.0,0.0,0.0,,
dfa__env_fs__parietal_alpha,DFA · env fs · parietal alpha,dfa,DFA,92,72,100.0,100.0,100.0,100.0,0.0,0.0,0.0,,
dfa__env_fs__parietal_beta,DFA · env fs · parietal beta,dfa,DFA,92,72,100.0,100.0,100.0,100.0,0.0,0.0,0.0,,
dfa__env_fs__temporal_alpha,DFA · env fs · temporal alpha,dfa,DFA,92,72,100.0,100.0,100.0,100.0,0.0,0.0,0.0,,
dfa__env_fs__temporal_beta,DFA · env fs · temporal beta,dfa,DFA,92,72,100.0,100.0,100.0,100.0,0.0,0.0,0.0,,
dfa__n_scales_used__central_alpha,DFA · n scales used · central alpha,dfa,DFA,92,72,18.0,18.0,18.0,18.0,0.0,0.0,0.0,,
dfa__n_scales_used__central_beta,DFA · n scales used · central beta,dfa,DFA,92,72,18.0,18.0,18.0,18.0,0.0,0.0,0.0,,
dfa__n_scales_used__frontal_alpha,DFA · n scales used · frontal alpha,dfa,DFA,92,72,18.0,18.0,18.0,18.0,0.0,0.0,0.0,,
dfa__n_scales_used__frontal_beta,DFA · n scales used · frontal beta,dfa,DFA,92,72,18.0,18.0,18.0,18.0,0.0,0.0,0.0,,
dfa__n_scales_used__occipital_alpha,DFA · n scales used · occipital alpha,dfa,DFA,92,72,18.0,18.0,18.0,18.0,0.0,0.0,0.0,,
dfa__n_scales_used__occipital_beta,DFA · n scales used · occipital beta,dfa,DFA,92,72,18.0,18.0,18.0,18.0,0.0,0.0,0.0,,
dfa__n_scales_used__parietal_alpha,DFA · n scales used · parietal alpha,dfa,DFA,92,72,18.0,18.0,18.0,18.0,0.0,0.0,0.0,,
dfa__n_scales_used__parietal_beta,DFA · n scales used · parietal beta,dfa,DFA,92,72,18.0,18.0,18.0,18.0,0.0,0.0,0.0,,
dfa__n_scales_used__temporal_alpha,DFA · n scales used · temporal alpha,dfa,DFA,92,72,18.0,18.0,18.0,18.0,0.0,0.0,0.0,,
dfa__n_scales_used__temporal_beta,DFA · n scales used · temporal beta,dfa,DFA,92,72,18.0,18.0,18.0,18.0,0.0,0.0,0.0,,
conn__n_roi_used__coh_alpha,Связность · n roi used · coh alpha,conn,Связность,92,72,5.0,5.0,5.0,5.0,0.0,0.0,0.0,,
conn__n_roi_used__coh_beta,Связность · n roi used · coh beta,conn,Связность,92,72,5.0,5.0,5.0,5.0,0.0,0.0,0.0,,
conn__n_roi_used__coh_delta,Связность · n roi used · coh delta,conn,Связность,92,72,5.0,5.0,5.0,5.0,0.0,0.0,0.0,,
conn__n_roi_used__coh_theta,Связность · n roi used · coh theta,conn,Связность,92,72,5.0,5.0,5.0,5.0,0.0,0.0,0.0,,
conn__n_roi_used__dtf_alpha,Связность · n roi used · dtf alpha,conn,Связность,92,72,5.0,5.0,5.0,5.0,0.0,0.0,0.0,,
conn__n_roi_used__dtf_beta,Связность · n roi used · dtf beta,conn,Связность,92,72,5.0,5.0,5.0,5.0,0.0,0.0,0.0,,
conn__n_roi_used__dtf_delta,Связность · n roi used · dtf delta,conn,Связность,92,72,5.0,5.0,5.0,5.0,0.0,0.0,0.0,,
conn__n_roi_used__dtf_theta,Связность · n roi used · dtf theta,conn,Связность,92,72,5.0,5.0,5.0,5.0,0.0,0.0,0.0,,
conn__n_roi_used__imcoh_alpha,Связность · n roi used · imcoh alpha,conn,Связность,92,72,5.0,5.0,5.0,5.0,0.0,0.0,0.0,,
conn__n_roi_used__imcoh_beta,Связность · n roi used · imcoh beta,conn,Связность,92,72,5.0,5.0,5.0,5.0,0.0,0.0,0.0,,
conn__n_roi_used__imcoh_delta,Связность · n roi used · imcoh delta,conn,Связность,92,72,5.0,5.0,5.0,5.0,0.0,0.0,0.0,,
conn__n_roi_used__imcoh_theta,Связность · n roi used · imcoh theta,conn,Связность,92,72,5.0,5.0,5.0,5.0,0.0,0.0,0.0,,
conn__n_roi_used__pdc_alpha,Связность · n roi used · pdc alpha,conn,Связность,92,72,5.0,5.0,5.0,5.0,0.0,0.0,0.0,,
conn__n_roi_used__pdc_beta,Связность · n roi used · pdc beta,conn,Связность,92,72,5.0,5.0,5.0,5.0,0.0,0.0,0.0,,
conn__n_roi_used__pdc_delta,Связность · n roi used · pdc delta,conn,Связность,92,72,5.0,5.0,5.0,5.0,0.0,0.0,0.0,,
conn__n_roi_used__pdc_theta,Связность · n roi used · pdc theta,conn,Связность,92,72,5.0,5.0,5.0,5.0,0.0,0.0,0.0,,
conn__n_roi_used__plv_alpha,Связность · n roi used · plv alpha,conn,Связность,92,72,5.0,5.0,5.0,5.0,0.0,0.0,0.0,,
conn__n_roi_used__plv_beta,Связность · n roi used · plv beta,conn,Связность,92,72,5.0,5.0,5.0,5.0,0.0,0.0,0.0,,
conn__n_roi_used__plv_delta,Связность · n roi used · plv delta,conn,Связность,92,72,5.0,5.0,5.0,5.0,0.0,0.0,0.0,,
conn__n_roi_used__plv_theta,Связность · n roi used · plv theta,conn,Связность,92,72,5.0,5.0,5.0,5.0,0.0,0.0,0.0,,
conn__n_roi_used__wpli_alpha,Связность · n roi used · wpli alpha,conn,Связность,92,72,5.0,5.0,5.0,5.0,0.0,0.0,0.0,,
conn__n_roi_used__wpli_beta,Связность · n roi used · wpli beta,conn,Связность,92,72,5.0,5.0,5.0,5.0,0.0,0.0,0.0,,
conn__n_roi_used__wpli_delta,Связность · n roi used · wpli delta,conn,Связность,92,72,5.0,5.0,5.0,5.0,0.0,0.0,0.0,,
conn__n_roi_used__wpli_theta,Связность · n roi used · wpli theta,conn,Связность,92,72,5.0,5.0,5.0,5.0,0.0,0.0,0.0,,
conn__asymmetry__coh_alpha,Связность · asymmetry · coh alpha,conn,Связность,92,72,0.0,0.0,0.0,0.0,0.0,0.0,0.0,,
conn__asymmetry__coh_beta,Связность · asymmetry · coh beta,conn,Связность,92,72,0.0,0.0,0.0,0.0,0.0,0.0,0.0,,
conn__asymmetry__coh_delta,Связность · asymmetry · coh delta,conn,Связность,92,72,0.0,0.0,0.0,0.0,0.0,0.0,0.0,,
conn__asymmetry__coh_theta,Связность · asymmetry · coh theta,conn,Связность,92,72,0.0,0.0,0.0,0.0,0.0,0.0,0.0,,
conn__asymmetry__imcoh_alpha,Связность · asymmetry · imcoh alpha,conn,Связность,92,72,0.0,0.0,0.0,0.0,0.0,0.0,0.0,,
conn__asymmetry__imcoh_beta,Связность · asymmetry · imcoh beta,conn,Связность,92,72,0.0,0.0,0.0,0.0,0.0,0.0,0.0,,
conn__asymmetry__imcoh_delta,Связность · asymmetry · imcoh delta,conn,Связность,92,72,0.0,0.0,0.0,0.0,0.0,0.0,0.0,,
conn__asymmetry__imcoh_theta,Связность · asymmetry · imcoh theta,conn,Связность,92,72,0.0,0.0,0.0,0.0,0.0,0.0,0.0,,
conn__asymmetry__plv_alpha,Связность · asymmetry · plv alpha,conn,Связность,92,72,0.0,0.0,0.0,0.0,0.0,0.0,0.0,,
conn__asymmetry__plv_beta,Связность · asymmetry · plv beta,conn,Связность,92,72,0.0,0.0,0.0,0.0,0.0,0.0,0.0,,
conn__asymmetry__plv_delta,Связность · asymmetry · plv delta,conn,Связность,92,72,0.0,0.0,0.0,0.0,0.0,0.0,0.0,,
conn__asymmetry__plv_theta,Связность · asymmetry · plv theta,conn,Связность,92,72,0.0,0.0,0.0,0.0,0.0,0.0,0.0,,
conn__asymmetry__wpli_alpha,Связность · asymmetry · wpli alpha,conn,Связность,92,72,0.0,0.0,0.0,0.0,0.0,0.0,0.0,,
conn__asymmetry__wpli_beta,Связность · asymmetry · wpli beta,conn,Связность,92,72,0.0,0.0,0.0,0.0,0.0,0.0,0.0,,
conn__asymmetry__wpli_delta,Связность · asymmetry · wpli delta,conn,Связность,92,72,0.0,0.0,0.0,0.0,0.0,0.0,0.0,,
conn__asymmetry__wpli_theta,Связность · asymmetry · wpli theta,conn,Связность,92,72,0.0,0.0,0.0,0.0,0.0,0.0,0.0,,
