model,model_ru,feature,feature_ru,block,block_ru,importance_mean,importance_std,feature_set,validation,n_repeats,n_train,n_test,logreg_coef,logreg_abs_coef,roc_auc_oriented,hedges_g_tbi_minus_control,abs_hedges_g,q_fdr,rank_strict,rank_in_model,importance_positive
logreg,Логистическая регрессия,event__z_peak,"Пиковая амплитуда события, z",event,Транзиентные события,0.000877192982456132,0.0025093965406642435,all_clean_features,exploratory_holdout,30,131,33,-0.7016447616205195,0.7016447616205195,0.964975845410628,-2.3302479574189605,2.3302479574189605,5.729587184044175e-22,1,1,0.000877192982456132
logreg,Логистическая регрессия,conn__asymmetry__dtf_beta,Функциональная связность · асимметрия · DTF β,conn,Функциональная связность,0.00012531328320801726,0.0006748326825982939,all_clean_features,exploratory_holdout,30,131,33,-0.43570520258328177,0.43570520258328177,0.711352657004831,-0.7839986104287673,0.7839986104287673,1.686838321294027e-05,2,2,0.00012531328320801726
logreg,Логистическая регрессия,conn__small_worldness__pdc_delta,Функциональная связность · мера маломирности · PDC δ,conn,Функциональная связность,0.00012531328320801726,0.0006748326825982939,all_clean_features,exploratory_holdout,30,131,33,0.23678985598641306,0.23678985598641306,0.6239432367149759,0.4714922902793102,0.4714922902793102,0.004870847880610348,3,3,0.00012531328320801726
logreg,Логистическая регрессия,event__propagation_ms,"Время распространения события, мс",event,Транзиентные события,0.0,0.0,all_clean_features,exploratory_holdout,30,131,33,0.4516992381558619,0.4516992381558619,0.9412741545893721,2.2034857008326165,2.2034857008326165,5.2932122026501394e-20,4,4,0.0
logreg,Логистическая регрессия,event__spike_to_slow_ratio,Транзиентные события · spike to slow ratio,event,Транзиентные события,0.0,0.0,all_clean_features,exploratory_holdout,30,131,33,0.24409455119612666,0.24409455119612666,0.9202898550724639,1.0829277517849636,1.0829277517849636,2.8943409230170134e-18,5,5,0.0
logreg,Логистическая регрессия,conn__clustering__plv_theta,Функциональная связность · кластеризация · PLV θ,conn,Функциональная связность,0.0,0.0,all_clean_features,exploratory_holdout,30,131,33,-0.22868210368335912,0.22868210368335912,0.8691123188405797,-1.3512420460605923,1.3512420460605923,4.139794683171406e-14,6,6,0.0
logreg,Логистическая регрессия,event__n_involved_ch,Число вовлечённых каналов события,event,Транзиентные события,0.0,0.0,all_clean_features,exploratory_holdout,30,131,33,0.2189816450674021,0.2189816450674021,0.8408061594202899,1.1307276973039035,1.1307276973039035,3.887498532653169e-12,7,7,0.0
logreg,Логистическая регрессия,event__line_length_uv,Транзиентные события · line length uv,event,Транзиентные события,0.0,0.0,all_clean_features,exploratory_holdout,30,131,33,0.08306116902098093,0.08306116902098093,0.8331823671497585,0.5497899025899595,0.5497899025899595,1.3276232018551686e-11,8,8,0.0
logreg,Логистическая регрессия,event__slow_peak_uv,Транзиентные события · slow peak uv,event,Транзиентные события,0.0,0.0,all_clean_features,exploratory_holdout,30,131,33,0.12091430795266556,0.12091430795266556,0.8194444444444445,1.0803857516580142,1.0803857516580142,1.0267203285724793e-10,9,9,0.0
logreg,Логистическая регрессия,event__peak_to_peak_uv,Транзиентные события · peak to peak uv,event,Транзиентные события,0.0,0.0,all_clean_features,exploratory_holdout,30,131,33,0.1054171407532542,0.1054171407532542,0.8159722222222223,0.9720211555015174,0.9720211555015174,1.5444586928952428e-10,10,10,0.0
logreg,Логистическая регрессия,conn__hub_z_max__plv_delta,Функциональная связность · максимальный hub z-score · PLV δ,conn,Функциональная связность,0.0,0.0,all_clean_features,exploratory_holdout,30,131,33,-0.15702961654229272,0.15702961654229272,0.8132548309178744,-1.129118548691132,1.129118548691132,2.0895719811778526e-10,11,11,0.0
logreg,Логистическая регрессия,aper__aperiodic_intercept_log10__parietal,Апериодический компонент · aperiodic intercept log10 · теменная область,aper,Апериодический компонент,0.0,0.0,all_clean_features,exploratory_holdout,30,131,33,0.13063571786962203,0.13063571786962203,0.8057065217391304,1.1420608092640874,1.1420608092640874,5.515340082025495e-10,12,12,0.0
logreg,Логистическая регрессия,aper__aperiodic_intercept_log10__temporal,Апериодический компонент · aperiodic intercept log10 · височная область,aper,Апериодический компонент,0.0,0.0,all_clean_features,exploratory_holdout,30,131,33,0.07593555072968425,0.07593555072968425,0.8055555555555556,1.1375749353435916,1.1375749353435916,5.515340082025495e-10,13,13,0.0
logreg,Логистическая регрессия,burst__pct_time__occipital_alpha,Ритмические эпизоды · pct time · затылочная область α,burst,Ритмические эпизоды,0.0,0.0,all_clean_features,exploratory_holdout,30,131,33,0.23180716717568287,0.23180716717568287,0.8020833333333333,0.9997637822086023,0.9997637822086023,8.495781504125879e-10,14,14,0.0
logreg,Логистическая регрессия,aper__aperiodic_intercept_log10__frontal,Апериодический компонент · aperiodic intercept log10 · лобная область,aper,Апериодический компонент,0.0,0.0,all_clean_features,exploratory_holdout,30,131,33,0.1444762895404557,0.1444762895404557,0.7964975845410628,1.1285406098796067,1.1285406098796067,1.7860226937951565e-09,15,15,0.0
logreg,Логистическая регрессия,conn__hub_z_max__dtf_delta,Функциональная связность · максимальный hub z-score · DTF δ,conn,Функциональная связность,0.0,0.0,all_clean_features,exploratory_holdout,30,131,33,0.18942809908912642,0.18942809908912642,0.7916666666666666,1.1237997120696217,1.1237997120696217,3.3395639929717363e-09,16,16,0.0
logreg,Логистическая регрессия,conn__clustering__coh_theta,Функциональная связность · кластеризация · coherence θ,conn,Функциональная связность,0.0,0.0,all_clean_features,exploratory_holdout,30,131,33,-0.06285077833995603,0.06285077833995603,0.7823067632850241,-0.6759977867116944,0.6759977867116944,1.0565348576228296e-08,17,17,0.0
logreg,Логистическая регрессия,spec_shape__spectral_entropy_norm__frontal,Интегральные спектральные характеристики · спектральная энтропия norm · лобная область,spec_shape,Интегральные спектральные характеристики,0.0,0.0,all_clean_features,exploratory_holdout,30,131,33,-0.049894037716218566,0.049894037716218566,0.7821557971014492,-1.045041959178796,1.045041959178796,1.0565348576228296e-08,18,18,0.0
logreg,Логистическая регрессия,spec_shape__spectral_entropy_raw__frontal,Интегральные спектральные характеристики · спектральная энтропия · лобная область,spec_shape,Интегральные спектральные характеристики,0.0,0.0,all_clean_features,exploratory_holdout,30,131,33,-0.04989403771621765,0.04989403771621765,0.7821557971014492,-1.0450419591787885,1.0450419591787885,1.0565348576228296e-08,19,19,0.0
logreg,Логистическая регрессия,conn__clustering__pdc_beta,Функциональная связность · кластеризация · PDC β,conn,Функциональная связность,0.0,0.0,all_clean_features,exploratory_holdout,30,131,33,0.3534066875535061,0.3534066875535061,0.7777777777777778,1.067154377275833,1.067154377275833,1.7677359688023226e-08,20,20,0.0
logreg,Логистическая регрессия,dfa__dfa_exp__frontal_alpha,Долговременные корреляции · dfa exp · лобная область α,dfa,Долговременные корреляции,0.0,0.0,all_clean_features,exploratory_holdout,30,131,33,0.1221014172093764,0.1221014172093764,0.7776268115942029,1.042285237626885,1.042285237626885,1.7677359688023226e-08,21,21,0.0
logreg,Логистическая регрессия,dfa__dfa_exp__occipital_alpha,Долговременные корреляции · dfa exp · затылочная область α,dfa,Долговременные корреляции,0.0,0.0,all_clean_features,exploratory_holdout,30,131,33,0.19360333325927018,0.19360333325927018,0.7768719806763286,1.0969821672769275,1.0969821672769275,1.8622578989888503e-08,22,22,0.0
logreg,Логистическая регрессия,conn__hub_z_max__plv_beta,Функциональная связность · максимальный hub z-score · PLV β,conn,Функциональная связность,0.0,0.0,all_clean_features,exploratory_holdout,30,131,33,-0.2478008299119807,0.2478008299119807,0.776268115942029,-1.066771737493484,1.066771737493484,1.8707026878628353e-08,23,23,0.0
logreg,Логистическая регрессия,aper__aperiodic_exponent__frontal,Апериодический компонент · экспонента 1/f · лобная область,aper,Апериодический компонент,0.0,0.0,all_clean_features,exploratory_holdout,30,131,33,0.173338025657065,0.173338025657065,0.7758152173913043,0.9693323545586681,0.9693323545586681,1.8707026878628353e-08,24,24,0.0
logreg,Логистическая регрессия,aper__aperiodic_slope__frontal,Апериодический компонент · наклон 1/f · лобная область,aper,Апериодический компонент,0.0,0.0,all_clean_features,exploratory_holdout,30,131,33,-0.173338025657065,0.173338025657065,0.7758152173913043,-0.9693323545586681,0.9693323545586681,1.8707026878628353e-08,25,25,0.0
logreg,Логистическая регрессия,aper__aperiodic_intercept_log10__central,Апериодический компонент · aperiodic intercept log10 · центральная область,aper,Апериодический компонент,0.0,0.0,all_clean_features,exploratory_holdout,30,131,33,0.11943832785060221,0.11943832785060221,0.7743055555555556,1.0490147568707586,1.0490147568707586,2.2011209754442993e-08,26,26,0.0
logreg,Логистическая регрессия,spec_shape__spectral_entropy_raw__central,Интегральные спектральные характеристики · спектральная энтропия · центральная область,spec_shape,Интегральные спектральные характеристики,0.0,0.0,all_clean_features,exploratory_holdout,30,131,33,-0.052400677342211495,0.052400677342211495,0.7732487922705313,-1.0081510450692717,1.0081510450692717,2.3441782877667187e-08,27,27,0.0
logreg,Логистическая регрессия,spec_shape__spectral_entropy_norm__central,Интегральные спектральные характеристики · спектральная энтропия norm · центральная область,spec_shape,Интегральные спектральные характеристики,0.0,0.0,all_clean_features,exploratory_holdout,30,131,33,-0.052400677342212015,0.052400677342212015,0.7732487922705313,-1.0081510450692663,1.0081510450692663,2.3441782877667187e-08,28,28,0.0
logreg,Логистическая регрессия,dfa__dfa_exp__parietal_alpha,Долговременные корреляции · dfa exp · теменная область α,dfa,Долговременные корреляции,0.0,0.0,all_clean_features,exploratory_holdout,30,131,33,0.1750608565798002,0.1750608565798002,0.7715881642512078,1.0199965450147548,1.0199965450147548,2.8231835211831212e-08,29,29,0.0
logreg,Логистическая регрессия,conn__global_efficiency__plv_theta,Функциональная связность · глобальная эффективность · PLV θ,conn,Функциональная связность,0.0,0.0,all_clean_features,exploratory_holdout,30,131,33,-0.16523262790170498,0.16523262790170498,0.7697765700483092,-0.9378487017738449,0.9378487017738449,3.469544755493704e-08,30,30,0.0
logreg,Логистическая регрессия,aper__aperiodic_exponent__parietal,Апериодический компонент · экспонента 1/f · теменная область,aper,Апериодический компонент,0.0,0.0,all_clean_features,exploratory_holdout,30,131,33,0.011166359374353075,0.011166359374353075,0.7673611111111112,0.9890745135324296,0.9890745135324296,4.463795683076409e-08,31,31,0.0
logreg,Логистическая регрессия,aper__aperiodic_slope__parietal,Апериодический компонент · наклон 1/f · теменная область,aper,Апериодический компонент,0.0,0.0,all_clean_features,exploratory_holdout,30,131,33,-0.011166359374353075,0.011166359374353075,0.7673611111111112,-0.9890745135324296,0.9890745135324296,4.463795683076409e-08,32,32,0.0
logreg,Логистическая регрессия,conn__global_efficiency__pdc_beta,Функциональная связность · глобальная эффективность · PDC β,conn,Функциональная связность,0.0,0.0,all_clean_features,exploratory_holdout,30,131,33,-0.28370723194239844,0.28370723194239844,0.7604166666666666,-0.9503946936191081,0.9503946936191081,1.03706992272243e-07,33,33,0.0
logreg,Логистическая регрессия,conn__hub_z_max__coh_delta,Функциональная связность · максимальный hub z-score · coherence δ,conn,Функциональная связность,0.0,0.0,all_clean_features,exploratory_holdout,30,131,33,-0.09881070793925507,0.09881070793925507,0.7586050724637682,-0.9479797066387464,0.9479797066387464,1.2695350882579458e-07,34,34,0.0
logreg,Логистическая регрессия,burst__pct_time__frontal_alpha,Ритмические эпизоды · pct time · лобная область α,burst,Ритмические эпизоды,0.0,0.0,all_clean_features,exploratory_holdout,30,131,33,0.19130135927517022,0.19130135927517022,0.7580012077294687,0.951274927971627,0.951274927971627,1.3312058525082866e-07,35,35,0.0
logreg,Логистическая регрессия,aper__aperiodic_exponent__temporal,Апериодический компонент · экспонента 1/f · височная область,aper,Апериодический компонент,0.0,0.0,all_clean_features,exploratory_holdout,30,131,33,0.01993909503333305,0.01993909503333305,0.7570954106280193,0.9890803146166957,0.9890803146166957,1.411494995852662e-07,36,36,0.0
logreg,Логистическая регрессия,aper__aperiodic_slope__temporal,Апериодический компонент · наклон 1/f · височная область,aper,Апериодический компонент,0.0,0.0,all_clean_features,exploratory_holdout,30,131,33,-0.01993909503333305,0.01993909503333305,0.7570954106280193,-0.9890803146166957,0.9890803146166957,1.411494995852662e-07,37,37,0.0
logreg,Логистическая регрессия,spec_shape__sef95_hz__frontal,Интегральные спектральные характеристики · SEF95 hz · лобная область,spec_shape,Интегральные спектральные характеристики,0.0,0.0,all_clean_features,exploratory_holdout,30,131,33,-0.1196198594470452,0.1196198594470452,0.7543780193236715,-0.9746918387024786,0.9746918387024786,1.9386187668045674e-07,38,38,0.0
logreg,Логистическая регрессия,burst__pct_time__parietal_alpha,Ритмические эпизоды · pct time · теменная область α,burst,Ритмические эпизоды,0.0,0.0,all_clean_features,exploratory_holdout,30,131,33,0.19200962235171531,0.19200962235171531,0.7540760869565218,0.9235073241276345,0.9235073241276345,1.9472268124562714e-07,39,39,0.0
logreg,Логистическая регрессия,burst__pct_time__central_alpha,Ритмические эпизоды · pct time · центральная область α,burst,Ритмические эпизоды,0.0,0.0,all_clean_features,exploratory_holdout,30,131,33,0.21523729787363122,0.21523729787363122,0.7539251207729469,0.9933777521342236,0.9933777521342236,1.9472268124562714e-07,40,40,0.0
logreg,Логистическая регрессия,conn__clustering__plv_delta,Функциональная связность · кластеризация · PLV δ,conn,Функциональная связность,0.0,0.0,all_clean_features,exploratory_holdout,30,131,33,-0.0036140478736930125,0.0036140478736930125,0.751358695652174,-0.8560275978972943,0.8560275978972943,2.555610097778762e-07,41,41,0.0
logreg,Логистическая регрессия,event__slope_rise_uvs,Транзиентные события · slope rise uvs,event,Транзиентные события,0.0,0.0,all_clean_features,exploratory_holdout,30,131,33,0.08095672787832893,0.08095672787832893,0.7468297101449275,0.5935143413376659,0.5935143413376659,4.3694718312121074e-07,42,42,0.0
logreg,Логистическая регрессия,spec_shape__spectral_entropy_norm__temporal,Интегральные спектральные характеристики · спектральная энтропия norm · височная область,spec_shape,Интегральные спектральные характеристики,0.0,0.0,all_clean_features,exploratory_holdout,30,131,33,0.11848046732489796,0.11848046732489796,0.742451690821256,-0.8410157663110327,0.8410157663110327,7.104759709903698e-07,43,43,0.0
logreg,Логистическая регрессия,spec_shape__spectral_entropy_raw__temporal,Интегральные спектральные характеристики · спектральная энтропия · височная область,spec_shape,Интегральные спектральные характеристики,0.0,0.0,all_clean_features,exploratory_holdout,30,131,33,0.11848046732489753,0.11848046732489753,0.742451690821256,-0.8410157663110321,0.8410157663110321,7.104759709903698e-07,44,44,0.0
logreg,Логистическая регрессия,event__slope_fall_uvs,Транзиентные события · slope fall uvs,event,Транзиентные события,0.0,0.0,all_clean_features,exploratory_holdout,30,131,33,-0.0989537364662509,0.0989537364662509,0.7404891304347826,-0.5579543084276651,0.5579543084276651,8.79473730321795e-07,45,45,0.0
logreg,Логистическая регрессия,conn__mean_strength__plv_theta,Функциональная связность · mean strength · PLV θ,conn,Функциональная связность,0.0,0.0,all_clean_features,exploratory_holdout,30,131,33,-0.09890250376409526,0.09890250376409526,0.7361111111111112,-0.7592799904636308,0.7592799904636308,1.4466585547147826e-06,46,46,0.0
logreg,Логистическая регрессия,aper__aperiodic_intercept_log10__occipital,Апериодический компонент · aperiodic intercept log10 · затылочная область,aper,Апериодический компонент,0.0,0.0,all_clean_features,exploratory_holdout,30,131,33,0.04492754237440588,0.04492754237440588,0.7356582125603865,0.8614408481124481,0.8614408481124481,1.4933142530569576e-06,47,47,0.0
logreg,Логистическая регрессия,aper__aperiodic_exponent__central,Апериодический компонент · экспонента 1/f · центральная область,aper,Апериодический компонент,0.0,0.0,all_clean_features,exploratory_holdout,30,131,33,0.09655774510671421,0.09655774510671421,0.7339975845410628,0.9095961341514031,0.9095961341514031,1.7397610555729624e-06,48,48,0.0
logreg,Логистическая регрессия,aper__aperiodic_slope__central,Апериодический компонент · наклон 1/f · центральная область,aper,Апериодический компонент,0.0,0.0,all_clean_features,exploratory_holdout,30,131,33,-0.09655774510671421,0.09655774510671421,0.7339975845410628,-0.9095961341514031,0.9095961341514031,1.7397610555729624e-06,49,49,0.0
logreg,Логистическая регрессия,conn__asymmetry__pdc_beta,Функциональная связность · асимметрия · PDC β,conn,Функциональная связность,0.0,0.0,all_clean_features,exploratory_holdout,30,131,33,-0.21000916488896848,0.21000916488896848,0.7311292270531401,-0.8548326794879458,0.8548326794879458,2.331547447303809e-06,50,50,0.0
logreg,Логистическая регрессия,conn__n_hubs__plv_delta,Функциональная связность · n hubs · PLV δ,conn,Функциональная связность,0.0,0.0,all_clean_features,exploratory_holdout,30,131,33,-0.05976474747255861,0.05976474747255861,0.7298460144927537,-0.9662551376690595,0.9662551376690595,2.3225237482741015e-07,51,51,0.0
logreg,Логистическая регрессия,event__auc_abs_uvs,Транзиентные события · auc abs uvs,event,Транзиентные события,0.0,0.0,all_clean_features,exploratory_holdout,30,131,33,-0.05076136258410101,0.05076136258410101,0.7297705314009663,0.6729617247212687,0.6729617247212687,2.6735628200454034e-06,52,52,0.0
logreg,Логистическая регрессия,event__sharpness_uv,Транзиентные события · sharpness uv,event,Транзиентные события,0.0,0.0,all_clean_features,exploratory_holdout,30,131,33,0.11959615138773273,0.11959615138773273,0.7294685990338163,0.5980659462960258,0.5980659462960258,2.7155099153961007e-06,53,53,0.0
logreg,Логистическая регрессия,conn__global_efficiency__pdc_alpha,Функциональная связность · глобальная эффективность · PDC α,conn,Функциональная связность,0.0,0.0,all_clean_features,exploratory_holdout,30,131,33,-0.1732430300364377,0.1732430300364377,0.728713768115942,-0.9096515882681813,0.9096515882681813,2.9056049884386746e-06,54,54,0.0
logreg,Логистическая регрессия,spec_shape__sef95_hz__temporal,Интегральные спектральные характеристики · SEF95 hz · височная область,spec_shape,Интегральные спектральные характеристики,0.0,0.0,all_clean_features,exploratory_holdout,30,131,33,0.1328002438314973,0.1328002438314973,0.7252415458937198,-0.832347289726649,0.832347289726649,4.229573812176755e-06,55,55,0.0
logreg,Логистическая регрессия,spec_shape__sef95_hz__central,Интегральные спектральные характеристики · SEF95 hz · центральная область,spec_shape,Интегральные спектральные характеристики,0.0,0.0,all_clean_features,exploratory_holdout,30,131,33,-0.07940200688188813,0.07940200688188813,0.7241847826086956,-0.9033915499490599,0.9033915499490599,4.677776704143436e-06,56,56,0.0
logreg,Логистическая регрессия,conn__n_hubs__coh_delta,Функциональная связность · n hubs · coherence δ,conn,Функциональная связность,0.0,0.0,all_clean_features,exploratory_holdout,30,131,33,-0.07394469227062889,0.07394469227062889,0.7225241545893719,-0.9643291397142586,0.9643291397142586,8.246249087315795e-08,57,57,0.0
logreg,Логистическая регрессия,conn__hub_z_max__pdc_alpha,Функциональная связность · максимальный hub z-score · PDC α,conn,Функциональная связность,0.0,0.0,all_clean_features,exploratory_holdout,30,131,33,-0.10860776929675924,0.10860776929675924,0.7178442028985508,-0.7888993830744875,0.7888993830744875,9.108969507995556e-06,58,58,0.0
logreg,Логистическая регрессия,alpha_peak__alpha_peak_db__parietal,"Параметры альфа-ритма · выраженность альфа-пика, дБ · теменная область",alpha_peak,Параметры альфа-ритма,0.0,0.0,all_clean_features,exploratory_holdout,30,131,33,0.15382277115495663,0.15382277115495663,0.7140700483091786,0.7342473181696393,0.7342473181696393,1.3475427860974302e-05,59,59,0.0
logreg,Логистическая регрессия,dfa__dfa_exp__central_alpha,Долговременные корреляции · dfa exp · центральная область α,dfa,Долговременные корреляции,0.0,0.0,all_clean_features,exploratory_holdout,30,131,33,0.14549348742461715,0.14549348742461715,0.712409420289855,0.8017442787829143,0.8017442787829143,1.58282191410198e-05,60,60,0.0
logreg,Логистическая регрессия,conn__hub_z_max__plv_theta,Функциональная связность · максимальный hub z-score · PLV θ,conn,Функциональная связность,0.0,0.0,all_clean_features,exploratory_holdout,30,131,33,-0.17422776009884963,0.17422776009884963,0.7118055555555556,-0.8200868154459982,0.8200868154459982,1.6335123789945015e-05,61,61,0.0
logreg,Логистическая регрессия,conn__global_efficiency__plv_delta,Функциональная связность · глобальная эффективность · PLV δ,conn,Функциональная связность,0.0,0.0,all_clean_features,exploratory_holdout,30,131,33,-0.10917560025712529,0.10917560025712529,0.7118055555555556,-0.7588676551431861,0.7588676551431861,1.6335123789945015e-05,62,62,0.0
logreg,Логистическая регрессия,conn__clustering__plv_alpha,Функциональная связность · кластеризация · PLV α,conn,Функциональная связность,0.0,0.0,all_clean_features,exploratory_holdout,30,131,33,-0.06020277743273996,0.06020277743273996,0.7089371980676329,-0.7625490190397487,0.7625490190397487,2.1429017980673443e-05,63,63,0.0
logreg,Логистическая регрессия,conn__clustering__coh_beta,Функциональная связность · кластеризация · coherence β,conn,Функциональная связность,0.0,0.0,all_clean_features,exploratory_holdout,30,131,33,-0.12682343445523195,0.12682343445523195,0.7081823671497585,-0.6260046939048262,0.6260046939048262,2.2837208517802385e-05,64,64,0.0
logreg,Логистическая регрессия,conn__global_efficiency__pdc_theta,Функциональная связность · глобальная эффективность · PDC θ,conn,Функциональная связность,0.0,0.0,all_clean_features,exploratory_holdout,30,131,33,-0.08743111417978383,0.08743111417978383,0.7066727053140096,-0.7381213535840112,0.7381213535840112,2.6327541888808928e-05,65,65,0.0
logreg,Логистическая регрессия,burst__rate_per_min__parietal_beta,Ритмические эпизоды · rate per min · теменная область β,burst,Ритмические эпизоды,0.0,0.0,all_clean_features,exploratory_holdout,30,131,33,0.12762461086262356,0.12762461086262356,0.7048611111111113,0.7469014001846134,0.7469014001846134,3.1253873136849714e-05,66,66,0.0
logreg,Логистическая регрессия,conn__clustering__pdc_theta,Функциональная связность · кластеризация · PDC θ,conn,Функциональная связность,0.0,0.0,all_clean_features,exploratory_holdout,30,131,33,0.05912508616752807,0.05912508616752807,0.7032004830917875,0.7278333162608164,0.7278333162608164,3.656297826240317e-05,67,67,0.0
logreg,Логистическая регрессия,conn__clustering__pdc_delta,Функциональная связность · кластеризация · PDC δ,conn,Функциональная связность,0.0,0.0,all_clean_features,exploratory_holdout,30,131,33,0.12267092921926137,0.12267092921926137,0.7027475845410629,0.731526152725907,0.731526152725907,3.774131472445813e-05,68,68,0.0
logreg,Логистическая регрессия,conn__hub_z_max__pdc_beta,Функциональная связность · максимальный hub z-score · PDC β,conn,Функциональная связность,0.0,0.0,all_clean_features,exploratory_holdout,30,131,33,-0.24335516892942397,0.24335516892942397,0.7004830917874396,-0.759152883308247,0.759152883308247,4.6830427518196595e-05,69,69,0.0
logreg,Логистическая регрессия,conn__n_hubs__plv_beta,Функциональная связность · n hubs · PLV β,conn,Функциональная связность,0.0,0.0,all_clean_features,exploratory_holdout,30,131,33,-0.12218214999741166,0.12218214999741166,0.7003321256038647,-0.7873692003314003,0.7873692003314003,7.0849336275301865e-06,70,70,0.0
logreg,Логистическая регрессия,spec_shape__spectral_entropy_raw__parietal,Интегральные спектральные характеристики · спектральная энтропия · теменная область,spec_shape,Интегральные спектральные характеристики,0.0,0.0,all_clean_features,exploratory_holdout,30,131,33,-0.010944172172756294,0.010944172172756294,0.6997282608695652,-0.7483586790795292,0.7483586790795292,4.913430594248742e-05,71,71,0.0
logreg,Логистическая регрессия,spec_shape__spectral_entropy_norm__parietal,Интегральные спектральные характеристики · спектральная энтропия norm · теменная область,spec_shape,Интегральные спектральные характеристики,0.0,0.0,all_clean_features,exploratory_holdout,30,131,33,-0.010944172172755883,0.010944172172755883,0.6997282608695652,-0.7483586790795274,0.7483586790795274,4.913430594248742e-05,72,72,0.0
logreg,Логистическая регрессия,alpha_peak__alpha_peak_db__occipital,"Параметры альфа-ритма · выраженность альфа-пика, дБ · затылочная область",alpha_peak,Параметры альфа-ритма,0.0,0.0,all_clean_features,exploratory_holdout,30,131,33,0.04702634651523839,0.04702634651523839,0.6953502415458938,0.6848100466600096,0.6848100466600096,7.300122197288827e-05,73,73,0.0
logreg,Логистическая регрессия,conn__global_efficiency__coh_theta,Функциональная связность · глобальная эффективность · coherence θ,conn,Функциональная связность,0.0,0.0,all_clean_features,exploratory_holdout,30,131,33,0.040678428949200256,0.040678428949200256,0.6953502415458936,-0.5173496706386319,0.5173496706386319,7.300122197288827e-05,74,74,0.0
logreg,Логистическая регрессия,burst__rate_per_min__temporal_beta,Ритмические эпизоды · rate per min · височная область β,burst,Ритмические эпизоды,0.0,0.0,all_clean_features,exploratory_holdout,30,131,33,0.10496882098722154,0.10496882098722154,0.6925573671497585,0.6829507703346366,0.6829507703346366,9.467651168955493e-05,75,75,0.0
logreg,Логистическая регрессия,conn__clustering__pdc_alpha,Функциональная связность · кластеризация · PDC α,conn,Функциональная связность,0.0,0.0,all_clean_features,exploratory_holdout,30,131,33,0.08107011484654868,0.08107011484654868,0.6917270531400965,0.7060071018433022,0.7060071018433022,0.00010138334358552302,76,76,0.0
logreg,Логистическая регрессия,burst__rate_per_min__frontal_beta,Ритмические эпизоды · rate per min · лобная область β,burst,Ритмические эпизоды,0.0,0.0,all_clean_features,exploratory_holdout,30,131,33,0.143419733378538,0.143419733378538,0.6911986714975845,0.6772754937316076,0.6772754937316076,0.00010522898470681666,77,77,0.0
logreg,Логистическая регрессия,spec_shape__sef95_hz__parietal,Интегральные спектральные характеристики · SEF95 hz · теменная область,spec_shape,Интегральные спектральные характеристики,0.0,0.0,all_clean_features,exploratory_holdout,30,131,33,0.0013887043108889326,0.0013887043108889326,0.6909722222222222,-0.756622026328052,0.756622026328052,0.00010631546114735285,78,78,0.0
logreg,Логистическая регрессия,conn__clustering__coh_delta,Функциональная связность · кластеризация · coherence δ,conn,Функциональная связность,0.0,0.0,all_clean_features,exploratory_holdout,30,131,33,-0.1425067993556919,0.1425067993556919,0.6873490338164252,-0.3243590535632492,0.3243590535632492,0.00014860195174898515,79,79,0.0
logreg,Логистическая регрессия,alpha_peak__alpha_peak_db__temporal,"Параметры альфа-ритма · выраженность альфа-пика, дБ · височная область",alpha_peak,Параметры альфа-ритма,0.0,0.0,all_clean_features,exploratory_holdout,30,131,33,0.04902291424295056,0.04902291424295056,0.6870471014492754,0.6155726230900066,0.6155726230900066,0.00015103766176281655,80,80,0.0
logreg,Логистическая регрессия,burst__pct_time__temporal_alpha,Ритмические эпизоды · pct time · височная область α,burst,Ритмические эпизоды,0.0,0.0,all_clean_features,exploratory_holdout,30,131,33,0.14992405494537625,0.14992405494537625,0.6856884057971013,0.6745289720101295,0.6745289720101295,0.00016965896609009106,81,81,0.0
logreg,Логистическая регрессия,burst__rate_per_min__occipital_beta,Ритмические эпизоды · rate per min · затылочная область β,burst,Ритмические эпизоды,0.0,0.0,all_clean_features,exploratory_holdout,30,131,33,0.03385724528730549,0.03385724528730549,0.6831974637681159,0.6283257107284206,0.6283257107284206,0.00021154845162415305,82,82,0.0
logreg,Логистическая регрессия,burst__mean_amp__parietal_alpha,Ритмические эпизоды · mean amp · теменная область α,burst,Ритмические эпизоды,0.0,0.0,all_clean_features,exploratory_holdout,30,131,33,0.19062120178705566,0.19062120178705566,0.6796497584541064,0.5999834756548323,0.5999834756548323,0.00029024992383830026,83,83,0.0
logreg,Логистическая регрессия,conn__global_efficiency__dtf_delta,Функциональная связность · глобальная эффективность · DTF δ,conn,Функциональная связность,0.0,0.0,all_clean_features,exploratory_holdout,30,131,33,0.09639695074111407,0.09639695074111407,0.6784420289855072,0.7063958136276363,0.7063958136276363,0.0003202515167766284,84,84,0.0
logreg,Логистическая регрессия,conn__clustering__plv_beta,Функциональная связность · кластеризация · PLV β,conn,Функциональная связность,0.0,0.0,all_clean_features,exploratory_holdout,30,131,33,-0.00927593704936155,0.00927593704936155,0.6779891304347826,-0.5645545739450836,0.5645545739450836,0.00032982517362443987,85,85,0.0
logreg,Логистическая регрессия,conn__hub_z_max__plv_alpha,Функциональная связность · максимальный hub z-score · PLV α,conn,Функциональная связность,0.0,0.0,all_clean_features,exploratory_holdout,30,131,33,-0.1392851961590865,0.1392851961590865,0.6770833333333333,-0.6960530067314463,0.6960530067314463,0.00035390341692435645,86,86,0.0
logreg,Логистическая регрессия,dfa__dfa_exp__temporal_alpha,Долговременные корреляции · dfa exp · височная область α,dfa,Долговременные корреляции,0.0,0.0,all_clean_features,exploratory_holdout,30,131,33,-0.014058930328081982,0.014058930328081982,0.6769323671497585,0.5709800373884085,0.5709800373884085,0.00035468467106014237,87,87,0.0
logreg,Логистическая регрессия,event__spread_rois,Транзиентные события · spread rois,event,Транзиентные события,0.0,0.0,all_clean_features,exploratory_holdout,30,131,33,0.060705097675266946,0.060705097675266946,0.673762077294686,0.7844654110686076,0.7844654110686076,1.9338518973780407e-06,88,88,0.0
logreg,Логистическая регрессия,burst__pct_time__occipital_beta,Ритмические эпизоды · pct time · затылочная область β,burst,Ритмические эпизоды,0.0,0.0,all_clean_features,exploratory_holdout,30,131,33,0.03463259171964959,0.03463259171964959,0.6733091787439613,0.6372824145705441,0.6372824145705441,0.00048490199369786616,89,89,0.0
logreg,Логистическая регрессия,tfr__value__central_tfr_alpha_cv,Время-частотные характеристики · value · центральная область tfr α cv,tfr,Время-частотные характеристики,0.0,0.0,all_clean_features,exploratory_holdout,30,131,33,-0.19218794499525238,0.19218794499525238,0.6725543478260869,-0.43727958735177813,0.43727958735177813,0.0005126516477436896,90,90,0.0
logreg,Логистическая регрессия,conn__n_hubs__plv_theta,Функциональная связность · n hubs · PLV θ,conn,Функциональная связность,0.0,0.0,all_clean_features,exploratory_holdout,30,131,33,-0.11082750963328254,0.11082750963328254,0.6722524154589372,-0.6844531822057338,0.6844531822057338,5.0032873312626226e-05,91,91,0.0
logreg,Логистическая регрессия,conn__asymmetry__pdc_alpha,Функциональная связность · асимметрия · PDC α,conn,Функциональная связность,0.0,0.0,all_clean_features,exploratory_holdout,30,131,33,-0.06235681189167308,0.06235681189167308,0.6710446859903383,-0.6024872606759792,0.6024872606759792,0.0005726970766693362,92,92,0.0
logreg,Логистическая регрессия,conn__hub_z_max__pdc_theta,Функциональная связность · максимальный hub z-score · PDC θ,conn,Функциональная связность,0.0,0.0,all_clean_features,exploratory_holdout,30,131,33,-0.03439712835950631,0.03439712835950631,0.6710446859903382,-0.5938876305030034,0.5938876305030034,0.0005726970766693362,93,93,0.0
logreg,Логистическая регрессия,dfa__dfa_exp__occipital_beta,Долговременные корреляции · dfa exp · затылочная область β,dfa,Долговременные корреляции,0.0,0.0,all_clean_features,exploratory_holdout,30,131,33,0.022235649035133188,0.022235649035133188,0.6708937198067634,0.563525356739438,0.563525356739438,0.0005740764809853581,94,94,0.0
logreg,Логистическая регрессия,conn__hub_z_max__dtf_beta,Функциональная связность · максимальный hub z-score · DTF β,conn,Функциональная связность,0.0,0.0,all_clean_features,exploratory_holdout,30,131,33,0.08985563772148045,0.08985563772148045,0.6680253623188407,0.5017063018020019,0.5017063018020019,0.000720988622187269,95,95,0.0
logreg,Логистическая регрессия,conn__global_efficiency__pdc_delta,Функциональная связность · глобальная эффективность · PDC δ,conn,Функциональная связность,0.0,0.0,all_clean_features,exploratory_holdout,30,131,33,0.020959747058605708,0.020959747058605708,0.6680253623188406,-0.5371713926740077,0.5371713926740077,0.000720988622187269,96,96,0.0
logreg,Логистическая регрессия,burst__mean_peak__parietal_alpha,Ритмические эпизоды · mean peak · теменная область α,burst,Ритмические эпизоды,0.0,0.0,all_clean_features,exploratory_holdout,30,131,33,0.11442869720292517,0.11442869720292517,0.667572463768116,0.5609936738958551,0.5609936738958551,0.0007418494494308191,97,97,0.0
logreg,Логистическая регрессия,alpha_peak__alpha_peak_db__central,"Параметры альфа-ритма · выраженность альфа-пика, дБ · центральная область",alpha_peak,Параметры альфа-ритма,0.0,0.0,all_clean_features,exploratory_holdout,30,131,33,0.11457421001204746,0.11457421001204746,0.6666666666666666,0.5577680323879399,0.5577680323879399,0.0007935300095253472,98,98,0.0
logreg,Логистическая регрессия,conn__hub_z_max__dtf_theta,Функциональная связность · максимальный hub z-score · DTF θ,conn,Функциональная связность,0.0,0.0,all_clean_features,exploratory_holdout,30,131,33,0.14003109352160673,0.14003109352160673,0.6644021739130435,0.484558757326689,0.484558757326689,0.0009522883719173505,99,99,0.0
logreg,Логистическая регрессия,conn__asymmetry__dtf_delta,Функциональная связность · асимметрия · DTF δ,conn,Функциональная связность,0.0,0.0,all_clean_features,exploratory_holdout,30,131,33,-0.15093887601223394,0.15093887601223394,0.6606280193236715,-0.527881446070004,0.527881446070004,0.0012928204026177485,100,100,0.0
logreg,Логистическая регрессия,alpha_peak__alpha_peak_db__frontal,"Параметры альфа-ритма · выраженность альфа-пика, дБ · лобная область",alpha_peak,Параметры альфа-ритма,0.0,0.0,all_clean_features,exploratory_holdout,30,131,33,0.0030381984131504234,0.0030381984131504234,0.6601751207729469,0.5681417948736062,0.5681417948736062,0.0013287576045971478,101,101,0.0
logreg,Логистическая регрессия,conn__asymmetry__pdc_delta,Функциональная связность · асимметрия · PDC δ,conn,Функциональная связность,0.0,0.0,all_clean_features,exploratory_holdout,30,131,33,0.0745535713675557,0.0745535713675557,0.6594202898550725,-0.5575351161724661,0.5575351161724661,0.0014000870721603428,102,102,0.0
logreg,Логистическая регрессия,event__energy_uv2s,Транзиентные события · energy uv2s,event,Транзиентные события,0.0,0.0,all_clean_features,exploratory_holdout,30,131,33,-0.05633119750961333,0.05633119750961333,0.6592693236714976,0.4195080876406125,0.4195080876406125,0.001403682507332499,103,103,0.0
logreg,Логистическая регрессия,conn__global_efficiency__dtf_beta,Функциональная связность · глобальная эффективность · DTF β,conn,Функциональная связность,0.0,0.0,all_clean_features,exploratory_holdout,30,131,33,0.06035702928103435,0.06035702928103435,0.6565519323671498,0.5628229382193644,0.5628229382193644,0.0017351254629525833,104,104,0.0
logreg,Логистическая регрессия,aper__aperiodic_exponent__occipital,Апериодический компонент · экспонента 1/f · затылочная область,aper,Апериодический компонент,0.0,0.0,all_clean_features,exploratory_holdout,30,131,33,0.03267400563148504,0.03267400563148504,0.6559480676328503,0.5979646438812802,0.5979646438812802,0.0017872322344626328,105,105,0.0
logreg,Логистическая регрессия,aper__aperiodic_slope__occipital,Апериодический компонент · наклон 1/f · затылочная область,aper,Апериодический компонент,0.0,0.0,all_clean_features,exploratory_holdout,30,131,33,-0.03267400563148504,0.03267400563148504,0.6559480676328502,-0.5979646438812802,0.5979646438812802,0.0017872322344626328,106,106,0.0
logreg,Логистическая регрессия,conn__mean_strength__coh_theta,Функциональная связность · mean strength · coherence θ,conn,Функциональная связность,0.0,0.0,all_clean_features,exploratory_holdout,30,131,33,0.11382802434459381,0.11382802434459381,0.6487016908212561,-0.3034490164493696,0.3034490164493696,0.0030816210225870972,107,107,0.0
logreg,Логистическая регрессия,conn__asymmetry__pdc_theta,Функциональная связность · асимметрия · PDC θ,conn,Функциональная связность,0.0,0.0,all_clean_features,exploratory_holdout,30,131,33,0.04489765203337518,0.04489765203337518,0.643719806763285,-0.44180950633891797,0.44180950633891797,0.004465544948968674,108,108,0.0
logreg,Логистическая регрессия,burst__mean_amp__occipital_alpha,Ритмические эпизоды · mean amp · затылочная область α,burst,Ритмические эпизоды,0.0,0.0,all_clean_features,exploratory_holdout,30,131,33,0.046017752985364986,0.046017752985364986,0.6435688405797101,0.3883869241074725,0.3883869241074725,0.00447543704558339,109,109,0.0
logreg,Логистическая регрессия,aper__alpha_peak_cf_hz__frontal,"Апериодический компонент · центральная частота альфа-пика, Гц · лобная область",aper,Апериодический компонент,0.0,0.0,all_clean_features,exploratory_holdout,30,131,33,0.12994773927699865,0.12994773927699865,0.6410024154589373,0.41239588356601803,0.41239588356601803,0.005211950314435524,110,110,0.0
logreg,Логистическая регрессия,burst__mean_peak__occipital_alpha,Ритмические эпизоды · mean peak · затылочная область α,burst,Ритмические эпизоды,0.0,0.0,all_clean_features,exploratory_holdout,30,131,33,-0.03573222864432599,0.03573222864432599,0.640096618357488,0.34965219518371987,0.34965219518371987,0.005590107012585315,111,111,0.0
logreg,Логистическая регрессия,conn__global_efficiency__dtf_theta,Функциональная связность · глобальная эффективность · DTF θ,conn,Функциональная связность,0.0,0.0,all_clean_features,exploratory_holdout,30,131,33,-0.0546870301974755,0.0546870301974755,0.6397946859903382,0.4788948398884144,0.4788948398884144,0.0056658299608378475,112,112,0.0
logreg,Логистическая регрессия,burst__pct_time__parietal_beta,Ритмические эпизоды · pct time · теменная область β,burst,Ритмические эпизоды,0.0,0.0,all_clean_features,exploratory_holdout,30,131,33,0.0677595179730075,0.0677595179730075,0.6378321256038647,0.5297890577783736,0.5297890577783736,0.0064265701581287,113,113,0.0
logreg,Логистическая регрессия,conn__hub_z_max__coh_alpha,Функциональная связность · максимальный hub z-score · coherence α,conn,Функциональная связность,0.0,0.0,all_clean_features,exploratory_holdout,30,131,33,-0.06548207480726798,0.06548207480726798,0.63737922705314,-0.4546470292021562,0.4546470292021562,0.006584629282829288,114,114,0.0
logreg,Логистическая регрессия,conn__global_efficiency__coh_delta,Функциональная связность · глобальная эффективность · coherence δ,conn,Функциональная связность,0.0,0.0,all_clean_features,exploratory_holdout,30,131,33,-0.12610813833799533,0.12610813833799533,0.6372282608695652,-0.21837651965054147,0.21837651965054147,0.006600957153035491,115,115,0.0
logreg,Логистическая регрессия,conn__mean_strength__dtf_delta,Функциональная связность · mean strength · DTF δ,conn,Функциональная связность,0.0,0.0,all_clean_features,exploratory_holdout,30,131,33,0.025284495239047324,0.025284495239047324,0.6364734299516908,0.5229872823225812,0.5229872823225812,0.006912081215231989,116,116,0.0
logreg,Логистическая регрессия,conn__clustering__dtf_theta,Функциональная связность · кластеризация · DTF θ,conn,Функциональная связность,0.0,0.0,all_clean_features,exploratory_holdout,30,131,33,-0.11633222708753149,0.11633222708753149,0.6349637681159421,-0.39649315503371446,0.39649315503371446,0.007574786566313187,117,117,0.0
logreg,Логистическая регрессия,burst__pct_time__frontal_beta,Ритмические эпизоды · pct time · лобная область β,burst,Ритмические эпизоды,0.0,0.0,all_clean_features,exploratory_holdout,30,131,33,0.14417030110102022,0.14417030110102022,0.6337560386473431,0.5082967629527384,0.5082967629527384,0.008185330445030935,118,118,0.0
logreg,Логистическая регрессия,conn__modularity__dtf_beta,Функциональная связность · модулярность · DTF β,conn,Функциональная связность,0.0,0.0,all_clean_features,exploratory_holdout,30,131,33,-0.13917267995603852,0.13917267995603852,0.632397342995169,-0.48300312549203617,0.48300312549203617,0.002213605924584933,119,119,0.0
logreg,Логистическая регрессия,burst__rate_per_min__central_beta,Ритмические эпизоды · rate per min · центральная область β,burst,Ритмические эпизоды,0.0,0.0,all_clean_features,exploratory_holdout,30,131,33,0.08663663308779009,0.08663663308779009,0.6320199275362319,0.3932576927086906,0.3932576927086906,0.009170078240543658,120,120,0.0
logreg,Логистическая регрессия,dfa__dfa_exp__parietal_beta,Долговременные корреляции · dfa exp · теменная область β,dfa,Долговременные корреляции,0.0,0.0,all_clean_features,exploratory_holdout,30,131,33,0.0058705162128691885,0.0058705162128691885,0.6290760869565218,0.4503861776054617,0.4503861776054617,0.011159962065336718,121,121,0.0
logreg,Логистическая регрессия,spec_shape__spectral_entropy_norm__occipital,Интегральные спектральные характеристики · спектральная энтропия norm · затылочная область,spec_shape,Интегральные спектральные характеристики,0.0,0.0,all_clean_features,exploratory_holdout,30,131,33,-0.018025449181070605,0.018025449181070605,0.6284722222222222,-0.48425151198909694,0.48425151198909694,0.011448074385518396,122,122,0.0
logreg,Логистическая регрессия,spec_shape__spectral_entropy_raw__occipital,Интегральные спектральные характеристики · спектральная энтропия · затылочная область,spec_shape,Интегральные спектральные характеристики,0.0,0.0,all_clean_features,exploratory_holdout,30,131,33,-0.018025449181069898,0.018025449181069898,0.6284722222222222,-0.48425151198909605,0.48425151198909605,0.011448074385518396,123,123,0.0
logreg,Логистическая регрессия,alpha_peak__alpha_peak_amp_db__parietal,"Параметры альфа-ритма · амплитуда альфа-пика, дБ · теменная область",alpha_peak,Параметры альфа-ритма,0.0,0.0,all_clean_features,exploratory_holdout,30,131,33,-0.07156988130937665,0.07156988130937665,0.6265096618357487,-0.4474454207283884,0.4474454207283884,0.012978395511658445,124,124,0.0
logreg,Логистическая регрессия,conn__small_worldness__dtf_delta,Функциональная связность · мера маломирности · DTF δ,conn,Функциональная связность,0.0,0.0,all_clean_features,exploratory_holdout,30,131,33,0.02391228345270014,0.02391228345270014,0.6256038647342995,-0.255188850481779,0.255188850481779,0.007211533466543275,125,125,0.0
logreg,Логистическая регрессия,burst__mean_amp__frontal_alpha,Ритмические эпизоды · mean amp · лобная область α,burst,Ритмические эпизоды,0.0,0.0,all_clean_features,exploratory_holdout,30,131,33,0.02558769814774243,0.02558769814774243,0.6204710144927537,0.36440584321385616,0.36440584321385616,0.019053364262285842,126,126,0.0
logreg,Логистическая регрессия,conn__hub_z_max__coh_theta,Функциональная связность · максимальный hub z-score · coherence θ,conn,Функциональная связность,0.0,0.0,all_clean_features,exploratory_holdout,30,131,33,0.006162693717602296,0.006162693717602296,0.6195652173913044,-0.4319562647187622,0.4319562647187622,0.020047585079896686,127,127,0.0
logreg,Логистическая регрессия,burst__mean_amp__temporal_alpha,Ритмические эпизоды · mean amp · височная область α,burst,Ритмические эпизоды,0.0,0.0,all_clean_features,exploratory_holdout,30,131,33,0.0845005481540637,0.0845005481540637,0.618659420289855,0.38218494133301456,0.38218494133301456,0.021087277569191248,128,128,0.0
logreg,Логистическая регрессия,conn__mean_strength__plv_delta,Функциональная связность · mean strength · PLV δ,conn,Функциональная связность,0.0,0.0,all_clean_features,exploratory_holdout,30,131,33,0.010851632558835601,0.010851632558835601,0.6174516908212561,-0.43853932679834223,0.43853932679834223,0.022603717508113984,129,129,0.0
logreg,Логистическая регрессия,conn__hub_z_max__imcoh_theta,Функциональная связность · максимальный hub z-score · imaginary coherence θ,conn,Функциональная связность,0.0,0.0,all_clean_features,exploratory_holdout,30,131,33,0.23256281827265196,0.23256281827265196,0.6159420289855073,0.3822802016970218,0.3822802016970218,0.024546948880479858,130,130,0.0
logreg,Логистическая регрессия,spec_shape__sef95_hz__occipital,Интегральные спектральные характеристики · SEF95 hz · затылочная область,spec_shape,Интегральные спектральные характеристики,0.0,0.0,all_clean_features,exploratory_holdout,30,131,33,-0.01447395195027887,0.01447395195027887,0.6154891304347826,-0.458617326136908,0.458617326136908,0.025016868644036152,131,131,0.0
logreg,Логистическая регрессия,burst__mean_peak__frontal_alpha,Ритмические эпизоды · mean peak · лобная область α,burst,Ритмические эпизоды,0.0,0.0,all_clean_features,exploratory_holdout,30,131,33,-0.03766610324062843,0.03766610324062843,0.6142814009661836,0.3281279604750754,0.3281279604750754,0.026776679306257267,132,132,0.0
logreg,Логистическая регрессия,alpha_peak__alpha_peak_amp_db__central,"Параметры альфа-ритма · амплитуда альфа-пика, дБ · центральная область",alpha_peak,Параметры альфа-ритма,0.0,0.0,all_clean_features,exploratory_holdout,30,131,33,-0.02890927840472816,0.02890927840472816,0.6141304347826086,-0.3829701746179126,0.3829701746179126,0.02683285076080721,133,133,0.0
logreg,Логистическая регрессия,burst__mean_peak__central_beta,Ритмические эпизоды · mean peak · центральная область β,burst,Ритмические эпизоды,0.0,0.0,all_clean_features,exploratory_holdout,30,131,33,-0.09971508474137618,0.09971508474137618,0.6121678743961352,-0.39235383251408523,0.39235383251408523,0.02984796787978714,134,134,0.0
logreg,Логистическая регрессия,tfr__value__parietal_tfr_alpha_cv,Время-частотные характеристики · value · теменная область tfr α cv,tfr,Время-частотные характеристики,0.0,0.0,all_clean_features,exploratory_holdout,30,131,33,-0.16822780908960913,0.16822780908960913,0.6111111111111112,-0.29373178620433904,0.29373178620433904,0.03116525808879818,135,135,0.0
logreg,Логистическая регрессия,conn__small_worldness__dtf_alpha,Функциональная связность · мера маломирности · DTF α,conn,Функциональная связность,0.0,0.0,all_clean_features,exploratory_holdout,30,131,33,-0.08231958216359636,0.08231958216359636,0.6111111111111112,-0.121719277645703,0.121719277645703,0.024546948880479858,136,136,0.0
logreg,Логистическая регрессия,conn__n_hubs__coh_beta,Функциональная связность · n hubs · coherence β,conn,Функциональная связность,0.0,0.0,all_clean_features,exploratory_holdout,30,131,33,-0.10787740141706828,0.10787740141706828,0.6086956521739131,-0.4929939727408689,0.4929939727408689,0.004870847880610348,137,137,0.0
logreg,Логистическая регрессия,conn__hub_z_max__coh_beta,Функциональная связность · максимальный hub z-score · coherence β,conn,Функциональная связность,0.0,0.0,all_clean_features,exploratory_holdout,30,131,33,0.032515645546704657,0.032515645546704657,0.6077898550724639,-0.39919101321345773,0.39919101321345773,0.03777031356959196,138,138,0.0
logreg,Логистическая регрессия,burst__mean_amp__occipital_beta,Ритмические эпизоды · mean amp · затылочная область β,burst,Ритмические эпизоды,0.0,0.0,all_clean_features,exploratory_holdout,30,131,33,-0.03139657916220217,0.03139657916220217,0.6041666666666667,0.27824712973678895,0.27824712973678895,0.046041469403013936,139,139,0.0
logreg,Логистическая регрессия,alpha_peak__alpha_peak_amp_db__frontal,"Параметры альфа-ритма · амплитуда альфа-пика, дБ · лобная область",alpha_peak,Параметры альфа-ритма,0.0,0.0,all_clean_features,exploratory_holdout,30,131,33,-0.0033095603976378953,0.0033095603976378953,0.6038647342995169,-0.33567494401069387,0.33567494401069387,0.04647646853644253,140,140,0.0
logreg,Логистическая регрессия,burst__mean_peak__occipital_beta,Ритмические эпизоды · mean peak · затылочная область β,burst,Ритмические эпизоды,0.0,0.0,all_clean_features,exploratory_holdout,30,131,33,-0.056565267890995655,0.056565267890995655,0.6023550724637681,0.2591938787457834,0.2591938787457834,0.05004739362603688,141,141,0.0
logreg,Логистическая регрессия,conn__modularity__imcoh_theta,Функциональная связность · модулярность · imaginary coherence θ,conn,Функциональная связность,0.0,0.0,all_clean_features,exploratory_holdout,30,131,33,0.15472875597421035,0.15472875597421035,0.6022041062801933,0.4255328330758985,0.4255328330758985,0.0307399301153235,142,142,0.0
logreg,Логистическая регрессия,conn__n_hubs__plv_alpha,Функциональная связность · n hubs · PLV α,conn,Функциональная связность,0.0,0.0,all_clean_features,exploratory_holdout,30,131,33,0.09668681528912085,0.09668681528912085,0.6022041062801933,-0.3189726877401155,0.3189726877401155,0.019025165963845948,143,143,0.0
logreg,Логистическая регрессия,conn__mean_strength__dtf_beta,Функциональная связность · mean strength · DTF β,conn,Функциональная связность,0.0,0.0,all_clean_features,exploratory_holdout,30,131,33,-0.01005807560780535,0.01005807560780535,0.6002415458937198,0.3718226426628849,0.3718226426628849,0.05564001522686272,144,144,0.0
logreg,Логистическая регрессия,burst__mean_amp__central_beta,Ритмические эпизоды · mean amp · центральная область β,burst,Ритмические эпизоды,0.0,0.0,all_clean_features,exploratory_holdout,30,131,33,-0.0633866104565083,0.0633866104565083,0.5993357487922706,-0.33226239102223165,0.33226239102223165,0.057758319072652685,145,145,0.0
logreg,Логистическая регрессия,alpha_peak__alpha_peak_amp_db__occipital,"Параметры альфа-ритма · амплитуда альфа-пика, дБ · затылочная область",alpha_peak,Параметры альфа-ритма,0.0,0.0,all_clean_features,exploratory_holdout,30,131,33,0.014450474471094153,0.014450474471094153,0.5981280193236715,-0.3167689980860307,0.3167689980860307,0.06134820032391622,146,146,0.0
logreg,Логистическая регрессия,tfr__value__occipital_tfr_alpha_cv,Время-частотные характеристики · value · затылочная область tfr α cv,tfr,Время-частотные характеристики,0.0,0.0,all_clean_features,exploratory_holdout,30,131,33,-0.16330994446723346,0.16330994446723346,0.5975241545893719,-0.22390863788145954,0.22390863788145954,0.06300815528466411,147,147,0.0
logreg,Логистическая регрессия,conn__n_hubs__coh_theta,Функциональная связность · n hubs · coherence θ,conn,Функциональная связность,0.0,0.0,all_clean_features,exploratory_holdout,30,131,33,-0.12396139723212597,0.12396139723212597,0.5971467391304348,-0.5104240897771009,0.5104240897771009,0.005950533392036737,148,148,0.0
logreg,Логистическая регрессия,alpha_peak__paf_hz__temporal,"Параметры альфа-ритма · частота альфа-пика, Гц · височная область",alpha_peak,Параметры альфа-ритма,0.0,0.0,all_clean_features,exploratory_holdout,30,131,33,-0.09208526451310121,0.09208526451310121,0.5960899758454106,-0.5514967582116671,0.5514967582116671,0.0025195285080935026,149,149,0.0
logreg,Логистическая регрессия,burst__pct_time__temporal_beta,Ритмические эпизоды · pct time · височная область β,burst,Ритмические эпизоды,0.0,0.0,all_clean_features,exploratory_holdout,30,131,33,-0.0957070675970652,0.0957070675970652,0.5951086956521741,0.3031420060625372,0.3031420060625372,0.07092041652969663,150,150,0.0
logreg,Логистическая регрессия,conn__global_efficiency__coh_beta,Функциональная связность · глобальная эффективность · coherence β,conn,Функциональная связность,0.0,0.0,all_clean_features,exploratory_holdout,30,131,33,-0.09753135085819344,0.09753135085819344,0.5951086956521738,-0.3082282748017654,0.3082282748017654,0.07092041652969663,151,151,0.0
logreg,Логистическая регрессия,conn__clustering__coh_alpha,Функциональная связность · кластеризация · coherence α,conn,Функциональная связность,0.0,0.0,all_clean_features,exploratory_holdout,30,131,33,-0.060391374280110946,0.060391374280110946,0.594957729468599,-0.34067935029167074,0.34067935029167074,0.07104550581636077,152,152,0.0
logreg,Логистическая регрессия,burst__mean_peak__temporal_alpha,Ритмические эпизоды · mean peak · височная область α,burst,Ритмические эпизоды,0.0,0.0,all_clean_features,exploratory_holdout,30,131,33,0.03857429599450325,0.03857429599450325,0.5939009661835749,0.3216851016415427,0.3216851016415427,0.07423594594042165,153,153,0.0
logreg,Логистическая регрессия,conn__clustering__dtf_beta,Функциональная связность · кластеризация · DTF β,conn,Функциональная связность,0.0,0.0,all_clean_features,exploratory_holdout,30,131,33,-0.09375081944943647,0.09375081944943647,0.5939009661835748,-0.33693674320013606,0.33693674320013606,0.07423594594042165,154,154,0.0
logreg,Логистическая регрессия,conn__global_efficiency__wpli_delta,Функциональная связность · глобальная эффективность · wPLI δ,conn,Функциональная связность,0.0,0.0,all_clean_features,exploratory_holdout,30,131,33,-0.14131396597518756,0.14131396597518756,0.5923913043478262,-0.09050811814297026,0.09050811814297026,0.07941760936926544,155,155,0.0
logreg,Логистическая регрессия,conn__small_worldness__pdc_beta,Функциональная связность · мера маломирности · PDC β,conn,Функциональная связность,0.0,0.0,all_clean_features,exploratory_holdout,30,131,33,-0.07898538376289811,0.07898538376289811,0.5916364734299517,0.4121230012732738,0.4121230012732738,0.03050617000685918,156,156,0.0
logreg,Логистическая регрессия,conn__global_efficiency__plv_alpha,Функциональная связность · глобальная эффективность · PLV α,conn,Функциональная связность,0.0,0.0,all_clean_features,exploratory_holdout,30,131,33,-0.0166363865206454,0.0166363865206454,0.5914855072463768,-0.3465130745062837,0.3465130745062837,0.08276746314595189,157,157,0.0
logreg,Логистическая регрессия,conn__mean_strength__wpli_delta,Функциональная связность · mean strength · wPLI δ,conn,Функциональная связность,0.0,0.0,all_clean_features,exploratory_holdout,30,131,33,-0.14759259521912688,0.14759259521912688,0.5910326086956521,-0.0620125335510816,0.0620125335510816,0.08422752911947111,158,158,0.0
logreg,Логистическая регрессия,conn__global_efficiency__imcoh_alpha,Функциональная связность · глобальная эффективность · imaginary coherence α,conn,Функциональная связность,0.0,0.0,all_clean_features,exploratory_holdout,30,131,33,-0.005806281940983765,0.005806281940983765,0.5904287439613527,0.2087716610551062,0.2087716610551062,0.08586145800621281,159,159,0.0
logreg,Логистическая регрессия,conn__mean_strength__imcoh_alpha,Функциональная связность · mean strength · imaginary coherence α,conn,Функциональная связность,0.0,0.0,all_clean_features,exploratory_holdout,30,131,33,0.006227236718514741,0.006227236718514741,0.5872584541062803,0.2243541120614461,0.2243541120614461,0.10035250852492981,160,160,0.0
logreg,Логистическая регрессия,conn__modularity__pdc_alpha,Функциональная связность · модулярность · PDC α,conn,Функциональная связность,0.0,0.0,all_clean_features,exploratory_holdout,30,131,33,0.13994750538489267,0.13994750538489267,0.5857487922705313,0.3535315875165304,0.3535315875165304,0.057758319072652685,161,161,0.0
logreg,Логистическая регрессия,conn__global_efficiency__plv_beta,Функциональная связность · глобальная эффективность · PLV β,conn,Функциональная связность,0.0,0.0,all_clean_features,exploratory_holdout,30,131,33,-0.09520061198988995,0.09520061198988995,0.5854468599033816,-0.25943685305865,0.25943685305865,0.10857242288234037,162,162,0.0
logreg,Логистическая регрессия,conn__clustering__imcoh_delta,Функциональная связность · кластеризация · imaginary coherence δ,conn,Функциональная связность,0.0,0.0,all_clean_features,exploratory_holdout,30,131,33,-0.03406212690134229,0.03406212690134229,0.5845410628019324,-0.17787856931952037,0.17787856931952037,0.11287867932007634,163,163,0.0
logreg,Логистическая регрессия,aper__alpha_peak_amp_log10__central,"Апериодический компонент · амплитуда альфа-пика, log10 · центральная область",aper,Апериодический компонент,0.0,0.0,all_clean_features,exploratory_holdout,30,131,33,0.008948409566140299,0.008948409566140299,0.5843900966183575,0.2510373755315487,0.2510373755315487,0.11305571714604241,164,164,0.0
logreg,Логистическая регрессия,alpha_peak__alpha_peak_amp_db__temporal,"Параметры альфа-ритма · амплитуда альфа-пика, дБ · височная область",alpha_peak,Параметры альфа-ритма,0.0,0.0,all_clean_features,exploratory_holdout,30,131,33,0.05054361543015563,0.05054361543015563,0.5840881642512078,-0.29450255805146003,0.29450255805146003,0.1140783561321746,165,165,0.0
logreg,Логистическая регрессия,conn__modularity__dtf_delta,Функциональная связность · модулярность · DTF δ,conn,Функциональная связность,0.0,0.0,all_clean_features,exploratory_holdout,30,131,33,-0.061037840245158605,0.061037840245158605,0.5828804347826086,-0.26881044568752394,0.26881044568752394,0.04601971787905514,166,166,0.0
logreg,Логистическая регрессия,conn__hub_z_max__dtf_alpha,Функциональная связность · максимальный hub z-score · DTF α,conn,Функциональная связность,0.0,0.0,all_clean_features,exploratory_holdout,30,131,33,0.13666302098224875,0.13666302098224875,0.5827294685990339,0.1743422692196532,0.1743422692196532,0.12119166272883057,167,167,0.0
logreg,Логистическая регрессия,conn__modularity__pdc_delta,Функциональная связность · модулярность · PDC δ,conn,Функциональная связность,0.0,0.0,all_clean_features,exploratory_holdout,30,131,33,-0.21526629280310572,0.21526629280310572,0.5825030193236714,-0.2616357485373202,0.2616357485373202,0.08574463302767507,168,168,0.0
logreg,Логистическая регрессия,conn__small_worldness__pdc_theta,Функциональная связность · мера маломирности · PDC θ,conn,Функциональная связность,0.0,0.0,all_clean_features,exploratory_holdout,30,131,33,0.05085203881450124,0.05085203881450124,0.5809178743961352,0.3763457683516663,0.3763457683516663,0.07623861324438548,169,169,0.0
logreg,Логистическая регрессия,conn__hub_z_max__wpli_delta,Функциональная связность · максимальный hub z-score · wPLI δ,conn,Функциональная связность,0.0,0.0,all_clean_features,exploratory_holdout,30,131,33,0.07850015718198766,0.07850015718198766,0.5806159420289855,0.2440608678276372,0.2440608678276372,0.131860746066202,170,170,0.0
logreg,Логистическая регрессия,conn__small_worldness__dtf_theta,Функциональная связность · мера маломирности · DTF θ,conn,Функциональная связность,0.0,0.0,all_clean_features,exploratory_holdout,30,131,33,-0.04807743051233601,0.04807743051233601,0.5797101449275363,-0.12735337388559206,0.12735337388559206,0.10269899813120571,171,171,0.0
logreg,Логистическая регрессия,conn__hub_z_max__wpli_theta,Функциональная связность · максимальный hub z-score · wPLI θ,conn,Функциональная связность,0.0,0.0,all_clean_features,exploratory_holdout,30,131,33,-0.04181134745871076,0.04181134745871076,0.5794082125603865,0.24302186843490012,0.24302186843490012,0.13883363145236738,172,172,0.0
logreg,Логистическая регрессия,burst__mean_amp__parietal_beta,Ритмические эпизоды · mean amp · теменная область β,burst,Ритмические эпизоды,0.0,0.0,all_clean_features,exploratory_holdout,30,131,33,0.05918907864809375,0.05918907864809375,0.5791062801932367,0.2743913667524569,0.2743913667524569,0.1400284977513005,173,173,0.0
logreg,Логистическая регрессия,conn__hub_z_max__imcoh_delta,Функциональная связность · максимальный hub z-score · imaginary coherence δ,conn,Функциональная связность,0.0,0.0,all_clean_features,exploratory_holdout,30,131,33,0.13785769823025174,0.13785769823025174,0.5774456521739131,0.25148983122483654,0.25148983122483654,0.14962174840071787,174,174,0.0
logreg,Логистическая регрессия,burst__mean_amp__central_alpha,Ритмические эпизоды · mean amp · центральная область α,burst,Ритмические эпизоды,0.0,0.0,all_clean_features,exploratory_holdout,30,131,33,-0.0033769471811742296,0.0033769471811742296,0.5768417874396136,0.17543748881673588,0.17543748881673588,0.1530009389288738,175,175,0.0
logreg,Логистическая регрессия,conn__clustering__imcoh_alpha,Функциональная связность · кластеризация · imaginary coherence α,conn,Функциональная связность,0.0,0.0,all_clean_features,exploratory_holdout,30,131,33,-0.010899918475685567,0.010899918475685567,0.5760869565217391,0.27876468735856674,0.27876468735856674,0.1566608932068433,176,176,0.0
logreg,Логистическая регрессия,conn__hub_z_max__imcoh_beta,Функциональная связность · максимальный hub z-score · imaginary coherence β,conn,Функциональная связность,0.0,0.0,all_clean_features,exploratory_holdout,30,131,33,-0.029333710447132413,0.029333710447132413,0.5760869565217391,0.1874685331589951,0.1874685331589951,0.1566608932068433,177,177,0.0
logreg,Логистическая регрессия,conn__mean_strength__dtf_theta,Функциональная связность · mean strength · DTF θ,conn,Функциональная связность,0.0,0.0,all_clean_features,exploratory_holdout,30,131,33,-0.15091499824196292,0.15091499824196292,0.5748792270531402,0.24798230431379897,0.24798230431379897,0.1637149346184708,178,178,0.0
logreg,Логистическая регрессия,conn__modularity__imcoh_beta,Функциональная связность · модулярность · imaginary coherence β,conn,Функциональная связность,0.0,0.0,all_clean_features,exploratory_holdout,30,131,33,-0.034752529962316994,0.034752529962316994,0.5746527777777777,0.31496294107692485,0.31496294107692485,0.13071763053636948,179,179,0.0
logreg,Логистическая регрессия,conn__hub_z_max__imcoh_alpha,Функциональная связность · максимальный hub z-score · imaginary coherence α,conn,Функциональная связность,0.0,0.0,all_clean_features,exploratory_holdout,30,131,33,0.17163104085042744,0.17163104085042744,0.5744263285024155,0.24620815750659047,0.24620815750659047,0.1661966947631412,180,180,0.0
logreg,Логистическая регрессия,alpha_peak__paf_hz__parietal,"Параметры альфа-ритма · частота альфа-пика, Гц · теменная область",alpha_peak,Параметры альфа-ритма,0.0,0.0,all_clean_features,exploratory_holdout,30,131,33,0.045015935539376224,0.045015935539376224,0.5738979468599034,-0.36030345579567213,0.36030345579567213,0.05251399907385972,181,181,0.0
logreg,Логистическая регрессия,alpha_peak__paf_hz__central,"Параметры альфа-ритма · частота альфа-пика, Гц · центральная область",alpha_peak,Параметры альфа-ритма,0.0,0.0,all_clean_features,exploratory_holdout,30,131,33,0.04545806922655251,0.04545806922655251,0.573822463768116,-0.42146700720865066,0.42146700720865066,0.0288159396042394,182,182,0.0
logreg,Логистическая регрессия,conn__modularity__wpli_theta,Функциональная связность · модулярность · wPLI θ,conn,Функциональная связность,0.0,0.0,all_clean_features,exploratory_holdout,30,131,33,0.21079174441910373,0.21079174441910373,0.5736714975845411,0.35462960296200824,0.35462960296200824,0.12456801033821259,183,183,0.0
logreg,Логистическая регрессия,conn__asymmetry__dtf_theta,Функциональная связность · асимметрия · DTF θ,conn,Функциональная связность,0.0,0.0,all_clean_features,exploratory_holdout,30,131,33,-0.04087327434339961,0.04087327434339961,0.5727657004830917,-0.20124189731619171,0.20124189731619171,0.17804124850247058,184,184,0.0
logreg,Логистическая регрессия,conn__clustering__dtf_delta,Функциональная связность · кластеризация · DTF δ,conn,Функциональная связность,0.0,0.0,all_clean_features,exploratory_holdout,30,131,33,0.09981446953077586,0.09981446953077586,0.5726147342995169,0.24511613762682807,0.24511613762682807,0.1782828352196571,185,185,0.0
logreg,Логистическая регрессия,aper__alpha_peak_cf_hz__temporal,"Апериодический компонент · центральная частота альфа-пика, Гц · височная область",aper,Апериодический компонент,0.0,0.0,all_clean_features,exploratory_holdout,30,131,33,0.09807774586613974,0.09807774586613974,0.5710295893719807,0.19156477833686425,0.19156477833686425,0.1884626650015933,186,186,0.0
logreg,Логистическая регрессия,conn__small_worldness__wpli_alpha,Функциональная связность · мера маломирности · wPLI α,conn,Функциональная связность,0.0,0.0,all_clean_features,exploratory_holdout,30,131,33,-0.1193679086180121,0.1193679086180121,0.5696708937198067,-0.11627613825986204,0.11627613825986204,0.1835420913974465,187,187,0.0
logreg,Логистическая регрессия,burst__mean_peak__central_alpha,Ритмические эпизоды · mean peak · центральная область α,burst,Ритмические эпизоды,0.0,0.0,all_clean_features,exploratory_holdout,30,131,33,-0.0671606218675798,0.0671606218675798,0.5688405797101449,0.13316229810345637,0.13316229810345637,0.20431330117395907,188,188,0.0
logreg,Логистическая регрессия,conn__modularity__coh_delta,Функциональная связность · модулярность · coherence δ,conn,Функциональная связность,0.0,0.0,all_clean_features,exploratory_holdout,30,131,33,-0.06489299829691188,0.06489299829691188,0.5661986714975846,-0.3267003665003252,0.3267003665003252,0.1602345965746787,189,189,0.0
logreg,Логистическая регрессия,conn__mean_strength__plv_alpha,Функциональная связность · mean strength · PLV α,conn,Функциональная связность,0.0,0.0,all_clean_features,exploratory_holdout,30,131,33,0.01862041241289138,0.01862041241289138,0.5641606280193237,-0.24814059186328388,0.24814059186328388,0.24377988404665407,190,190,0.0
logreg,Логистическая регрессия,conn__clustering__wpli_alpha,Функциональная связность · кластеризация · wPLI α,conn,Функциональная связность,0.0,0.0,all_clean_features,exploratory_holdout,30,131,33,-0.004578722348579799,0.004578722348579799,0.5635567632850242,0.21453108438693985,0.21453108438693985,0.24714995647000493,191,191,0.0
logreg,Логистическая регрессия,burst__mean_peak__parietal_beta,Ритмические эпизоды · mean peak · теменная область β,burst,Ритмические эпизоды,0.0,0.0,all_clean_features,exploratory_holdout,30,131,33,0.02515909836569117,0.02515909836569117,0.5632548309178744,0.21838145187440136,0.21838145187440136,0.2478860223137626,192,192,0.0
logreg,Логистическая регрессия,conn__hub_z_max__pdc_delta,Функциональная связность · максимальный hub z-score · PDC δ,conn,Функциональная связность,0.0,0.0,all_clean_features,exploratory_holdout,30,131,33,-0.06131635851950675,0.06131635851950675,0.5608393719806763,-0.2550853936069622,0.2550853936069622,0.27031579028484604,193,193,0.0
logreg,Логистическая регрессия,tfr__value__frontal_tfr_alpha_cv,Время-частотные характеристики · value · лобная область tfr α cv,tfr,Время-частотные характеристики,0.0,0.0,all_clean_features,exploratory_holdout,30,131,33,-0.11721709956078441,0.11721709956078441,0.5602355072463768,-0.20622558063242577,0.20622558063242577,0.2754593239987293,194,194,0.0
logreg,Логистическая регрессия,conn__modularity__plv_delta,Функциональная связность · модулярность · PLV δ,conn,Функциональная связность,0.0,0.0,all_clean_features,exploratory_holdout,30,131,33,-0.20116132678785453,0.20116132678785453,0.5597826086956521,-0.3470383577586019,0.3470383577586019,0.14962174840071787,195,195,0.0
logreg,Логистическая регрессия,burst__mean_peak__frontal_beta,Ритмические эпизоды · mean peak · лобная область β,burst,Ритмические эпизоды,0.0,0.0,all_clean_features,exploratory_holdout,30,131,33,-0.14132045092720935,0.14132045092720935,0.5596316425120773,-0.18876484878244693,0.18876484878244693,0.2793038644797435,196,196,0.0
logreg,Логистическая регрессия,conn__modularity__pdc_beta,Функциональная связность · модулярность · PDC β,conn,Функциональная связность,0.0,0.0,all_clean_features,exploratory_holdout,30,131,33,0.1427400628506046,0.1427400628506046,0.5595561594202898,0.2636551989328145,0.2636551989328145,0.19099035685293173,197,197,0.0
logreg,Логистическая регрессия,conn__modularity__wpli_delta,Функциональная связность · модулярность · wPLI δ,conn,Функциональная связность,0.0,0.0,all_clean_features,exploratory_holdout,30,131,33,0.16373282239611556,0.16373282239611556,0.5593297101449275,0.31339285112315196,0.31339285112315196,0.2091866891354597,198,198,0.0
logreg,Логистическая регрессия,conn__modularity__pdc_theta,Функциональная связность · модулярность · PDC θ,conn,Функциональная связность,0.0,0.0,all_clean_features,exploratory_holdout,30,131,33,0.029661096224780432,0.029661096224780432,0.5585748792270531,0.2572604950752862,0.2572604950752862,0.20431330117395907,199,199,0.0
logreg,Логистическая регрессия,conn__small_worldness__dtf_beta,Функциональная связность · мера маломирности · DTF β,conn,Функциональная связность,0.0,0.0,all_clean_features,exploratory_holdout,30,131,33,0.007498262293108115,0.007498262293108115,0.557367149758454,0.3690721508590809,0.3690721508590809,0.24508963433529088,200,200,0.0
logreg,Логистическая регрессия,conn__global_efficiency__wpli_alpha,Функциональная связность · глобальная эффективность · wPLI α,conn,Функциональная связность,0.0,0.0,all_clean_features,exploratory_holdout,30,131,33,0.010036534390379478,0.010036534390379478,0.5567632850241545,0.18690177684070078,0.18690177684070078,0.3088394361329375,201,201,0.0
logreg,Логистическая регрессия,conn__mean_strength__wpli_alpha,Функциональная связность · mean strength · wPLI α,conn,Функциональная связность,0.0,0.0,all_clean_features,exploratory_holdout,30,131,33,0.009638256461808062,0.009638256461808062,0.5566123188405797,0.18824583007253498,0.18824583007253498,0.30912119604124555,202,202,0.0
logreg,Логистическая регрессия,aper__alpha_peak_amp_log10__parietal,"Апериодический компонент · амплитуда альфа-пика, log10 · теменная область",aper,Апериодический компонент,0.0,0.0,all_clean_features,exploratory_holdout,30,131,33,0.0036126919570778045,0.0036126919570778045,0.5561594202898551,0.20829257033519058,0.20829257033519058,0.3129457673061002,203,203,0.0
logreg,Логистическая регрессия,conn__small_worldness__coh_delta,Функциональная связность · мера маломирности · coherence δ,conn,Функциональная связность,0.0,0.0,all_clean_features,exploratory_holdout,30,131,33,0.12462309136695568,0.12462309136695568,0.5554045893719807,0.002861356367321625,0.002861356367321625,0.32039140783661274,204,204,0.0
logreg,Логистическая регрессия,conn__n_hubs__pdc_theta,Функциональная связность · n hubs · PDC θ,conn,Функциональная связность,0.0,0.0,all_clean_features,exploratory_holdout,30,131,33,-0.13431753142476993,0.13431753142476993,0.5534420289855072,-0.3790397329850952,0.3790397329850952,0.04647646853644253,205,205,0.0
logreg,Логистическая регрессия,conn__global_efficiency__imcoh_beta,Функциональная связность · глобальная эффективность · imaginary coherence β,conn,Функциональная связность,0.0,0.0,all_clean_features,exploratory_holdout,30,131,33,0.052883839063981475,0.052883839063981475,0.5532910628019324,0.1693910997812889,0.1693910997812889,0.34311398807979876,206,206,0.0
logreg,Логистическая регрессия,dfa__dfa_exp__central_beta,Долговременные корреляции · dfa exp · центральная область β,dfa,Долговременные корреляции,0.0,0.0,all_clean_features,exploratory_holdout,30,131,33,-0.08829742884147554,0.08829742884147554,0.5523852657004831,0.16973080430835039,0.16973080430835039,0.3505392037427674,207,207,0.0
logreg,Логистическая регрессия,aper__alpha_peak_amp_log10__frontal,"Апериодический компонент · амплитуда альфа-пика, log10 · лобная область",aper,Апериодический компонент,0.0,0.0,all_clean_features,exploratory_holdout,30,131,33,0.01694435885377338,0.01694435885377338,0.5523852657004831,0.14591548126515036,0.14591548126515036,0.3505392037427674,208,208,0.0
logreg,Логистическая регрессия,conn__mean_strength__imcoh_beta,Функциональная связность · mean strength · imaginary coherence β,conn,Функциональная связность,0.0,0.0,all_clean_features,exploratory_holdout,30,131,33,0.06665375652613409,0.06665375652613409,0.5493659420289855,0.16876355108337224,0.16876355108337224,0.38389741315203224,209,209,0.0
logreg,Логистическая регрессия,conn__n_hubs__coh_alpha,Функциональная связность · n hubs · coherence α,conn,Функциональная связность,0.0,0.0,all_clean_features,exploratory_holdout,30,131,33,0.07813927630917741,0.07813927630917741,0.5486111111111112,-0.037264280384176326,0.037264280384176326,0.26860487528091614,210,210,0.0
logreg,Логистическая регрессия,aper__alpha_peak_amp_log10__temporal,"Апериодический компонент · амплитуда альфа-пика, log10 · височная область",aper,Апериодический компонент,0.0,0.0,all_clean_features,exploratory_holdout,30,131,33,-0.07910183689331843,0.07910183689331843,0.5469504830917875,0.10364607639812244,0.10364607639812244,0.41531481782754254,211,211,0.0
logreg,Логистическая регрессия,conn__modularity__coh_alpha,Функциональная связность · модулярность · coherence α,conn,Функциональная связность,0.0,0.0,all_clean_features,exploratory_holdout,30,131,33,-0.0765965679709926,0.0765965679709926,0.5461956521739131,-0.1776041506835519,0.1776041506835519,0.3742753848783462,212,212,0.0
logreg,Логистическая регрессия,conn__small_worldness__pdc_alpha,Функциональная связность · мера маломирности · PDC α,conn,Функциональная связность,0.0,0.0,all_clean_features,exploratory_holdout,30,131,33,0.016287256866237387,0.016287256866237387,0.5452898550724637,0.2764343272684014,0.2764343272684014,0.3296626132850604,213,213,0.0
logreg,Логистическая регрессия,conn__asymmetry__dtf_alpha,Функциональная связность · асимметрия · DTF α,conn,Функциональная связность,0.0,0.0,all_clean_features,exploratory_holdout,30,131,33,0.012450604690103633,0.012450604690103633,0.5452898550724637,-0.15872519883511635,0.15872519883511635,0.43720460198972655,214,214,0.0
logreg,Логистическая регрессия,conn__small_worldness__imcoh_theta,Функциональная связность · мера маломирности · imaginary coherence θ,conn,Функциональная связность,0.0,0.0,all_clean_features,exploratory_holdout,30,131,33,0.08535756401167356,0.08535756401167356,0.545138888888889,-0.0935913256005585,0.0935913256005585,0.37594897509444547,215,215,0.0
logreg,Логистическая регрессия,aper__alpha_peak_width_hz__frontal,"Апериодический компонент · ширина альфа-пика, Гц · лобная область",aper,Апериодический компонент,0.0,0.0,all_clean_features,exploratory_holdout,30,131,33,-0.02339161901598572,0.02339161901598572,0.5448369565217392,0.09874541398928398,0.09874541398928398,0.4393480869893419,216,216,0.0
logreg,Логистическая регрессия,conn__clustering__imcoh_theta,Функциональная связность · кластеризация · imaginary coherence θ,conn,Функциональная связность,0.0,0.0,all_clean_features,exploratory_holdout,30,131,33,-0.11456448989096425,0.11456448989096425,0.5443840579710145,-0.09315814232539292,0.09315814232539292,0.44450455541096684,217,217,0.0
logreg,Логистическая регрессия,conn__global_efficiency__dtf_alpha,Функциональная связность · глобальная эффективность · DTF α,conn,Функциональная связность,0.0,0.0,all_clean_features,exploratory_holdout,30,131,33,-0.1314355116951125,0.1314355116951125,0.5442330917874396,0.20180125568883753,0.20180125568883753,0.4447366625345364,218,218,0.0
logreg,Логистическая регрессия,conn__mean_strength__coh_delta,Функциональная связность · mean strength · coherence δ,conn,Функциональная связность,0.0,0.0,all_clean_features,exploratory_holdout,30,131,33,-0.056296481580177714,0.056296481580177714,0.5427234299516908,0.02309091076731833,0.02309091076731833,0.46513647940006025,219,219,0.0
logreg,Логистическая регрессия,conn__mean_strength__imcoh_delta,Функциональная связность · mean strength · imaginary coherence δ,conn,Функциональная связность,0.0,0.0,all_clean_features,exploratory_holdout,30,131,33,-0.011899288828650307,0.011899288828650307,0.5422705314009661,0.17851035390331926,0.17851035390331926,0.46784410826545153,220,220,0.0
logreg,Логистическая регрессия,conn__mean_strength__wpli_theta,Функциональная связность · mean strength · wPLI θ,conn,Функциональная связность,0.0,0.0,all_clean_features,exploratory_holdout,30,131,33,-0.0643832908905567,0.0643832908905567,0.5422705314009661,-0.040957065660495354,0.040957065660495354,0.46784410826545153,221,221,0.0
logreg,Логистическая регрессия,burst__mean_amp__frontal_beta,Ритмические эпизоды · mean amp · лобная область β,burst,Ритмические эпизоды,0.0,0.0,all_clean_features,exploratory_holdout,30,131,33,-0.11879562693567904,0.11879562693567904,0.5418176328502415,-0.137220559461202,0.137220559461202,0.4726217568034792,222,222,0.0
logreg,Логистическая регрессия,conn__small_worldness__plv_beta,Функциональная связность · мера маломирности · PLV β,conn,Функциональная связность,0.0,0.0,all_clean_features,exploratory_holdout,30,131,33,0.07083855735367103,0.07083855735367103,0.5406099033816426,0.21900364473247877,0.21900364473247877,0.4847625627337816,223,223,0.0
logreg,Логистическая регрессия,dfa__dfa_exp__frontal_beta,Долговременные корреляции · dfa exp · лобная область β,dfa,Долговременные корреляции,0.0,0.0,all_clean_features,exploratory_holdout,30,131,33,-0.09822446603653553,0.09822446603653553,0.5403079710144928,0.12758984216710823,0.12758984216710823,0.4872955007710878,224,224,0.0
logreg,Логистическая регрессия,conn__global_efficiency__wpli_theta,Функциональная связность · глобальная эффективность · wPLI θ,conn,Функциональная связность,0.0,0.0,all_clean_features,exploratory_holdout,30,131,33,-0.06100113570670947,0.06100113570670947,0.5397041062801933,-0.04956127252836655,0.04956127252836655,0.4944780022335673,225,225,0.0
logreg,Логистическая регрессия,alpha_peak__paf_hz__occipital,"Параметры альфа-ритма · частота альфа-пика, Гц · затылочная область",alpha_peak,Параметры альфа-ритма,0.0,0.0,all_clean_features,exploratory_holdout,30,131,33,-0.07227117044019092,0.07227117044019092,0.5396286231884058,-0.18477762994647956,0.18477762994647956,0.2793038644797435,226,226,0.0
logreg,Логистическая регрессия,conn__mean_strength__coh_beta,Функциональная связность · mean strength · coherence β,conn,Функциональная связность,0.0,0.0,all_clean_features,exploratory_holdout,30,131,33,-0.09884034953784863,0.09884034953784863,0.5394021739130435,-0.1372701047936523,0.1372701047936523,0.49702674671463715,227,227,0.0
logreg,Логистическая регрессия,conn__n_hubs__imcoh_delta,Функциональная связность · n hubs · imaginary coherence δ,conn,Функциональная связность,0.0,0.0,all_clean_features,exploratory_holdout,30,131,33,-0.01942791255759315,0.01942791255759315,0.5384963768115942,-0.21506822091984812,0.21506822091984812,0.21136305478431316,228,228,0.0
logreg,Логистическая регрессия,conn__global_efficiency__coh_alpha,Функциональная связность · глобальная эффективность · coherence α,conn,Функциональная связность,0.0,0.0,all_clean_features,exploratory_holdout,30,131,33,-0.08754694494203649,0.08754694494203649,0.5380434782608695,-0.13501511989747575,0.13501511989747575,0.5117612180652337,229,229,0.0
logreg,Логистическая регрессия,aper__alpha_peak_amp_log10__occipital,"Апериодический компонент · амплитуда альфа-пика, log10 · затылочная область",aper,Апериодический компонент,0.0,0.0,all_clean_features,exploratory_holdout,30,131,33,0.012186534001864235,0.012186534001864235,0.5368357487922705,0.11352259277635453,0.11352259277635453,0.5286499953853061,230,230,0.0
logreg,Логистическая регрессия,conn__clustering__dtf_alpha,Функциональная связность · кластеризация · DTF α,conn,Функциональная связность,0.0,0.0,all_clean_features,exploratory_holdout,30,131,33,-0.05955297989154317,0.05955297989154317,0.536382850241546,-0.16280146817569988,0.16280146817569988,0.5314453313434644,231,231,0.0
logreg,Логистическая регрессия,conn__small_worldness__imcoh_delta,Функциональная связность · мера маломирности · imaginary coherence δ,conn,Функциональная связность,0.0,0.0,all_clean_features,exploratory_holdout,30,131,33,0.11650058076636931,0.11650058076636931,0.5353260869565217,0.006731030330368189,0.006731030330368189,0.5084117841003759,232,232,0.0
logreg,Логистическая регрессия,conn__modularity__imcoh_alpha,Функциональная связность · модулярность · imaginary coherence α,conn,Функциональная связность,0.0,0.0,all_clean_features,exploratory_holdout,30,131,33,-0.03648302143510191,0.03648302143510191,0.535024154589372,0.17243701265564562,0.17243701265564562,0.5117174472133231,233,233,0.0
logreg,Логистическая регрессия,conn__n_hubs__wpli_beta,Функциональная связность · n hubs · wPLI β,conn,Функциональная связность,0.0,0.0,all_clean_features,exploratory_holdout,30,131,33,-0.078278327900714,0.078278327900714,0.5348731884057971,-0.2645757506832362,0.2645757506832362,0.4393480869893419,234,234,0.0
logreg,Логистическая регрессия,conn__small_worldness__wpli_theta,Функциональная связность · мера маломирности · wPLI θ,conn,Функциональная связность,0.0,0.0,all_clean_features,exploratory_holdout,30,131,33,0.030476016308763447,0.030476016308763447,0.5341183574879227,-0.014678343825527069,0.014678343825527069,0.5291590019977604,235,235,0.0
logreg,Логистическая регрессия,conn__small_worldness__plv_delta,Функциональная связность · мера маломирности · PLV δ,conn,Функциональная связность,0.0,0.0,all_clean_features,exploratory_holdout,30,131,33,-0.06455921083662165,0.06455921083662165,0.5338919082125604,0.08083227735238362,0.08083227735238362,0.56492944518356,236,236,0.0
logreg,Логистическая регрессия,conn__modularity__dtf_alpha,Функциональная связность · модулярность · DTF α,conn,Функциональная связность,0.0,0.0,all_clean_features,exploratory_holdout,30,131,33,0.195754094646305,0.195754094646305,0.5336654589371981,0.24085793530666336,0.24085793530666336,0.48100487169898537,237,237,0.0
logreg,Логистическая регрессия,conn__n_hubs__pdc_alpha,Функциональная связность · n hubs · PDC α,conn,Функциональная связность,0.0,0.0,all_clean_features,exploratory_holdout,30,131,33,-0.026933101844806365,0.026933101844806365,0.5335899758454107,-0.2726429127438789,0.2726429127438789,0.2022483710641354,238,238,0.0
logreg,Логистическая регрессия,conn__small_worldness__coh_alpha,Функциональная связность · мера маломирности · coherence α,conn,Функциональная связность,0.0,0.0,all_clean_features,exploratory_holdout,30,131,33,0.012521011876959618,0.012521011876959618,0.5333635265700484,0.11741622525292482,0.11741622525292482,0.5712922360220628,239,239,0.0
logreg,Логистическая регрессия,burst__rate_per_min__central_alpha,Ритмические эпизоды · rate per min · центральная область α,burst,Ритмические эпизоды,0.0,0.0,all_clean_features,exploratory_holdout,30,131,33,0.08781058993986622,0.08781058993986622,0.5329861111111112,0.09423014288682256,0.09423014288682256,0.5735644149467592,240,240,0.0
logreg,Логистическая регрессия,conn__n_hubs__wpli_alpha,Функциональная связность · n hubs · wPLI α,conn,Функциональная связность,0.0,0.0,all_clean_features,exploratory_holdout,30,131,33,-0.08048504025878916,0.08048504025878916,0.5326086956521738,-0.2261677172937982,0.2261677172937982,0.4781565836321013,241,241,0.0
logreg,Логистическая регрессия,conn__hub_z_max__wpli_beta,Функциональная связность · максимальный hub z-score · wPLI β,conn,Функциональная связность,0.0,0.0,all_clean_features,exploratory_holdout,30,131,33,-0.017773066049433194,0.017773066049433194,0.532457729468599,-0.14053173588171766,0.14053173588171766,0.5792311316396656,242,242,0.0
logreg,Логистическая регрессия,conn__small_worldness__wpli_delta,Функциональная связность · мера маломирности · wPLI δ,conn,Функциональная связность,0.0,0.0,all_clean_features,exploratory_holdout,30,131,33,-0.09301215960832004,0.09301215960832004,0.5318538647342995,-0.017918841042724117,0.017918841042724117,0.5735644149467592,243,243,0.0
logreg,Логистическая регрессия,conn__n_hubs__imcoh_theta,Функциональная связность · n hubs · imaginary coherence θ,conn,Функциональная связность,0.0,0.0,all_clean_features,exploratory_holdout,30,131,33,0.05557020378600177,0.05557020378600177,0.5312500000000001,0.1427190871390234,0.1427190871390234,0.30118844897545954,244,244,0.0
logreg,Логистическая регрессия,conn__global_efficiency__imcoh_theta,Функциональная связность · глобальная эффективность · imaginary coherence θ,conn,Функциональная связность,0.0,0.0,all_clean_features,exploratory_holdout,30,131,33,0.05555158417690923,0.05555158417690923,0.5303442028985507,0.15721167485542914,0.15721167485542914,0.6097784722864517,245,245,0.0
logreg,Логистическая регрессия,tfr__value__temporal_tfr_alpha_cv,Время-частотные характеристики · value · височная область tfr α cv,tfr,Время-частотные характеристики,0.0,0.0,all_clean_features,exploratory_holdout,30,131,33,-0.1392511482787017,0.1392511482787017,0.5294384057971016,-0.1811564826932042,0.1811564826932042,0.6179699806771084,246,246,0.0
logreg,Логистическая регрессия,conn__small_worldness__coh_theta,Функциональная связность · мера маломирности · coherence θ,conn,Функциональная связность,0.0,0.0,all_clean_features,exploratory_holdout,30,131,33,-0.062117162648366316,0.062117162648366316,0.5288345410628019,0.09989564303476042,0.09989564303476042,0.6255742984414883,247,247,0.0
logreg,Логистическая регрессия,alpha_peak__paf_hz__frontal,"Параметры альфа-ритма · частота альфа-пика, Гц · лобная область",alpha_peak,Параметры альфа-ритма,0.0,0.0,all_clean_features,exploratory_holdout,30,131,33,-0.14212934281088405,0.14212934281088405,0.5275513285024155,-0.25429015425530666,0.25429015425530666,0.24714995647000493,248,248,0.0
logreg,Логистическая регрессия,conn__global_efficiency__imcoh_delta,Функциональная связность · глобальная эффективность · imaginary coherence δ,conn,Функциональная связность,0.0,0.0,all_clean_features,exploratory_holdout,30,131,33,-0.006138360915785243,0.006138360915785243,0.5271739130434783,0.19999581180803505,0.19999581180803505,0.6490238007684485,249,249,0.0
logreg,Логистическая регрессия,burst__mean_peak__temporal_beta,Ритмические эпизоды · mean peak · височная область β,burst,Ритмические эпизоды,0.0,0.0,all_clean_features,exploratory_holdout,30,131,33,-0.06252443316964312,0.06252443316964312,0.5271739130434783,-0.14843277679664982,0.14843277679664982,0.6490238007684485,250,250,0.0
logreg,Логистическая регрессия,conn__small_worldness__coh_beta,Функциональная связность · мера маломирности · coherence β,conn,Функциональная связность,0.0,0.0,all_clean_features,exploratory_holdout,30,131,33,-0.04235589831755224,0.04235589831755224,0.5264945652173914,0.14989768859159566,0.14989768859159566,0.6582242826198658,251,251,0.0
logreg,Логистическая регрессия,conn__mean_strength__plv_beta,Функциональная связность · mean strength · PLV β,conn,Функциональная связность,0.0,0.0,all_clean_features,exploratory_holdout,30,131,33,-0.04030046829688104,0.04030046829688104,0.5259661835748792,-0.08541101068623999,0.08541101068623999,0.6648291138477656,252,252,0.0
logreg,Логистическая регрессия,conn__modularity__wpli_alpha,Функциональная связность · модулярность · wPLI α,conn,Функциональная связность,0.0,0.0,all_clean_features,exploratory_holdout,30,131,33,0.04610609464751667,0.04610609464751667,0.5258907004830918,0.25330523168781793,0.25330523168781793,0.5893907276984067,253,253,0.0
logreg,Логистическая регрессия,conn__modularity__dtf_theta,Функциональная связность · модулярность · DTF θ,conn,Функциональная связность,0.0,0.0,all_clean_features,exploratory_holdout,30,131,33,0.029666088406547768,0.029666088406547768,0.5252113526570048,0.01740458762058316,0.01740458762058316,0.6179699806771084,254,254,0.0
logreg,Логистическая регрессия,aper__alpha_peak_width_hz__central,"Апериодический компонент · ширина альфа-пика, Гц · центральная область",aper,Апериодический компонент,0.0,0.0,all_clean_features,exploratory_holdout,30,131,33,-0.01275759967420156,0.01275759967420156,0.5241545893719808,0.048062348816905597,0.048062348816905597,0.6907357095996852,255,255,0.0
logreg,Логистическая регрессия,conn__modularity__coh_theta,Функциональная связность · модулярность · coherence θ,conn,Функциональная связность,0.0,0.0,all_clean_features,exploratory_holdout,30,131,33,-0.08697537304553672,0.08697537304553672,0.5237771739130435,-0.20622622045587138,0.20622622045587138,0.6152588568930256,256,256,0.0
logreg,Логистическая регрессия,conn__mean_strength__coh_alpha,Функциональная связность · mean strength · coherence α,conn,Функциональная связность,0.0,0.0,all_clean_features,exploratory_holdout,30,131,33,-0.052959267851256646,0.052959267851256646,0.5229468599033817,-0.07171410751663106,0.07171410751663106,0.7073151106116853,257,257,0.0
logreg,Логистическая регрессия,conn__clustering__wpli_theta,Функциональная связность · кластеризация · wPLI θ,conn,Функциональная связность,0.0,0.0,all_clean_features,exploratory_holdout,30,131,33,-0.03274131369393829,0.03274131369393829,0.5229468599033817,0.018250617715485765,0.018250617715485765,0.7073151106116853,258,258,0.0
logreg,Логистическая регрессия,conn__small_worldness__imcoh_beta,Функциональная связность · мера маломирности · imaginary coherence β,conn,Функциональная связность,0.0,0.0,all_clean_features,exploratory_holdout,30,131,33,0.09573910184402001,0.09573910184402001,0.522493961352657,0.10803950768089973,0.10803950768089973,0.6764868448089509,259,259,0.0
logreg,Логистическая регрессия,conn__n_hubs__pdc_beta,Функциональная связность · n hubs · PDC β,conn,Функциональная связность,0.0,0.0,all_clean_features,exploratory_holdout,30,131,33,-0.06765446168677967,0.06765446168677967,0.5217391304347826,-0.11790258237406172,0.11790258237406172,0.3505392037427674,260,260,0.0
logreg,Логистическая регрессия,conn__small_worldness__wpli_beta,Функциональная связность · мера маломирности · wPLI β,conn,Функциональная связность,0.0,0.0,all_clean_features,exploratory_holdout,30,131,33,0.07307359912683052,0.07307359912683052,0.5215881642512077,0.12518627574268898,0.12518627574268898,0.7143465085985747,261,261,0.0
logreg,Логистическая регрессия,conn__mean_strength__wpli_beta,Функциональная связность · mean strength · wPLI β,conn,Функциональная связность,0.0,0.0,all_clean_features,exploratory_holdout,30,131,33,0.06554877341941252,0.06554877341941252,0.5214371980676329,0.09175925142751674,0.09175925142751674,0.7259987811975445,262,262,0.0
logreg,Логистическая регрессия,conn__hub_z_max__wpli_alpha,Функциональная связность · максимальный hub z-score · wPLI α,conn,Функциональная связность,0.0,0.0,all_clean_features,exploratory_holdout,30,131,33,-0.11304177920016999,0.11304177920016999,0.5208333333333334,-0.08274635458901898,0.08274635458901898,0.7340235852363574,263,263,0.0
logreg,Логистическая регрессия,dfa__dfa_exp__temporal_beta,Долговременные корреляции · dfa exp · височная область β,dfa,Долговременные корреляции,0.0,0.0,all_clean_features,exploratory_holdout,30,131,33,-0.0617236134222759,0.0617236134222759,0.5202294685990339,0.03426026320377261,0.03426026320377261,0.7420531702985896,264,264,0.0
logreg,Логистическая регрессия,aper__alpha_peak_cf_hz__central,"Апериодический компонент · центральная частота альфа-пика, Гц · центральная область",aper,Апериодический компонент,0.0,0.0,all_clean_features,exploratory_holdout,30,131,33,0.06909721408203706,0.06909721408203706,0.5193236714975845,0.026459043472255354,0.026459043472255354,0.7530565559184411,265,265,0.0
logreg,Логистическая регрессия,conn__small_worldness__plv_alpha,Функциональная связность · мера маломирности · PLV α,conn,Функциональная связность,0.0,0.0,all_clean_features,exploratory_holdout,30,131,33,-0.022672432091574643,0.022672432091574643,0.5188707729468598,0.0973441438228957,0.0973441438228957,0.7552205435333821,266,266,0.0
logreg,Логистическая регрессия,conn__mean_strength__dtf_alpha,Функциональная связность · mean strength · DTF α,conn,Функциональная связность,0.0,0.0,all_clean_features,exploratory_holdout,30,131,33,-0.22185593908129375,0.22185593908129375,0.5172101449275363,-0.03667795046351344,0.03667795046351344,0.7793527006888831,267,267,0.0
logreg,Логистическая регрессия,aper__alpha_peak_width_hz__occipital,"Апериодический компонент · ширина альфа-пика, Гц · затылочная область",aper,Апериодический компонент,0.0,0.0,all_clean_features,exploratory_holdout,30,131,33,-0.015226846625273767,0.015226846625273767,0.516832729468599,-0.009266030891670706,0.009266030891670706,0.7825961374370705,268,268,0.0
logreg,Логистическая регрессия,conn__modularity__plv_alpha,Функциональная связность · модулярность · PLV α,conn,Функциональная связность,0.0,0.0,all_clean_features,exploratory_holdout,30,131,33,-0.0008889331979846273,0.0008889331979846273,0.5166817632850241,-0.08198203672600325,0.08198203672600325,0.7659065118583488,269,269,0.0
logreg,Логистическая регрессия,aper__alpha_peak_cf_hz__occipital,"Апериодический компонент · центральная частота альфа-пика, Гц · затылочная область",aper,Апериодический компонент,0.0,0.0,all_clean_features,exploratory_holdout,30,131,33,0.004232303964884115,0.004232303964884115,0.5166817632850241,-0.05064804875817783,0.05064804875817783,0.7825961374370705,270,270,0.0
logreg,Логистическая регрессия,conn__modularity__coh_beta,Функциональная связность · модулярность · coherence β,conn,Функциональная связность,0.0,0.0,all_clean_features,exploratory_holdout,30,131,33,0.005391351623133246,0.005391351623133246,0.5158514492753623,-0.11270016722043322,0.11270016722043322,0.7530565559184411,271,271,0.0
logreg,Логистическая регрессия,conn__global_efficiency__wpli_beta,Функциональная связность · глобальная эффективность · wPLI β,conn,Функциональная связность,0.0,0.0,all_clean_features,exploratory_holdout,30,131,33,0.04069024644884213,0.04069024644884213,0.5158514492753623,0.07665420772554689,0.07665420772554689,0.7923209482170757,272,272,0.0
logreg,Логистическая регрессия,conn__small_worldness__plv_theta,Функциональная связность · мера маломирности · PLV θ,conn,Функциональная связность,0.0,0.0,all_clean_features,exploratory_holdout,30,131,33,0.10184438703377001,0.10184438703377001,0.5155495169082125,0.12509433902602776,0.12509433902602776,0.7948685854456742,273,273,0.0
logreg,Логистическая регрессия,conn__n_hubs__pdc_delta,Функциональная связность · n hubs · PDC δ,conn,Функциональная связность,0.0,0.0,all_clean_features,exploratory_holdout,30,131,33,-0.02390812276407684,0.02390812276407684,0.5147192028985508,0.1671051667596157,0.1671051667596157,0.5450926008173059,274,274,0.0
logreg,Логистическая регрессия,conn__n_hubs__wpli_delta,Функциональная связность · n hubs · wPLI δ,conn,Функциональная связность,0.0,0.0,all_clean_features,exploratory_holdout,30,131,33,-0.006600219781409905,0.006600219781409905,0.5144927536231884,-0.036523364738346525,0.036523364738346525,0.7530565559184411,275,275,0.0
logreg,Логистическая регрессия,conn__mean_strength__imcoh_theta,Функциональная связность · mean strength · imaginary coherence θ,conn,Функциональная связность,0.0,0.0,all_clean_features,exploratory_holdout,30,131,33,0.043428968677922924,0.043428968677922924,0.5131340579710145,0.13768270034619853,0.13768270034619853,0.8324845759304823,276,276,0.0
logreg,Логистическая регрессия,conn__small_worldness__imcoh_alpha,Функциональная связность · мера маломирности · imaginary coherence α,conn,Функциональная связность,0.0,0.0,all_clean_features,exploratory_holdout,30,131,33,0.06186670089826763,0.06186670089826763,0.5107185990338164,0.02800973461677727,0.02800973461677727,0.8286416677208599,277,277,0.0
logreg,Логистическая регрессия,conn__modularity__imcoh_delta,Функциональная связность · модулярность · imaginary coherence δ,conn,Функциональная связность,0.0,0.0,all_clean_features,exploratory_holdout,30,131,33,-0.05193213586093108,0.05193213586093108,0.5102657004830918,0.14984613913041228,0.14984613913041228,0.8580117685277971,278,278,0.0
logreg,Логистическая регрессия,conn__n_hubs__imcoh_alpha,Функциональная связность · n hubs · imaginary coherence α,conn,Функциональная связность,0.0,0.0,all_clean_features,exploratory_holdout,30,131,33,0.007496597751735515,0.007496597751735515,0.5095863526570049,0.05283543314574004,0.05283543314574004,0.7184989091119309,279,279,0.0
logreg,Логистическая регрессия,conn__clustering__imcoh_beta,Функциональная связность · кластеризация · imaginary coherence β,conn,Функциональная связность,0.0,0.0,all_clean_features,exploratory_holdout,30,131,33,-0.05691329415513657,0.05691329415513657,0.5095108695652174,0.04634599637783426,0.04634599637783426,0.8891051584663034,280,280,0.0
logreg,Логистическая регрессия,conn__n_hubs__dtf_theta,Функциональная связность · n hubs · DTF θ,conn,Функциональная связность,0.0,0.0,all_clean_features,exploratory_holdout,30,131,33,-0.011978096445811635,0.011978096445811635,0.5092844202898551,-0.09455767169014667,0.09455767169014667,0.5566407574849991,281,281,0.0
logreg,Логистическая регрессия,aper__alpha_peak_cf_hz__parietal,"Апериодический компонент · центральная частота альфа-пика, Гц · теменная область",aper,Апериодический компонент,0.0,0.0,all_clean_features,exploratory_holdout,30,131,33,-0.02043803430467925,0.02043803430467925,0.508756038647343,-0.06633165717813919,0.06633165717813919,0.8963619345147492,282,282,0.0
logreg,Логистическая регрессия,conn__n_hubs__imcoh_beta,Функциональная связность · n hubs · imaginary coherence β,conn,Функциональная связность,0.0,0.0,all_clean_features,exploratory_holdout,30,131,33,-0.18364494068105092,0.18364494068105092,0.5086805555555556,-0.15350234057373213,0.15350234057373213,0.7862472575094916,283,283,0.0
logreg,Логистическая регрессия,conn__modularity__plv_beta,Функциональная связность · модулярность · PLV β,conn,Функциональная связность,0.0,0.0,all_clean_features,exploratory_holdout,30,131,33,-0.038635697502290234,0.038635697502290234,0.5076992753623188,-0.0239058632174708,0.0239058632174708,0.8897633810924086,284,284,0.0
logreg,Логистическая регрессия,aper__alpha_peak_width_hz__temporal,"Апериодический компонент · ширина альфа-пика, Гц · височная область",aper,Апериодический компонент,0.0,0.0,all_clean_features,exploratory_holdout,30,131,33,-0.0435696718764006,0.0435696718764006,0.507397342995169,0.06099722445468159,0.06099722445468159,0.913418575205139,285,285,0.0
logreg,Логистическая регрессия,burst__rate_per_min__occipital_alpha,Ритмические эпизоды · rate per min · затылочная область α,burst,Ритмические эпизоды,0.0,0.0,all_clean_features,exploratory_holdout,30,131,33,-0.0352227590085098,0.0352227590085098,0.5071708937198068,-0.02459786894657033,0.02459786894657033,0.913418575205139,286,286,0.0
logreg,Логистическая регрессия,conn__n_hubs__wpli_theta,Функциональная связность · n hubs · wPLI θ,conn,Функциональная связность,0.0,0.0,all_clean_features,exploratory_holdout,30,131,33,-0.10312997631934262,0.10312997631934262,0.5070954106280193,-0.10306620600844132,0.10306620600844132,0.8740653512828602,287,287,0.0
logreg,Логистическая регрессия,burst__rate_per_min__parietal_alpha,Ритмические эпизоды · rate per min · теменная область α,burst,Ритмические эпизоды,0.0,0.0,all_clean_features,exploratory_holdout,30,131,33,-0.02637648776692249,0.02637648776692249,0.5070199275362319,-0.03611791198672944,0.03611791198672944,0.913418575205139,288,288,0.0
logreg,Логистическая регрессия,burst__rate_per_min__temporal_alpha,Ритмические эпизоды · rate per min · височная область α,burst,Ритмические эпизоды,0.0,0.0,all_clean_features,exploratory_holdout,30,131,33,0.10440074036319819,0.10440074036319819,0.50618961352657,0.007913370247565353,0.007913370247565353,0.9207720987658065,289,289,0.0
logreg,Логистическая регрессия,burst__rate_per_min__frontal_alpha,Ритмические эпизоды · rate per min · лобная область α,burst,Ритмические эпизоды,0.0,0.0,all_clean_features,exploratory_holdout,30,131,33,-0.05101766347678341,0.05101766347678341,0.5055857487922705,-0.04445419253011053,0.04445419253011053,0.9235068888571673,290,290,0.0
logreg,Логистическая регрессия,event__lr_index,Транзиентные события · lr index,event,Транзиентные события,0.0,0.0,all_clean_features,exploratory_holdout,30,131,33,0.03960621487147708,0.03960621487147708,0.5048309178743962,-0.041236724446635106,0.041236724446635106,0.9235068888571673,291,291,0.0
logreg,Логистическая регрессия,conn__clustering__wpli_delta,Функциональная связность · кластеризация · wPLI δ,conn,Функциональная связность,0.0,0.0,all_clean_features,exploratory_holdout,30,131,33,-0.06703664140359698,0.06703664140359698,0.5042270531400965,0.04840355081120271,0.04840355081120271,0.9430614682974163,292,292,0.0
logreg,Логистическая регрессия,conn__modularity__plv_theta,Функциональная связность · модулярность · PLV θ,conn,Функциональная связность,0.0,0.0,all_clean_features,exploratory_holdout,30,131,33,0.03626129577934497,0.03626129577934497,0.5040006038647343,0.014196427517787234,0.014196427517787234,0.9235068888571673,293,293,0.0
logreg,Логистическая регрессия,burst__mean_amp__temporal_beta,Ритмические эпизоды · mean amp · височная область β,burst,Ритмические эпизоды,0.0,0.0,all_clean_features,exploratory_holdout,30,131,33,-0.012574110151054658,0.012574110151054658,0.5033212560386473,-0.07157317849747502,0.07157317849747502,0.9559094660707451,294,294,0.0
logreg,Логистическая регрессия,conn__n_hubs__dtf_beta,Функциональная связность · n hubs · DTF β,conn,Функциональная связность,0.0,0.0,all_clean_features,exploratory_holdout,30,131,33,0.0003992239803341357,0.0003992239803341357,0.5031702898550725,-0.09972820585704745,0.09972820585704745,0.9189901611297505,295,295,0.0
logreg,Логистическая регрессия,conn__n_hubs__dtf_alpha,Функциональная связность · n hubs · DTF α,conn,Функциональная связность,0.0,0.0,all_clean_features,exploratory_holdout,30,131,33,-0.04303978682949665,0.04303978682949665,0.5026419082125604,-0.014911192598790016,0.014911192598790016,0.913418575205139,296,296,0.0
logreg,Логистическая регрессия,conn__clustering__wpli_beta,Функциональная связность · кластеризация · wPLI β,conn,Функциональная связность,0.0,0.0,all_clean_features,exploratory_holdout,30,131,33,-0.04562212652536015,0.04562212652536015,0.5016606280193237,0.035653423379061404,0.035653423379061404,0.9781376768471614,297,297,0.0
logreg,Логистическая регрессия,aper__alpha_peak_width_hz__parietal,"Апериодический компонент · ширина альфа-пика, Гц · теменная область",aper,Апериодический компонент,0.0,0.0,all_clean_features,exploratory_holdout,30,131,33,-0.0186311220378786,0.0186311220378786,0.5015851449275363,0.035411265598256615,0.035411265598256615,0.9781376768471614,298,298,0.0
logreg,Логистическая регрессия,conn__n_hubs__dtf_delta,Функциональная связность · n hubs · DTF δ,conn,Функциональная связность,0.0,0.0,all_clean_features,exploratory_holdout,30,131,33,-0.01671876457691797,0.01671876457691797,0.5015096618357487,0.027216900149808362,0.027216900149808362,0.913418575205139,299,299,0.0
logreg,Логистическая регрессия,burst__pct_time__central_beta,Ритмические эпизоды · pct time · центральная область β,burst,Ритмические эпизоды,0.0,0.0,all_clean_features,exploratory_holdout,30,131,33,-0.09036725309410136,0.09036725309410136,0.5015096618357487,0.020042025077793877,0.020042025077793877,0.9781376768471614,300,300,0.0
logreg,Логистическая регрессия,conn__modularity__wpli_beta,Функциональная связность · модулярность · wPLI β,conn,Функциональная связность,0.0,0.0,all_clean_features,exploratory_holdout,30,131,33,0.0922552548540205,0.0922552548540205,0.5000754830917875,0.10782513398674289,0.10782513398674289,1.0,301,301,0.0
rf,Случайный лес,event__z_peak,"Пиковая амплитуда события, z",event,Транзиентные события,0.0032581453634085637,0.009347396590963172,all_clean_features,exploratory_holdout,30,131,33,-0.7016447616205195,0.7016447616205195,0.964975845410628,-2.3302479574189605,2.3302479574189605,5.729587184044175e-22,1,1,0.0032581453634085637
rf,Случайный лес,event__n_involved_ch,Число вовлечённых каналов события,event,Транзиентные события,0.0011278195488721888,0.001722772817652584,all_clean_features,exploratory_holdout,30,131,33,0.2189816450674021,0.2189816450674021,0.8408061594202899,1.1307276973039035,1.1307276973039035,3.887498532653169e-12,2,2,0.0011278195488721888
rf,Случайный лес,conn__clustering__plv_theta,Функциональная связность · кластеризация · PLV θ,conn,Функциональная связность,0.001002506265664164,0.0043337384626041435,all_clean_features,exploratory_holdout,30,131,33,-0.22868210368335912,0.22868210368335912,0.8691123188405797,-1.3512420460605923,1.3512420460605923,4.139794683171406e-14,3,3,0.001002506265664164
rf,Случайный лес,event__peak_to_peak_uv,Транзиентные события · peak to peak uv,event,Транзиентные события,0.0,0.0,all_clean_features,exploratory_holdout,30,131,33,0.1054171407532542,0.1054171407532542,0.8159722222222223,0.9720211555015174,0.9720211555015174,1.5444586928952428e-10,4,4,0.0
rf,Случайный лес,conn__hub_z_max__plv_delta,Функциональная связность · максимальный hub z-score · PLV δ,conn,Функциональная связность,0.0,0.0,all_clean_features,exploratory_holdout,30,131,33,-0.15702961654229272,0.15702961654229272,0.8132548309178744,-1.129118548691132,1.129118548691132,2.0895719811778526e-10,5,5,0.0
rf,Случайный лес,aper__aperiodic_intercept_log10__parietal,Апериодический компонент · aperiodic intercept log10 · теменная область,aper,Апериодический компонент,0.0,0.0,all_clean_features,exploratory_holdout,30,131,33,0.13063571786962203,0.13063571786962203,0.8057065217391304,1.1420608092640874,1.1420608092640874,5.515340082025495e-10,6,6,0.0
rf,Случайный лес,aper__aperiodic_intercept_log10__temporal,Апериодический компонент · aperiodic intercept log10 · височная область,aper,Апериодический компонент,0.0,0.0,all_clean_features,exploratory_holdout,30,131,33,0.07593555072968425,0.07593555072968425,0.8055555555555556,1.1375749353435916,1.1375749353435916,5.515340082025495e-10,7,7,0.0
rf,Случайный лес,burst__pct_time__occipital_alpha,Ритмические эпизоды · pct time · затылочная область α,burst,Ритмические эпизоды,0.0,0.0,all_clean_features,exploratory_holdout,30,131,33,0.23180716717568287,0.23180716717568287,0.8020833333333333,0.9997637822086023,0.9997637822086023,8.495781504125879e-10,8,8,0.0
rf,Случайный лес,aper__aperiodic_intercept_log10__frontal,Апериодический компонент · aperiodic intercept log10 · лобная область,aper,Апериодический компонент,0.0,0.0,all_clean_features,exploratory_holdout,30,131,33,0.1444762895404557,0.1444762895404557,0.7964975845410628,1.1285406098796067,1.1285406098796067,1.7860226937951565e-09,9,9,0.0
rf,Случайный лес,conn__hub_z_max__dtf_delta,Функциональная связность · максимальный hub z-score · DTF δ,conn,Функциональная связность,0.0,0.0,all_clean_features,exploratory_holdout,30,131,33,0.18942809908912642,0.18942809908912642,0.7916666666666666,1.1237997120696217,1.1237997120696217,3.3395639929717363e-09,10,10,0.0
rf,Случайный лес,conn__clustering__coh_theta,Функциональная связность · кластеризация · coherence θ,conn,Функциональная связность,0.0,0.0,all_clean_features,exploratory_holdout,30,131,33,-0.06285077833995603,0.06285077833995603,0.7823067632850241,-0.6759977867116944,0.6759977867116944,1.0565348576228296e-08,11,11,0.0
rf,Случайный лес,spec_shape__spectral_entropy_norm__frontal,Интегральные спектральные характеристики · спектральная энтропия norm · лобная область,spec_shape,Интегральные спектральные характеристики,0.0,0.0,all_clean_features,exploratory_holdout,30,131,33,-0.049894037716218566,0.049894037716218566,0.7821557971014492,-1.045041959178796,1.045041959178796,1.0565348576228296e-08,12,12,0.0
rf,Случайный лес,spec_shape__spectral_entropy_raw__frontal,Интегральные спектральные характеристики · спектральная энтропия · лобная область,spec_shape,Интегральные спектральные характеристики,0.0,0.0,all_clean_features,exploratory_holdout,30,131,33,-0.04989403771621765,0.04989403771621765,0.7821557971014492,-1.0450419591787885,1.0450419591787885,1.0565348576228296e-08,13,13,0.0
rf,Случайный лес,conn__clustering__pdc_beta,Функциональная связность · кластеризация · PDC β,conn,Функциональная связность,0.0,0.0,all_clean_features,exploratory_holdout,30,131,33,0.3534066875535061,0.3534066875535061,0.7777777777777778,1.067154377275833,1.067154377275833,1.7677359688023226e-08,14,14,0.0
rf,Случайный лес,dfa__dfa_exp__frontal_alpha,Долговременные корреляции · dfa exp · лобная область α,dfa,Долговременные корреляции,0.0,0.0,all_clean_features,exploratory_holdout,30,131,33,0.1221014172093764,0.1221014172093764,0.7776268115942029,1.042285237626885,1.042285237626885,1.7677359688023226e-08,15,15,0.0
rf,Случайный лес,dfa__dfa_exp__occipital_alpha,Долговременные корреляции · dfa exp · затылочная область α,dfa,Долговременные корреляции,0.0,0.0,all_clean_features,exploratory_holdout,30,131,33,0.19360333325927018,0.19360333325927018,0.7768719806763286,1.0969821672769275,1.0969821672769275,1.8622578989888503e-08,16,16,0.0
rf,Случайный лес,conn__hub_z_max__plv_beta,Функциональная связность · максимальный hub z-score · PLV β,conn,Функциональная связность,0.0,0.0,all_clean_features,exploratory_holdout,30,131,33,-0.2478008299119807,0.2478008299119807,0.776268115942029,-1.066771737493484,1.066771737493484,1.8707026878628353e-08,17,17,0.0
rf,Случайный лес,aper__aperiodic_exponent__frontal,Апериодический компонент · экспонента 1/f · лобная область,aper,Апериодический компонент,0.0,0.0,all_clean_features,exploratory_holdout,30,131,33,0.173338025657065,0.173338025657065,0.7758152173913043,0.9693323545586681,0.9693323545586681,1.8707026878628353e-08,18,18,0.0
rf,Случайный лес,aper__aperiodic_slope__frontal,Апериодический компонент · наклон 1/f · лобная область,aper,Апериодический компонент,0.0,0.0,all_clean_features,exploratory_holdout,30,131,33,-0.173338025657065,0.173338025657065,0.7758152173913043,-0.9693323545586681,0.9693323545586681,1.8707026878628353e-08,19,19,0.0
rf,Случайный лес,aper__aperiodic_intercept_log10__central,Апериодический компонент · aperiodic intercept log10 · центральная область,aper,Апериодический компонент,0.0,0.0,all_clean_features,exploratory_holdout,30,131,33,0.11943832785060221,0.11943832785060221,0.7743055555555556,1.0490147568707586,1.0490147568707586,2.2011209754442993e-08,20,20,0.0
rf,Случайный лес,spec_shape__spectral_entropy_raw__central,Интегральные спектральные характеристики · спектральная энтропия · центральная область,spec_shape,Интегральные спектральные характеристики,0.0,0.0,all_clean_features,exploratory_holdout,30,131,33,-0.052400677342211495,0.052400677342211495,0.7732487922705313,-1.0081510450692717,1.0081510450692717,2.3441782877667187e-08,21,21,0.0
rf,Случайный лес,spec_shape__spectral_entropy_norm__central,Интегральные спектральные характеристики · спектральная энтропия norm · центральная область,spec_shape,Интегральные спектральные характеристики,0.0,0.0,all_clean_features,exploratory_holdout,30,131,33,-0.052400677342212015,0.052400677342212015,0.7732487922705313,-1.0081510450692663,1.0081510450692663,2.3441782877667187e-08,22,22,0.0
rf,Случайный лес,dfa__dfa_exp__parietal_alpha,Долговременные корреляции · dfa exp · теменная область α,dfa,Долговременные корреляции,0.0,0.0,all_clean_features,exploratory_holdout,30,131,33,0.1750608565798002,0.1750608565798002,0.7715881642512078,1.0199965450147548,1.0199965450147548,2.8231835211831212e-08,23,23,0.0
rf,Случайный лес,conn__global_efficiency__plv_theta,Функциональная связность · глобальная эффективность · PLV θ,conn,Функциональная связность,0.0,0.0,all_clean_features,exploratory_holdout,30,131,33,-0.16523262790170498,0.16523262790170498,0.7697765700483092,-0.9378487017738449,0.9378487017738449,3.469544755493704e-08,24,24,0.0
rf,Случайный лес,aper__aperiodic_exponent__parietal,Апериодический компонент · экспонента 1/f · теменная область,aper,Апериодический компонент,0.0,0.0,all_clean_features,exploratory_holdout,30,131,33,0.011166359374353075,0.011166359374353075,0.7673611111111112,0.9890745135324296,0.9890745135324296,4.463795683076409e-08,25,25,0.0
rf,Случайный лес,aper__aperiodic_slope__parietal,Апериодический компонент · наклон 1/f · теменная область,aper,Апериодический компонент,0.0,0.0,all_clean_features,exploratory_holdout,30,131,33,-0.011166359374353075,0.011166359374353075,0.7673611111111112,-0.9890745135324296,0.9890745135324296,4.463795683076409e-08,26,26,0.0
rf,Случайный лес,conn__global_efficiency__pdc_beta,Функциональная связность · глобальная эффективность · PDC β,conn,Функциональная связность,0.0,0.0,all_clean_features,exploratory_holdout,30,131,33,-0.28370723194239844,0.28370723194239844,0.7604166666666666,-0.9503946936191081,0.9503946936191081,1.03706992272243e-07,27,27,0.0
rf,Случайный лес,conn__hub_z_max__coh_delta,Функциональная связность · максимальный hub z-score · coherence δ,conn,Функциональная связность,0.0,0.0,all_clean_features,exploratory_holdout,30,131,33,-0.09881070793925507,0.09881070793925507,0.7586050724637682,-0.9479797066387464,0.9479797066387464,1.2695350882579458e-07,28,28,0.0
rf,Случайный лес,burst__pct_time__frontal_alpha,Ритмические эпизоды · pct time · лобная область α,burst,Ритмические эпизоды,0.0,0.0,all_clean_features,exploratory_holdout,30,131,33,0.19130135927517022,0.19130135927517022,0.7580012077294687,0.951274927971627,0.951274927971627,1.3312058525082866e-07,29,29,0.0
rf,Случайный лес,aper__aperiodic_exponent__temporal,Апериодический компонент · экспонента 1/f · височная область,aper,Апериодический компонент,0.0,0.0,all_clean_features,exploratory_holdout,30,131,33,0.01993909503333305,0.01993909503333305,0.7570954106280193,0.9890803146166957,0.9890803146166957,1.411494995852662e-07,30,30,0.0
rf,Случайный лес,aper__aperiodic_slope__temporal,Апериодический компонент · наклон 1/f · височная область,aper,Апериодический компонент,0.0,0.0,all_clean_features,exploratory_holdout,30,131,33,-0.01993909503333305,0.01993909503333305,0.7570954106280193,-0.9890803146166957,0.9890803146166957,1.411494995852662e-07,31,31,0.0
rf,Случайный лес,spec_shape__sef95_hz__frontal,Интегральные спектральные характеристики · SEF95 hz · лобная область,spec_shape,Интегральные спектральные характеристики,0.0,0.0,all_clean_features,exploratory_holdout,30,131,33,-0.1196198594470452,0.1196198594470452,0.7543780193236715,-0.9746918387024786,0.9746918387024786,1.9386187668045674e-07,32,32,0.0
rf,Случайный лес,burst__pct_time__parietal_alpha,Ритмические эпизоды · pct time · теменная область α,burst,Ритмические эпизоды,0.0,0.0,all_clean_features,exploratory_holdout,30,131,33,0.19200962235171531,0.19200962235171531,0.7540760869565218,0.9235073241276345,0.9235073241276345,1.9472268124562714e-07,33,33,0.0
rf,Случайный лес,burst__pct_time__central_alpha,Ритмические эпизоды · pct time · центральная область α,burst,Ритмические эпизоды,0.0,0.0,all_clean_features,exploratory_holdout,30,131,33,0.21523729787363122,0.21523729787363122,0.7539251207729469,0.9933777521342236,0.9933777521342236,1.9472268124562714e-07,34,34,0.0
rf,Случайный лес,conn__clustering__plv_delta,Функциональная связность · кластеризация · PLV δ,conn,Функциональная связность,0.0,0.0,all_clean_features,exploratory_holdout,30,131,33,-0.0036140478736930125,0.0036140478736930125,0.751358695652174,-0.8560275978972943,0.8560275978972943,2.555610097778762e-07,35,35,0.0
rf,Случайный лес,event__slope_rise_uvs,Транзиентные события · slope rise uvs,event,Транзиентные события,0.0,0.0,all_clean_features,exploratory_holdout,30,131,33,0.08095672787832893,0.08095672787832893,0.7468297101449275,0.5935143413376659,0.5935143413376659,4.3694718312121074e-07,36,36,0.0
rf,Случайный лес,spec_shape__spectral_entropy_norm__temporal,Интегральные спектральные характеристики · спектральная энтропия norm · височная область,spec_shape,Интегральные спектральные характеристики,0.0,0.0,all_clean_features,exploratory_holdout,30,131,33,0.11848046732489796,0.11848046732489796,0.742451690821256,-0.8410157663110327,0.8410157663110327,7.104759709903698e-07,37,37,0.0
rf,Случайный лес,spec_shape__spectral_entropy_raw__temporal,Интегральные спектральные характеристики · спектральная энтропия · височная область,spec_shape,Интегральные спектральные характеристики,0.0,0.0,all_clean_features,exploratory_holdout,30,131,33,0.11848046732489753,0.11848046732489753,0.742451690821256,-0.8410157663110321,0.8410157663110321,7.104759709903698e-07,38,38,0.0
rf,Случайный лес,event__slope_fall_uvs,Транзиентные события · slope fall uvs,event,Транзиентные события,0.0,0.0,all_clean_features,exploratory_holdout,30,131,33,-0.0989537364662509,0.0989537364662509,0.7404891304347826,-0.5579543084276651,0.5579543084276651,8.79473730321795e-07,39,39,0.0
rf,Случайный лес,conn__mean_strength__plv_theta,Функциональная связность · mean strength · PLV θ,conn,Функциональная связность,0.0,0.0,all_clean_features,exploratory_holdout,30,131,33,-0.09890250376409526,0.09890250376409526,0.7361111111111112,-0.7592799904636308,0.7592799904636308,1.4466585547147826e-06,40,40,0.0
rf,Случайный лес,aper__aperiodic_intercept_log10__occipital,Апериодический компонент · aperiodic intercept log10 · затылочная область,aper,Апериодический компонент,0.0,0.0,all_clean_features,exploratory_holdout,30,131,33,0.04492754237440588,0.04492754237440588,0.7356582125603865,0.8614408481124481,0.8614408481124481,1.4933142530569576e-06,41,41,0.0
rf,Случайный лес,aper__aperiodic_exponent__central,Апериодический компонент · экспонента 1/f · центральная область,aper,Апериодический компонент,0.0,0.0,all_clean_features,exploratory_holdout,30,131,33,0.09655774510671421,0.09655774510671421,0.7339975845410628,0.9095961341514031,0.9095961341514031,1.7397610555729624e-06,42,42,0.0
rf,Случайный лес,aper__aperiodic_slope__central,Апериодический компонент · наклон 1/f · центральная область,aper,Апериодический компонент,0.0,0.0,all_clean_features,exploratory_holdout,30,131,33,-0.09655774510671421,0.09655774510671421,0.7339975845410628,-0.9095961341514031,0.9095961341514031,1.7397610555729624e-06,43,43,0.0
rf,Случайный лес,conn__asymmetry__pdc_beta,Функциональная связность · асимметрия · PDC β,conn,Функциональная связность,0.0,0.0,all_clean_features,exploratory_holdout,30,131,33,-0.21000916488896848,0.21000916488896848,0.7311292270531401,-0.8548326794879458,0.8548326794879458,2.331547447303809e-06,44,44,0.0
rf,Случайный лес,conn__n_hubs__plv_delta,Функциональная связность · n hubs · PLV δ,conn,Функциональная связность,0.0,0.0,all_clean_features,exploratory_holdout,30,131,33,-0.05976474747255861,0.05976474747255861,0.7298460144927537,-0.9662551376690595,0.9662551376690595,2.3225237482741015e-07,45,45,0.0
rf,Случайный лес,event__auc_abs_uvs,Транзиентные события · auc abs uvs,event,Транзиентные события,0.0,0.0,all_clean_features,exploratory_holdout,30,131,33,-0.05076136258410101,0.05076136258410101,0.7297705314009663,0.6729617247212687,0.6729617247212687,2.6735628200454034e-06,46,46,0.0
rf,Случайный лес,event__sharpness_uv,Транзиентные события · sharpness uv,event,Транзиентные события,0.0,0.0,all_clean_features,exploratory_holdout,30,131,33,0.11959615138773273,0.11959615138773273,0.7294685990338163,0.5980659462960258,0.5980659462960258,2.7155099153961007e-06,47,47,0.0
rf,Случайный лес,conn__global_efficiency__pdc_alpha,Функциональная связность · глобальная эффективность · PDC α,conn,Функциональная связность,0.0,0.0,all_clean_features,exploratory_holdout,30,131,33,-0.1732430300364377,0.1732430300364377,0.728713768115942,-0.9096515882681813,0.9096515882681813,2.9056049884386746e-06,48,48,0.0
rf,Случайный лес,spec_shape__sef95_hz__temporal,Интегральные спектральные характеристики · SEF95 hz · височная область,spec_shape,Интегральные спектральные характеристики,0.0,0.0,all_clean_features,exploratory_holdout,30,131,33,0.1328002438314973,0.1328002438314973,0.7252415458937198,-0.832347289726649,0.832347289726649,4.229573812176755e-06,49,49,0.0
rf,Случайный лес,spec_shape__sef95_hz__central,Интегральные спектральные характеристики · SEF95 hz · центральная область,spec_shape,Интегральные спектральные характеристики,0.0,0.0,all_clean_features,exploratory_holdout,30,131,33,-0.07940200688188813,0.07940200688188813,0.7241847826086956,-0.9033915499490599,0.9033915499490599,4.677776704143436e-06,50,50,0.0
rf,Случайный лес,conn__n_hubs__coh_delta,Функциональная связность · n hubs · coherence δ,conn,Функциональная связность,0.0,0.0,all_clean_features,exploratory_holdout,30,131,33,-0.07394469227062889,0.07394469227062889,0.7225241545893719,-0.9643291397142586,0.9643291397142586,8.246249087315795e-08,51,51,0.0
rf,Случайный лес,conn__hub_z_max__pdc_alpha,Функциональная связность · максимальный hub z-score · PDC α,conn,Функциональная связность,0.0,0.0,all_clean_features,exploratory_holdout,30,131,33,-0.10860776929675924,0.10860776929675924,0.7178442028985508,-0.7888993830744875,0.7888993830744875,9.108969507995556e-06,52,52,0.0
rf,Случайный лес,alpha_peak__alpha_peak_db__parietal,"Параметры альфа-ритма · выраженность альфа-пика, дБ · теменная область",alpha_peak,Параметры альфа-ритма,0.0,0.0,all_clean_features,exploratory_holdout,30,131,33,0.15382277115495663,0.15382277115495663,0.7140700483091786,0.7342473181696393,0.7342473181696393,1.3475427860974302e-05,53,53,0.0
rf,Случайный лес,dfa__dfa_exp__central_alpha,Долговременные корреляции · dfa exp · центральная область α,dfa,Долговременные корреляции,0.0,0.0,all_clean_features,exploratory_holdout,30,131,33,0.14549348742461715,0.14549348742461715,0.712409420289855,0.8017442787829143,0.8017442787829143,1.58282191410198e-05,54,54,0.0
rf,Случайный лес,conn__hub_z_max__plv_theta,Функциональная связность · максимальный hub z-score · PLV θ,conn,Функциональная связность,0.0,0.0,all_clean_features,exploratory_holdout,30,131,33,-0.17422776009884963,0.17422776009884963,0.7118055555555556,-0.8200868154459982,0.8200868154459982,1.6335123789945015e-05,55,55,0.0
rf,Случайный лес,conn__global_efficiency__plv_delta,Функциональная связность · глобальная эффективность · PLV δ,conn,Функциональная связность,0.0,0.0,all_clean_features,exploratory_holdout,30,131,33,-0.10917560025712529,0.10917560025712529,0.7118055555555556,-0.7588676551431861,0.7588676551431861,1.6335123789945015e-05,56,56,0.0
rf,Случайный лес,conn__asymmetry__dtf_beta,Функциональная связность · асимметрия · DTF β,conn,Функциональная связность,0.0,0.0,all_clean_features,exploratory_holdout,30,131,33,-0.43570520258328177,0.43570520258328177,0.711352657004831,-0.7839986104287673,0.7839986104287673,1.686838321294027e-05,57,57,0.0
rf,Случайный лес,conn__clustering__plv_alpha,Функциональная связность · кластеризация · PLV α,conn,Функциональная связность,0.0,0.0,all_clean_features,exploratory_holdout,30,131,33,-0.06020277743273996,0.06020277743273996,0.7089371980676329,-0.7625490190397487,0.7625490190397487,2.1429017980673443e-05,58,58,0.0
rf,Случайный лес,conn__clustering__coh_beta,Функциональная связность · кластеризация · coherence β,conn,Функциональная связность,0.0,0.0,all_clean_features,exploratory_holdout,30,131,33,-0.12682343445523195,0.12682343445523195,0.7081823671497585,-0.6260046939048262,0.6260046939048262,2.2837208517802385e-05,59,59,0.0
rf,Случайный лес,conn__global_efficiency__pdc_theta,Функциональная связность · глобальная эффективность · PDC θ,conn,Функциональная связность,0.0,0.0,all_clean_features,exploratory_holdout,30,131,33,-0.08743111417978383,0.08743111417978383,0.7066727053140096,-0.7381213535840112,0.7381213535840112,2.6327541888808928e-05,60,60,0.0
rf,Случайный лес,burst__rate_per_min__parietal_beta,Ритмические эпизоды · rate per min · теменная область β,burst,Ритмические эпизоды,0.0,0.0,all_clean_features,exploratory_holdout,30,131,33,0.12762461086262356,0.12762461086262356,0.7048611111111113,0.7469014001846134,0.7469014001846134,3.1253873136849714e-05,61,61,0.0
rf,Случайный лес,conn__clustering__pdc_theta,Функциональная связность · кластеризация · PDC θ,conn,Функциональная связность,0.0,0.0,all_clean_features,exploratory_holdout,30,131,33,0.05912508616752807,0.05912508616752807,0.7032004830917875,0.7278333162608164,0.7278333162608164,3.656297826240317e-05,62,62,0.0
rf,Случайный лес,conn__clustering__pdc_delta,Функциональная связность · кластеризация · PDC δ,conn,Функциональная связность,0.0,0.0,all_clean_features,exploratory_holdout,30,131,33,0.12267092921926137,0.12267092921926137,0.7027475845410629,0.731526152725907,0.731526152725907,3.774131472445813e-05,63,63,0.0
rf,Случайный лес,conn__hub_z_max__pdc_beta,Функциональная связность · максимальный hub z-score · PDC β,conn,Функциональная связность,0.0,0.0,all_clean_features,exploratory_holdout,30,131,33,-0.24335516892942397,0.24335516892942397,0.7004830917874396,-0.759152883308247,0.759152883308247,4.6830427518196595e-05,64,64,0.0
rf,Случайный лес,conn__n_hubs__plv_beta,Функциональная связность · n hubs · PLV β,conn,Функциональная связность,0.0,0.0,all_clean_features,exploratory_holdout,30,131,33,-0.12218214999741166,0.12218214999741166,0.7003321256038647,-0.7873692003314003,0.7873692003314003,7.0849336275301865e-06,65,65,0.0
rf,Случайный лес,spec_shape__spectral_entropy_raw__parietal,Интегральные спектральные характеристики · спектральная энтропия · теменная область,spec_shape,Интегральные спектральные характеристики,0.0,0.0,all_clean_features,exploratory_holdout,30,131,33,-0.010944172172756294,0.010944172172756294,0.6997282608695652,-0.7483586790795292,0.7483586790795292,4.913430594248742e-05,66,66,0.0
rf,Случайный лес,spec_shape__spectral_entropy_norm__parietal,Интегральные спектральные характеристики · спектральная энтропия norm · теменная область,spec_shape,Интегральные спектральные характеристики,0.0,0.0,all_clean_features,exploratory_holdout,30,131,33,-0.010944172172755883,0.010944172172755883,0.6997282608695652,-0.7483586790795274,0.7483586790795274,4.913430594248742e-05,67,67,0.0
rf,Случайный лес,alpha_peak__alpha_peak_db__occipital,"Параметры альфа-ритма · выраженность альфа-пика, дБ · затылочная область",alpha_peak,Параметры альфа-ритма,0.0,0.0,all_clean_features,exploratory_holdout,30,131,33,0.04702634651523839,0.04702634651523839,0.6953502415458938,0.6848100466600096,0.6848100466600096,7.300122197288827e-05,68,68,0.0
rf,Случайный лес,conn__global_efficiency__coh_theta,Функциональная связность · глобальная эффективность · coherence θ,conn,Функциональная связность,0.0,0.0,all_clean_features,exploratory_holdout,30,131,33,0.040678428949200256,0.040678428949200256,0.6953502415458936,-0.5173496706386319,0.5173496706386319,7.300122197288827e-05,69,69,0.0
rf,Случайный лес,burst__rate_per_min__temporal_beta,Ритмические эпизоды · rate per min · височная область β,burst,Ритмические эпизоды,0.0,0.0,all_clean_features,exploratory_holdout,30,131,33,0.10496882098722154,0.10496882098722154,0.6925573671497585,0.6829507703346366,0.6829507703346366,9.467651168955493e-05,70,70,0.0
rf,Случайный лес,conn__clustering__pdc_alpha,Функциональная связность · кластеризация · PDC α,conn,Функциональная связность,0.0,0.0,all_clean_features,exploratory_holdout,30,131,33,0.08107011484654868,0.08107011484654868,0.6917270531400965,0.7060071018433022,0.7060071018433022,0.00010138334358552302,71,71,0.0
rf,Случайный лес,burst__rate_per_min__frontal_beta,Ритмические эпизоды · rate per min · лобная область β,burst,Ритмические эпизоды,0.0,0.0,all_clean_features,exploratory_holdout,30,131,33,0.143419733378538,0.143419733378538,0.6911986714975845,0.6772754937316076,0.6772754937316076,0.00010522898470681666,72,72,0.0
rf,Случайный лес,spec_shape__sef95_hz__parietal,Интегральные спектральные характеристики · SEF95 hz · теменная область,spec_shape,Интегральные спектральные характеристики,0.0,0.0,all_clean_features,exploratory_holdout,30,131,33,0.0013887043108889326,0.0013887043108889326,0.6909722222222222,-0.756622026328052,0.756622026328052,0.00010631546114735285,73,73,0.0
rf,Случайный лес,conn__clustering__coh_delta,Функциональная связность · кластеризация · coherence δ,conn,Функциональная связность,0.0,0.0,all_clean_features,exploratory_holdout,30,131,33,-0.1425067993556919,0.1425067993556919,0.6873490338164252,-0.3243590535632492,0.3243590535632492,0.00014860195174898515,74,74,0.0
rf,Случайный лес,alpha_peak__alpha_peak_db__temporal,"Параметры альфа-ритма · выраженность альфа-пика, дБ · височная область",alpha_peak,Параметры альфа-ритма,0.0,0.0,all_clean_features,exploratory_holdout,30,131,33,0.04902291424295056,0.04902291424295056,0.6870471014492754,0.6155726230900066,0.6155726230900066,0.00015103766176281655,75,75,0.0
rf,Случайный лес,burst__pct_time__temporal_alpha,Ритмические эпизоды · pct time · височная область α,burst,Ритмические эпизоды,0.0,0.0,all_clean_features,exploratory_holdout,30,131,33,0.14992405494537625,0.14992405494537625,0.6856884057971013,0.6745289720101295,0.6745289720101295,0.00016965896609009106,76,76,0.0
rf,Случайный лес,burst__rate_per_min__occipital_beta,Ритмические эпизоды · rate per min · затылочная область β,burst,Ритмические эпизоды,0.0,0.0,all_clean_features,exploratory_holdout,30,131,33,0.03385724528730549,0.03385724528730549,0.6831974637681159,0.6283257107284206,0.6283257107284206,0.00021154845162415305,77,77,0.0
rf,Случайный лес,burst__mean_amp__parietal_alpha,Ритмические эпизоды · mean amp · теменная область α,burst,Ритмические эпизоды,0.0,0.0,all_clean_features,exploratory_holdout,30,131,33,0.19062120178705566,0.19062120178705566,0.6796497584541064,0.5999834756548323,0.5999834756548323,0.00029024992383830026,78,78,0.0
rf,Случайный лес,conn__global_efficiency__dtf_delta,Функциональная связность · глобальная эффективность · DTF δ,conn,Функциональная связность,0.0,0.0,all_clean_features,exploratory_holdout,30,131,33,0.09639695074111407,0.09639695074111407,0.6784420289855072,0.7063958136276363,0.7063958136276363,0.0003202515167766284,79,79,0.0
rf,Случайный лес,conn__clustering__plv_beta,Функциональная связность · кластеризация · PLV β,conn,Функциональная связность,0.0,0.0,all_clean_features,exploratory_holdout,30,131,33,-0.00927593704936155,0.00927593704936155,0.6779891304347826,-0.5645545739450836,0.5645545739450836,0.00032982517362443987,80,80,0.0
rf,Случайный лес,conn__hub_z_max__plv_alpha,Функциональная связность · максимальный hub z-score · PLV α,conn,Функциональная связность,0.0,0.0,all_clean_features,exploratory_holdout,30,131,33,-0.1392851961590865,0.1392851961590865,0.6770833333333333,-0.6960530067314463,0.6960530067314463,0.00035390341692435645,81,81,0.0
rf,Случайный лес,dfa__dfa_exp__temporal_alpha,Долговременные корреляции · dfa exp · височная область α,dfa,Долговременные корреляции,0.0,0.0,all_clean_features,exploratory_holdout,30,131,33,-0.014058930328081982,0.014058930328081982,0.6769323671497585,0.5709800373884085,0.5709800373884085,0.00035468467106014237,82,82,0.0
rf,Случайный лес,event__spread_rois,Транзиентные события · spread rois,event,Транзиентные события,0.0,0.0,all_clean_features,exploratory_holdout,30,131,33,0.060705097675266946,0.060705097675266946,0.673762077294686,0.7844654110686076,0.7844654110686076,1.9338518973780407e-06,83,83,0.0
rf,Случайный лес,burst__pct_time__occipital_beta,Ритмические эпизоды · pct time · затылочная область β,burst,Ритмические эпизоды,0.0,0.0,all_clean_features,exploratory_holdout,30,131,33,0.03463259171964959,0.03463259171964959,0.6733091787439613,0.6372824145705441,0.6372824145705441,0.00048490199369786616,84,84,0.0
rf,Случайный лес,tfr__value__central_tfr_alpha_cv,Время-частотные характеристики · value · центральная область tfr α cv,tfr,Время-частотные характеристики,0.0,0.0,all_clean_features,exploratory_holdout,30,131,33,-0.19218794499525238,0.19218794499525238,0.6725543478260869,-0.43727958735177813,0.43727958735177813,0.0005126516477436896,85,85,0.0
rf,Случайный лес,conn__n_hubs__plv_theta,Функциональная связность · n hubs · PLV θ,conn,Функциональная связность,0.0,0.0,all_clean_features,exploratory_holdout,30,131,33,-0.11082750963328254,0.11082750963328254,0.6722524154589372,-0.6844531822057338,0.6844531822057338,5.0032873312626226e-05,86,86,0.0
rf,Случайный лес,conn__asymmetry__pdc_alpha,Функциональная связность · асимметрия · PDC α,conn,Функциональная связность,0.0,0.0,all_clean_features,exploratory_holdout,30,131,33,-0.06235681189167308,0.06235681189167308,0.6710446859903383,-0.6024872606759792,0.6024872606759792,0.0005726970766693362,87,87,0.0
rf,Случайный лес,conn__hub_z_max__pdc_theta,Функциональная связность · максимальный hub z-score · PDC θ,conn,Функциональная связность,0.0,0.0,all_clean_features,exploratory_holdout,30,131,33,-0.03439712835950631,0.03439712835950631,0.6710446859903382,-0.5938876305030034,0.5938876305030034,0.0005726970766693362,88,88,0.0
rf,Случайный лес,dfa__dfa_exp__occipital_beta,Долговременные корреляции · dfa exp · затылочная область β,dfa,Долговременные корреляции,0.0,0.0,all_clean_features,exploratory_holdout,30,131,33,0.022235649035133188,0.022235649035133188,0.6708937198067634,0.563525356739438,0.563525356739438,0.0005740764809853581,89,89,0.0
rf,Случайный лес,conn__hub_z_max__dtf_beta,Функциональная связность · максимальный hub z-score · DTF β,conn,Функциональная связность,0.0,0.0,all_clean_features,exploratory_holdout,30,131,33,0.08985563772148045,0.08985563772148045,0.6680253623188407,0.5017063018020019,0.5017063018020019,0.000720988622187269,90,90,0.0
rf,Случайный лес,conn__global_efficiency__pdc_delta,Функциональная связность · глобальная эффективность · PDC δ,conn,Функциональная связность,0.0,0.0,all_clean_features,exploratory_holdout,30,131,33,0.020959747058605708,0.020959747058605708,0.6680253623188406,-0.5371713926740077,0.5371713926740077,0.000720988622187269,91,91,0.0
rf,Случайный лес,burst__mean_peak__parietal_alpha,Ритмические эпизоды · mean peak · теменная область α,burst,Ритмические эпизоды,0.0,0.0,all_clean_features,exploratory_holdout,30,131,33,0.11442869720292517,0.11442869720292517,0.667572463768116,0.5609936738958551,0.5609936738958551,0.0007418494494308191,92,92,0.0
rf,Случайный лес,alpha_peak__alpha_peak_db__central,"Параметры альфа-ритма · выраженность альфа-пика, дБ · центральная область",alpha_peak,Параметры альфа-ритма,0.0,0.0,all_clean_features,exploratory_holdout,30,131,33,0.11457421001204746,0.11457421001204746,0.6666666666666666,0.5577680323879399,0.5577680323879399,0.0007935300095253472,93,93,0.0
rf,Случайный лес,conn__hub_z_max__dtf_theta,Функциональная связность · максимальный hub z-score · DTF θ,conn,Функциональная связность,0.0,0.0,all_clean_features,exploratory_holdout,30,131,33,0.14003109352160673,0.14003109352160673,0.6644021739130435,0.484558757326689,0.484558757326689,0.0009522883719173505,94,94,0.0
rf,Случайный лес,conn__asymmetry__dtf_delta,Функциональная связность · асимметрия · DTF δ,conn,Функциональная связность,0.0,0.0,all_clean_features,exploratory_holdout,30,131,33,-0.15093887601223394,0.15093887601223394,0.6606280193236715,-0.527881446070004,0.527881446070004,0.0012928204026177485,95,95,0.0
rf,Случайный лес,alpha_peak__alpha_peak_db__frontal,"Параметры альфа-ритма · выраженность альфа-пика, дБ · лобная область",alpha_peak,Параметры альфа-ритма,0.0,0.0,all_clean_features,exploratory_holdout,30,131,33,0.0030381984131504234,0.0030381984131504234,0.6601751207729469,0.5681417948736062,0.5681417948736062,0.0013287576045971478,96,96,0.0
rf,Случайный лес,conn__asymmetry__pdc_delta,Функциональная связность · асимметрия · PDC δ,conn,Функциональная связность,0.0,0.0,all_clean_features,exploratory_holdout,30,131,33,0.0745535713675557,0.0745535713675557,0.6594202898550725,-0.5575351161724661,0.5575351161724661,0.0014000870721603428,97,97,0.0
rf,Случайный лес,event__energy_uv2s,Транзиентные события · energy uv2s,event,Транзиентные события,0.0,0.0,all_clean_features,exploratory_holdout,30,131,33,-0.05633119750961333,0.05633119750961333,0.6592693236714976,0.4195080876406125,0.4195080876406125,0.001403682507332499,98,98,0.0
rf,Случайный лес,conn__global_efficiency__dtf_beta,Функциональная связность · глобальная эффективность · DTF β,conn,Функциональная связность,0.0,0.0,all_clean_features,exploratory_holdout,30,131,33,0.06035702928103435,0.06035702928103435,0.6565519323671498,0.5628229382193644,0.5628229382193644,0.0017351254629525833,99,99,0.0
rf,Случайный лес,aper__aperiodic_exponent__occipital,Апериодический компонент · экспонента 1/f · затылочная область,aper,Апериодический компонент,0.0,0.0,all_clean_features,exploratory_holdout,30,131,33,0.03267400563148504,0.03267400563148504,0.6559480676328503,0.5979646438812802,0.5979646438812802,0.0017872322344626328,100,100,0.0
rf,Случайный лес,aper__aperiodic_slope__occipital,Апериодический компонент · наклон 1/f · затылочная область,aper,Апериодический компонент,0.0,0.0,all_clean_features,exploratory_holdout,30,131,33,-0.03267400563148504,0.03267400563148504,0.6559480676328502,-0.5979646438812802,0.5979646438812802,0.0017872322344626328,101,101,0.0
rf,Случайный лес,conn__mean_strength__coh_theta,Функциональная связность · mean strength · coherence θ,conn,Функциональная связность,0.0,0.0,all_clean_features,exploratory_holdout,30,131,33,0.11382802434459381,0.11382802434459381,0.6487016908212561,-0.3034490164493696,0.3034490164493696,0.0030816210225870972,102,102,0.0
rf,Случайный лес,conn__asymmetry__pdc_theta,Функциональная связность · асимметрия · PDC θ,conn,Функциональная связность,0.0,0.0,all_clean_features,exploratory_holdout,30,131,33,0.04489765203337518,0.04489765203337518,0.643719806763285,-0.44180950633891797,0.44180950633891797,0.004465544948968674,103,103,0.0
rf,Случайный лес,burst__mean_amp__occipital_alpha,Ритмические эпизоды · mean amp · затылочная область α,burst,Ритмические эпизоды,0.0,0.0,all_clean_features,exploratory_holdout,30,131,33,0.046017752985364986,0.046017752985364986,0.6435688405797101,0.3883869241074725,0.3883869241074725,0.00447543704558339,104,104,0.0
rf,Случайный лес,aper__alpha_peak_cf_hz__frontal,"Апериодический компонент · центральная частота альфа-пика, Гц · лобная область",aper,Апериодический компонент,0.0,0.0,all_clean_features,exploratory_holdout,30,131,33,0.12994773927699865,0.12994773927699865,0.6410024154589373,0.41239588356601803,0.41239588356601803,0.005211950314435524,105,105,0.0
rf,Случайный лес,burst__mean_peak__occipital_alpha,Ритмические эпизоды · mean peak · затылочная область α,burst,Ритмические эпизоды,0.0,0.0,all_clean_features,exploratory_holdout,30,131,33,-0.03573222864432599,0.03573222864432599,0.640096618357488,0.34965219518371987,0.34965219518371987,0.005590107012585315,106,106,0.0
rf,Случайный лес,conn__global_efficiency__dtf_theta,Функциональная связность · глобальная эффективность · DTF θ,conn,Функциональная связность,0.0,0.0,all_clean_features,exploratory_holdout,30,131,33,-0.0546870301974755,0.0546870301974755,0.6397946859903382,0.4788948398884144,0.4788948398884144,0.0056658299608378475,107,107,0.0
rf,Случайный лес,burst__pct_time__parietal_beta,Ритмические эпизоды · pct time · теменная область β,burst,Ритмические эпизоды,0.0,0.0,all_clean_features,exploratory_holdout,30,131,33,0.0677595179730075,0.0677595179730075,0.6378321256038647,0.5297890577783736,0.5297890577783736,0.0064265701581287,108,108,0.0
rf,Случайный лес,conn__hub_z_max__coh_alpha,Функциональная связность · максимальный hub z-score · coherence α,conn,Функциональная связность,0.0,0.0,all_clean_features,exploratory_holdout,30,131,33,-0.06548207480726798,0.06548207480726798,0.63737922705314,-0.4546470292021562,0.4546470292021562,0.006584629282829288,109,109,0.0
rf,Случайный лес,conn__global_efficiency__coh_delta,Функциональная связность · глобальная эффективность · coherence δ,conn,Функциональная связность,0.0,0.0,all_clean_features,exploratory_holdout,30,131,33,-0.12610813833799533,0.12610813833799533,0.6372282608695652,-0.21837651965054147,0.21837651965054147,0.006600957153035491,110,110,0.0
rf,Случайный лес,conn__mean_strength__dtf_delta,Функциональная связность · mean strength · DTF δ,conn,Функциональная связность,0.0,0.0,all_clean_features,exploratory_holdout,30,131,33,0.025284495239047324,0.025284495239047324,0.6364734299516908,0.5229872823225812,0.5229872823225812,0.006912081215231989,111,111,0.0
rf,Случайный лес,conn__clustering__dtf_theta,Функциональная связность · кластеризация · DTF θ,conn,Функциональная связность,0.0,0.0,all_clean_features,exploratory_holdout,30,131,33,-0.11633222708753149,0.11633222708753149,0.6349637681159421,-0.39649315503371446,0.39649315503371446,0.007574786566313187,112,112,0.0
rf,Случайный лес,burst__pct_time__frontal_beta,Ритмические эпизоды · pct time · лобная область β,burst,Ритмические эпизоды,0.0,0.0,all_clean_features,exploratory_holdout,30,131,33,0.14417030110102022,0.14417030110102022,0.6337560386473431,0.5082967629527384,0.5082967629527384,0.008185330445030935,113,113,0.0
rf,Случайный лес,conn__modularity__dtf_beta,Функциональная связность · модулярность · DTF β,conn,Функциональная связность,0.0,0.0,all_clean_features,exploratory_holdout,30,131,33,-0.13917267995603852,0.13917267995603852,0.632397342995169,-0.48300312549203617,0.48300312549203617,0.002213605924584933,114,114,0.0
rf,Случайный лес,burst__rate_per_min__central_beta,Ритмические эпизоды · rate per min · центральная область β,burst,Ритмические эпизоды,0.0,0.0,all_clean_features,exploratory_holdout,30,131,33,0.08663663308779009,0.08663663308779009,0.6320199275362319,0.3932576927086906,0.3932576927086906,0.009170078240543658,115,115,0.0
rf,Случайный лес,dfa__dfa_exp__parietal_beta,Долговременные корреляции · dfa exp · теменная область β,dfa,Долговременные корреляции,0.0,0.0,all_clean_features,exploratory_holdout,30,131,33,0.0058705162128691885,0.0058705162128691885,0.6290760869565218,0.4503861776054617,0.4503861776054617,0.011159962065336718,116,116,0.0
rf,Случайный лес,spec_shape__spectral_entropy_norm__occipital,Интегральные спектральные характеристики · спектральная энтропия norm · затылочная область,spec_shape,Интегральные спектральные характеристики,0.0,0.0,all_clean_features,exploratory_holdout,30,131,33,-0.018025449181070605,0.018025449181070605,0.6284722222222222,-0.48425151198909694,0.48425151198909694,0.011448074385518396,117,117,0.0
rf,Случайный лес,spec_shape__spectral_entropy_raw__occipital,Интегральные спектральные характеристики · спектральная энтропия · затылочная область,spec_shape,Интегральные спектральные характеристики,0.0,0.0,all_clean_features,exploratory_holdout,30,131,33,-0.018025449181069898,0.018025449181069898,0.6284722222222222,-0.48425151198909605,0.48425151198909605,0.011448074385518396,118,118,0.0
rf,Случайный лес,alpha_peak__alpha_peak_amp_db__parietal,"Параметры альфа-ритма · амплитуда альфа-пика, дБ · теменная область",alpha_peak,Параметры альфа-ритма,0.0,0.0,all_clean_features,exploratory_holdout,30,131,33,-0.07156988130937665,0.07156988130937665,0.6265096618357487,-0.4474454207283884,0.4474454207283884,0.012978395511658445,119,119,0.0
rf,Случайный лес,conn__small_worldness__dtf_delta,Функциональная связность · мера маломирности · DTF δ,conn,Функциональная связность,0.0,0.0,all_clean_features,exploratory_holdout,30,131,33,0.02391228345270014,0.02391228345270014,0.6256038647342995,-0.255188850481779,0.255188850481779,0.007211533466543275,120,120,0.0
rf,Случайный лес,conn__small_worldness__pdc_delta,Функциональная связность · мера маломирности · PDC δ,conn,Функциональная связность,0.0,0.0,all_clean_features,exploratory_holdout,30,131,33,0.23678985598641306,0.23678985598641306,0.6239432367149759,0.4714922902793102,0.4714922902793102,0.004870847880610348,121,121,0.0
rf,Случайный лес,burst__mean_amp__frontal_alpha,Ритмические эпизоды · mean amp · лобная область α,burst,Ритмические эпизоды,0.0,0.0,all_clean_features,exploratory_holdout,30,131,33,0.02558769814774243,0.02558769814774243,0.6204710144927537,0.36440584321385616,0.36440584321385616,0.019053364262285842,122,122,0.0
rf,Случайный лес,conn__hub_z_max__coh_theta,Функциональная связность · максимальный hub z-score · coherence θ,conn,Функциональная связность,0.0,0.0,all_clean_features,exploratory_holdout,30,131,33,0.006162693717602296,0.006162693717602296,0.6195652173913044,-0.4319562647187622,0.4319562647187622,0.020047585079896686,123,123,0.0
rf,Случайный лес,burst__mean_amp__temporal_alpha,Ритмические эпизоды · mean amp · височная область α,burst,Ритмические эпизоды,0.0,0.0,all_clean_features,exploratory_holdout,30,131,33,0.0845005481540637,0.0845005481540637,0.618659420289855,0.38218494133301456,0.38218494133301456,0.021087277569191248,124,124,0.0
rf,Случайный лес,conn__mean_strength__plv_delta,Функциональная связность · mean strength · PLV δ,conn,Функциональная связность,0.0,0.0,all_clean_features,exploratory_holdout,30,131,33,0.010851632558835601,0.010851632558835601,0.6174516908212561,-0.43853932679834223,0.43853932679834223,0.022603717508113984,125,125,0.0
rf,Случайный лес,conn__hub_z_max__imcoh_theta,Функциональная связность · максимальный hub z-score · imaginary coherence θ,conn,Функциональная связность,0.0,0.0,all_clean_features,exploratory_holdout,30,131,33,0.23256281827265196,0.23256281827265196,0.6159420289855073,0.3822802016970218,0.3822802016970218,0.024546948880479858,126,126,0.0
rf,Случайный лес,spec_shape__sef95_hz__occipital,Интегральные спектральные характеристики · SEF95 hz · затылочная область,spec_shape,Интегральные спектральные характеристики,0.0,0.0,all_clean_features,exploratory_holdout,30,131,33,-0.01447395195027887,0.01447395195027887,0.6154891304347826,-0.458617326136908,0.458617326136908,0.025016868644036152,127,127,0.0
rf,Случайный лес,burst__mean_peak__frontal_alpha,Ритмические эпизоды · mean peak · лобная область α,burst,Ритмические эпизоды,0.0,0.0,all_clean_features,exploratory_holdout,30,131,33,-0.03766610324062843,0.03766610324062843,0.6142814009661836,0.3281279604750754,0.3281279604750754,0.026776679306257267,128,128,0.0
rf,Случайный лес,alpha_peak__alpha_peak_amp_db__central,"Параметры альфа-ритма · амплитуда альфа-пика, дБ · центральная область",alpha_peak,Параметры альфа-ритма,0.0,0.0,all_clean_features,exploratory_holdout,30,131,33,-0.02890927840472816,0.02890927840472816,0.6141304347826086,-0.3829701746179126,0.3829701746179126,0.02683285076080721,129,129,0.0
rf,Случайный лес,burst__mean_peak__central_beta,Ритмические эпизоды · mean peak · центральная область β,burst,Ритмические эпизоды,0.0,0.0,all_clean_features,exploratory_holdout,30,131,33,-0.09971508474137618,0.09971508474137618,0.6121678743961352,-0.39235383251408523,0.39235383251408523,0.02984796787978714,130,130,0.0
rf,Случайный лес,tfr__value__parietal_tfr_alpha_cv,Время-частотные характеристики · value · теменная область tfr α cv,tfr,Время-частотные характеристики,0.0,0.0,all_clean_features,exploratory_holdout,30,131,33,-0.16822780908960913,0.16822780908960913,0.6111111111111112,-0.29373178620433904,0.29373178620433904,0.03116525808879818,131,131,0.0
rf,Случайный лес,conn__small_worldness__dtf_alpha,Функциональная связность · мера маломирности · DTF α,conn,Функциональная связность,0.0,0.0,all_clean_features,exploratory_holdout,30,131,33,-0.08231958216359636,0.08231958216359636,0.6111111111111112,-0.121719277645703,0.121719277645703,0.024546948880479858,132,132,0.0
rf,Случайный лес,conn__n_hubs__coh_beta,Функциональная связность · n hubs · coherence β,conn,Функциональная связность,0.0,0.0,all_clean_features,exploratory_holdout,30,131,33,-0.10787740141706828,0.10787740141706828,0.6086956521739131,-0.4929939727408689,0.4929939727408689,0.004870847880610348,133,133,0.0
rf,Случайный лес,conn__hub_z_max__coh_beta,Функциональная связность · максимальный hub z-score · coherence β,conn,Функциональная связность,0.0,0.0,all_clean_features,exploratory_holdout,30,131,33,0.032515645546704657,0.032515645546704657,0.6077898550724639,-0.39919101321345773,0.39919101321345773,0.03777031356959196,134,134,0.0
rf,Случайный лес,burst__mean_amp__occipital_beta,Ритмические эпизоды · mean amp · затылочная область β,burst,Ритмические эпизоды,0.0,0.0,all_clean_features,exploratory_holdout,30,131,33,-0.03139657916220217,0.03139657916220217,0.6041666666666667,0.27824712973678895,0.27824712973678895,0.046041469403013936,135,135,0.0
rf,Случайный лес,alpha_peak__alpha_peak_amp_db__frontal,"Параметры альфа-ритма · амплитуда альфа-пика, дБ · лобная область",alpha_peak,Параметры альфа-ритма,0.0,0.0,all_clean_features,exploratory_holdout,30,131,33,-0.0033095603976378953,0.0033095603976378953,0.6038647342995169,-0.33567494401069387,0.33567494401069387,0.04647646853644253,136,136,0.0
rf,Случайный лес,burst__mean_peak__occipital_beta,Ритмические эпизоды · mean peak · затылочная область β,burst,Ритмические эпизоды,0.0,0.0,all_clean_features,exploratory_holdout,30,131,33,-0.056565267890995655,0.056565267890995655,0.6023550724637681,0.2591938787457834,0.2591938787457834,0.05004739362603688,137,137,0.0
rf,Случайный лес,conn__modularity__imcoh_theta,Функциональная связность · модулярность · imaginary coherence θ,conn,Функциональная связность,0.0,0.0,all_clean_features,exploratory_holdout,30,131,33,0.15472875597421035,0.15472875597421035,0.6022041062801933,0.4255328330758985,0.4255328330758985,0.0307399301153235,138,138,0.0
rf,Случайный лес,conn__n_hubs__plv_alpha,Функциональная связность · n hubs · PLV α,conn,Функциональная связность,0.0,0.0,all_clean_features,exploratory_holdout,30,131,33,0.09668681528912085,0.09668681528912085,0.6022041062801933,-0.3189726877401155,0.3189726877401155,0.019025165963845948,139,139,0.0
rf,Случайный лес,conn__mean_strength__dtf_beta,Функциональная связность · mean strength · DTF β,conn,Функциональная связность,0.0,0.0,all_clean_features,exploratory_holdout,30,131,33,-0.01005807560780535,0.01005807560780535,0.6002415458937198,0.3718226426628849,0.3718226426628849,0.05564001522686272,140,140,0.0
rf,Случайный лес,burst__mean_amp__central_beta,Ритмические эпизоды · mean amp · центральная область β,burst,Ритмические эпизоды,0.0,0.0,all_clean_features,exploratory_holdout,30,131,33,-0.0633866104565083,0.0633866104565083,0.5993357487922706,-0.33226239102223165,0.33226239102223165,0.057758319072652685,141,141,0.0
rf,Случайный лес,alpha_peak__alpha_peak_amp_db__occipital,"Параметры альфа-ритма · амплитуда альфа-пика, дБ · затылочная область",alpha_peak,Параметры альфа-ритма,0.0,0.0,all_clean_features,exploratory_holdout,30,131,33,0.014450474471094153,0.014450474471094153,0.5981280193236715,-0.3167689980860307,0.3167689980860307,0.06134820032391622,142,142,0.0
rf,Случайный лес,tfr__value__occipital_tfr_alpha_cv,Время-частотные характеристики · value · затылочная область tfr α cv,tfr,Время-частотные характеристики,0.0,0.0,all_clean_features,exploratory_holdout,30,131,33,-0.16330994446723346,0.16330994446723346,0.5975241545893719,-0.22390863788145954,0.22390863788145954,0.06300815528466411,143,143,0.0
rf,Случайный лес,conn__n_hubs__coh_theta,Функциональная связность · n hubs · coherence θ,conn,Функциональная связность,0.0,0.0,all_clean_features,exploratory_holdout,30,131,33,-0.12396139723212597,0.12396139723212597,0.5971467391304348,-0.5104240897771009,0.5104240897771009,0.005950533392036737,144,144,0.0
rf,Случайный лес,alpha_peak__paf_hz__temporal,"Параметры альфа-ритма · частота альфа-пика, Гц · височная область",alpha_peak,Параметры альфа-ритма,0.0,0.0,all_clean_features,exploratory_holdout,30,131,33,-0.09208526451310121,0.09208526451310121,0.5960899758454106,-0.5514967582116671,0.5514967582116671,0.0025195285080935026,145,145,0.0
rf,Случайный лес,burst__pct_time__temporal_beta,Ритмические эпизоды · pct time · височная область β,burst,Ритмические эпизоды,0.0,0.0,all_clean_features,exploratory_holdout,30,131,33,-0.0957070675970652,0.0957070675970652,0.5951086956521741,0.3031420060625372,0.3031420060625372,0.07092041652969663,146,146,0.0
rf,Случайный лес,conn__global_efficiency__coh_beta,Функциональная связность · глобальная эффективность · coherence β,conn,Функциональная связность,0.0,0.0,all_clean_features,exploratory_holdout,30,131,33,-0.09753135085819344,0.09753135085819344,0.5951086956521738,-0.3082282748017654,0.3082282748017654,0.07092041652969663,147,147,0.0
rf,Случайный лес,conn__clustering__coh_alpha,Функциональная связность · кластеризация · coherence α,conn,Функциональная связность,0.0,0.0,all_clean_features,exploratory_holdout,30,131,33,-0.060391374280110946,0.060391374280110946,0.594957729468599,-0.34067935029167074,0.34067935029167074,0.07104550581636077,148,148,0.0
rf,Случайный лес,burst__mean_peak__temporal_alpha,Ритмические эпизоды · mean peak · височная область α,burst,Ритмические эпизоды,0.0,0.0,all_clean_features,exploratory_holdout,30,131,33,0.03857429599450325,0.03857429599450325,0.5939009661835749,0.3216851016415427,0.3216851016415427,0.07423594594042165,149,149,0.0
rf,Случайный лес,conn__clustering__dtf_beta,Функциональная связность · кластеризация · DTF β,conn,Функциональная связность,0.0,0.0,all_clean_features,exploratory_holdout,30,131,33,-0.09375081944943647,0.09375081944943647,0.5939009661835748,-0.33693674320013606,0.33693674320013606,0.07423594594042165,150,150,0.0
rf,Случайный лес,conn__global_efficiency__wpli_delta,Функциональная связность · глобальная эффективность · wPLI δ,conn,Функциональная связность,0.0,0.0,all_clean_features,exploratory_holdout,30,131,33,-0.14131396597518756,0.14131396597518756,0.5923913043478262,-0.09050811814297026,0.09050811814297026,0.07941760936926544,151,151,0.0
rf,Случайный лес,conn__small_worldness__pdc_beta,Функциональная связность · мера маломирности · PDC β,conn,Функциональная связность,0.0,0.0,all_clean_features,exploratory_holdout,30,131,33,-0.07898538376289811,0.07898538376289811,0.5916364734299517,0.4121230012732738,0.4121230012732738,0.03050617000685918,152,152,0.0
rf,Случайный лес,conn__global_efficiency__plv_alpha,Функциональная связность · глобальная эффективность · PLV α,conn,Функциональная связность,0.0,0.0,all_clean_features,exploratory_holdout,30,131,33,-0.0166363865206454,0.0166363865206454,0.5914855072463768,-0.3465130745062837,0.3465130745062837,0.08276746314595189,153,153,0.0
rf,Случайный лес,conn__mean_strength__wpli_delta,Функциональная связность · mean strength · wPLI δ,conn,Функциональная связность,0.0,0.0,all_clean_features,exploratory_holdout,30,131,33,-0.14759259521912688,0.14759259521912688,0.5910326086956521,-0.0620125335510816,0.0620125335510816,0.08422752911947111,154,154,0.0
rf,Случайный лес,conn__global_efficiency__imcoh_alpha,Функциональная связность · глобальная эффективность · imaginary coherence α,conn,Функциональная связность,0.0,0.0,all_clean_features,exploratory_holdout,30,131,33,-0.005806281940983765,0.005806281940983765,0.5904287439613527,0.2087716610551062,0.2087716610551062,0.08586145800621281,155,155,0.0
rf,Случайный лес,conn__mean_strength__imcoh_alpha,Функциональная связность · mean strength · imaginary coherence α,conn,Функциональная связность,0.0,0.0,all_clean_features,exploratory_holdout,30,131,33,0.006227236718514741,0.006227236718514741,0.5872584541062803,0.2243541120614461,0.2243541120614461,0.10035250852492981,156,156,0.0
rf,Случайный лес,conn__modularity__pdc_alpha,Функциональная связность · модулярность · PDC α,conn,Функциональная связность,0.0,0.0,all_clean_features,exploratory_holdout,30,131,33,0.13994750538489267,0.13994750538489267,0.5857487922705313,0.3535315875165304,0.3535315875165304,0.057758319072652685,157,157,0.0
rf,Случайный лес,conn__global_efficiency__plv_beta,Функциональная связность · глобальная эффективность · PLV β,conn,Функциональная связность,0.0,0.0,all_clean_features,exploratory_holdout,30,131,33,-0.09520061198988995,0.09520061198988995,0.5854468599033816,-0.25943685305865,0.25943685305865,0.10857242288234037,158,158,0.0
rf,Случайный лес,conn__clustering__imcoh_delta,Функциональная связность · кластеризация · imaginary coherence δ,conn,Функциональная связность,0.0,0.0,all_clean_features,exploratory_holdout,30,131,33,-0.03406212690134229,0.03406212690134229,0.5845410628019324,-0.17787856931952037,0.17787856931952037,0.11287867932007634,159,159,0.0
rf,Случайный лес,aper__alpha_peak_amp_log10__central,"Апериодический компонент · амплитуда альфа-пика, log10 · центральная область",aper,Апериодический компонент,0.0,0.0,all_clean_features,exploratory_holdout,30,131,33,0.008948409566140299,0.008948409566140299,0.5843900966183575,0.2510373755315487,0.2510373755315487,0.11305571714604241,160,160,0.0
rf,Случайный лес,alpha_peak__alpha_peak_amp_db__temporal,"Параметры альфа-ритма · амплитуда альфа-пика, дБ · височная область",alpha_peak,Параметры альфа-ритма,0.0,0.0,all_clean_features,exploratory_holdout,30,131,33,0.05054361543015563,0.05054361543015563,0.5840881642512078,-0.29450255805146003,0.29450255805146003,0.1140783561321746,161,161,0.0
rf,Случайный лес,conn__modularity__dtf_delta,Функциональная связность · модулярность · DTF δ,conn,Функциональная связность,0.0,0.0,all_clean_features,exploratory_holdout,30,131,33,-0.061037840245158605,0.061037840245158605,0.5828804347826086,-0.26881044568752394,0.26881044568752394,0.04601971787905514,162,162,0.0
rf,Случайный лес,conn__hub_z_max__dtf_alpha,Функциональная связность · максимальный hub z-score · DTF α,conn,Функциональная связность,0.0,0.0,all_clean_features,exploratory_holdout,30,131,33,0.13666302098224875,0.13666302098224875,0.5827294685990339,0.1743422692196532,0.1743422692196532,0.12119166272883057,163,163,0.0
rf,Случайный лес,conn__modularity__pdc_delta,Функциональная связность · модулярность · PDC δ,conn,Функциональная связность,0.0,0.0,all_clean_features,exploratory_holdout,30,131,33,-0.21526629280310572,0.21526629280310572,0.5825030193236714,-0.2616357485373202,0.2616357485373202,0.08574463302767507,164,164,0.0
rf,Случайный лес,conn__small_worldness__pdc_theta,Функциональная связность · мера маломирности · PDC θ,conn,Функциональная связность,0.0,0.0,all_clean_features,exploratory_holdout,30,131,33,0.05085203881450124,0.05085203881450124,0.5809178743961352,0.3763457683516663,0.3763457683516663,0.07623861324438548,165,165,0.0
rf,Случайный лес,conn__hub_z_max__wpli_delta,Функциональная связность · максимальный hub z-score · wPLI δ,conn,Функциональная связность,0.0,0.0,all_clean_features,exploratory_holdout,30,131,33,0.07850015718198766,0.07850015718198766,0.5806159420289855,0.2440608678276372,0.2440608678276372,0.131860746066202,166,166,0.0
rf,Случайный лес,conn__small_worldness__dtf_theta,Функциональная связность · мера маломирности · DTF θ,conn,Функциональная связность,0.0,0.0,all_clean_features,exploratory_holdout,30,131,33,-0.04807743051233601,0.04807743051233601,0.5797101449275363,-0.12735337388559206,0.12735337388559206,0.10269899813120571,167,167,0.0
rf,Случайный лес,conn__hub_z_max__wpli_theta,Функциональная связность · максимальный hub z-score · wPLI θ,conn,Функциональная связность,0.0,0.0,all_clean_features,exploratory_holdout,30,131,33,-0.04181134745871076,0.04181134745871076,0.5794082125603865,0.24302186843490012,0.24302186843490012,0.13883363145236738,168,168,0.0
rf,Случайный лес,burst__mean_amp__parietal_beta,Ритмические эпизоды · mean amp · теменная область β,burst,Ритмические эпизоды,0.0,0.0,all_clean_features,exploratory_holdout,30,131,33,0.05918907864809375,0.05918907864809375,0.5791062801932367,0.2743913667524569,0.2743913667524569,0.1400284977513005,169,169,0.0
rf,Случайный лес,conn__hub_z_max__imcoh_delta,Функциональная связность · максимальный hub z-score · imaginary coherence δ,conn,Функциональная связность,0.0,0.0,all_clean_features,exploratory_holdout,30,131,33,0.13785769823025174,0.13785769823025174,0.5774456521739131,0.25148983122483654,0.25148983122483654,0.14962174840071787,170,170,0.0
rf,Случайный лес,burst__mean_amp__central_alpha,Ритмические эпизоды · mean amp · центральная область α,burst,Ритмические эпизоды,0.0,0.0,all_clean_features,exploratory_holdout,30,131,33,-0.0033769471811742296,0.0033769471811742296,0.5768417874396136,0.17543748881673588,0.17543748881673588,0.1530009389288738,171,171,0.0
rf,Случайный лес,conn__clustering__imcoh_alpha,Функциональная связность · кластеризация · imaginary coherence α,conn,Функциональная связность,0.0,0.0,all_clean_features,exploratory_holdout,30,131,33,-0.010899918475685567,0.010899918475685567,0.5760869565217391,0.27876468735856674,0.27876468735856674,0.1566608932068433,172,172,0.0
rf,Случайный лес,conn__hub_z_max__imcoh_beta,Функциональная связность · максимальный hub z-score · imaginary coherence β,conn,Функциональная связность,0.0,0.0,all_clean_features,exploratory_holdout,30,131,33,-0.029333710447132413,0.029333710447132413,0.5760869565217391,0.1874685331589951,0.1874685331589951,0.1566608932068433,173,173,0.0
rf,Случайный лес,conn__mean_strength__dtf_theta,Функциональная связность · mean strength · DTF θ,conn,Функциональная связность,0.0,0.0,all_clean_features,exploratory_holdout,30,131,33,-0.15091499824196292,0.15091499824196292,0.5748792270531402,0.24798230431379897,0.24798230431379897,0.1637149346184708,174,174,0.0
rf,Случайный лес,conn__modularity__imcoh_beta,Функциональная связность · модулярность · imaginary coherence β,conn,Функциональная связность,0.0,0.0,all_clean_features,exploratory_holdout,30,131,33,-0.034752529962316994,0.034752529962316994,0.5746527777777777,0.31496294107692485,0.31496294107692485,0.13071763053636948,175,175,0.0
rf,Случайный лес,conn__hub_z_max__imcoh_alpha,Функциональная связность · максимальный hub z-score · imaginary coherence α,conn,Функциональная связность,0.0,0.0,all_clean_features,exploratory_holdout,30,131,33,0.17163104085042744,0.17163104085042744,0.5744263285024155,0.24620815750659047,0.24620815750659047,0.1661966947631412,176,176,0.0
rf,Случайный лес,alpha_peak__paf_hz__parietal,"Параметры альфа-ритма · частота альфа-пика, Гц · теменная область",alpha_peak,Параметры альфа-ритма,0.0,0.0,all_clean_features,exploratory_holdout,30,131,33,0.045015935539376224,0.045015935539376224,0.5738979468599034,-0.36030345579567213,0.36030345579567213,0.05251399907385972,177,177,0.0
rf,Случайный лес,alpha_peak__paf_hz__central,"Параметры альфа-ритма · частота альфа-пика, Гц · центральная область",alpha_peak,Параметры альфа-ритма,0.0,0.0,all_clean_features,exploratory_holdout,30,131,33,0.04545806922655251,0.04545806922655251,0.573822463768116,-0.42146700720865066,0.42146700720865066,0.0288159396042394,178,178,0.0
rf,Случайный лес,conn__modularity__wpli_theta,Функциональная связность · модулярность · wPLI θ,conn,Функциональная связность,0.0,0.0,all_clean_features,exploratory_holdout,30,131,33,0.21079174441910373,0.21079174441910373,0.5736714975845411,0.35462960296200824,0.35462960296200824,0.12456801033821259,179,179,0.0
rf,Случайный лес,conn__asymmetry__dtf_theta,Функциональная связность · асимметрия · DTF θ,conn,Функциональная связность,0.0,0.0,all_clean_features,exploratory_holdout,30,131,33,-0.04087327434339961,0.04087327434339961,0.5727657004830917,-0.20124189731619171,0.20124189731619171,0.17804124850247058,180,180,0.0
rf,Случайный лес,conn__clustering__dtf_delta,Функциональная связность · кластеризация · DTF δ,conn,Функциональная связность,0.0,0.0,all_clean_features,exploratory_holdout,30,131,33,0.09981446953077586,0.09981446953077586,0.5726147342995169,0.24511613762682807,0.24511613762682807,0.1782828352196571,181,181,0.0
rf,Случайный лес,aper__alpha_peak_cf_hz__temporal,"Апериодический компонент · центральная частота альфа-пика, Гц · височная область",aper,Апериодический компонент,0.0,0.0,all_clean_features,exploratory_holdout,30,131,33,0.09807774586613974,0.09807774586613974,0.5710295893719807,0.19156477833686425,0.19156477833686425,0.1884626650015933,182,182,0.0
rf,Случайный лес,conn__small_worldness__wpli_alpha,Функциональная связность · мера маломирности · wPLI α,conn,Функциональная связность,0.0,0.0,all_clean_features,exploratory_holdout,30,131,33,-0.1193679086180121,0.1193679086180121,0.5696708937198067,-0.11627613825986204,0.11627613825986204,0.1835420913974465,183,183,0.0
rf,Случайный лес,burst__mean_peak__central_alpha,Ритмические эпизоды · mean peak · центральная область α,burst,Ритмические эпизоды,0.0,0.0,all_clean_features,exploratory_holdout,30,131,33,-0.0671606218675798,0.0671606218675798,0.5688405797101449,0.13316229810345637,0.13316229810345637,0.20431330117395907,184,184,0.0
rf,Случайный лес,conn__modularity__coh_delta,Функциональная связность · модулярность · coherence δ,conn,Функциональная связность,0.0,0.0,all_clean_features,exploratory_holdout,30,131,33,-0.06489299829691188,0.06489299829691188,0.5661986714975846,-0.3267003665003252,0.3267003665003252,0.1602345965746787,185,185,0.0
rf,Случайный лес,conn__mean_strength__plv_alpha,Функциональная связность · mean strength · PLV α,conn,Функциональная связность,0.0,0.0,all_clean_features,exploratory_holdout,30,131,33,0.01862041241289138,0.01862041241289138,0.5641606280193237,-0.24814059186328388,0.24814059186328388,0.24377988404665407,186,186,0.0
rf,Случайный лес,conn__clustering__wpli_alpha,Функциональная связность · кластеризация · wPLI α,conn,Функциональная связность,0.0,0.0,all_clean_features,exploratory_holdout,30,131,33,-0.004578722348579799,0.004578722348579799,0.5635567632850242,0.21453108438693985,0.21453108438693985,0.24714995647000493,187,187,0.0
rf,Случайный лес,burst__mean_peak__parietal_beta,Ритмические эпизоды · mean peak · теменная область β,burst,Ритмические эпизоды,0.0,0.0,all_clean_features,exploratory_holdout,30,131,33,0.02515909836569117,0.02515909836569117,0.5632548309178744,0.21838145187440136,0.21838145187440136,0.2478860223137626,188,188,0.0
rf,Случайный лес,conn__hub_z_max__pdc_delta,Функциональная связность · максимальный hub z-score · PDC δ,conn,Функциональная связность,0.0,0.0,all_clean_features,exploratory_holdout,30,131,33,-0.06131635851950675,0.06131635851950675,0.5608393719806763,-0.2550853936069622,0.2550853936069622,0.27031579028484604,189,189,0.0
rf,Случайный лес,tfr__value__frontal_tfr_alpha_cv,Время-частотные характеристики · value · лобная область tfr α cv,tfr,Время-частотные характеристики,0.0,0.0,all_clean_features,exploratory_holdout,30,131,33,-0.11721709956078441,0.11721709956078441,0.5602355072463768,-0.20622558063242577,0.20622558063242577,0.2754593239987293,190,190,0.0
rf,Случайный лес,conn__modularity__plv_delta,Функциональная связность · модулярность · PLV δ,conn,Функциональная связность,0.0,0.0,all_clean_features,exploratory_holdout,30,131,33,-0.20116132678785453,0.20116132678785453,0.5597826086956521,-0.3470383577586019,0.3470383577586019,0.14962174840071787,191,191,0.0
rf,Случайный лес,burst__mean_peak__frontal_beta,Ритмические эпизоды · mean peak · лобная область β,burst,Ритмические эпизоды,0.0,0.0,all_clean_features,exploratory_holdout,30,131,33,-0.14132045092720935,0.14132045092720935,0.5596316425120773,-0.18876484878244693,0.18876484878244693,0.2793038644797435,192,192,0.0
rf,Случайный лес,conn__modularity__pdc_beta,Функциональная связность · модулярность · PDC β,conn,Функциональная связность,0.0,0.0,all_clean_features,exploratory_holdout,30,131,33,0.1427400628506046,0.1427400628506046,0.5595561594202898,0.2636551989328145,0.2636551989328145,0.19099035685293173,193,193,0.0
rf,Случайный лес,conn__modularity__wpli_delta,Функциональная связность · модулярность · wPLI δ,conn,Функциональная связность,0.0,0.0,all_clean_features,exploratory_holdout,30,131,33,0.16373282239611556,0.16373282239611556,0.5593297101449275,0.31339285112315196,0.31339285112315196,0.2091866891354597,194,194,0.0
rf,Случайный лес,conn__modularity__pdc_theta,Функциональная связность · модулярность · PDC θ,conn,Функциональная связность,0.0,0.0,all_clean_features,exploratory_holdout,30,131,33,0.029661096224780432,0.029661096224780432,0.5585748792270531,0.2572604950752862,0.2572604950752862,0.20431330117395907,195,195,0.0
rf,Случайный лес,conn__small_worldness__dtf_beta,Функциональная связность · мера маломирности · DTF β,conn,Функциональная связность,0.0,0.0,all_clean_features,exploratory_holdout,30,131,33,0.007498262293108115,0.007498262293108115,0.557367149758454,0.3690721508590809,0.3690721508590809,0.24508963433529088,196,196,0.0
rf,Случайный лес,conn__global_efficiency__wpli_alpha,Функциональная связность · глобальная эффективность · wPLI α,conn,Функциональная связность,0.0,0.0,all_clean_features,exploratory_holdout,30,131,33,0.010036534390379478,0.010036534390379478,0.5567632850241545,0.18690177684070078,0.18690177684070078,0.3088394361329375,197,197,0.0
rf,Случайный лес,conn__mean_strength__wpli_alpha,Функциональная связность · mean strength · wPLI α,conn,Функциональная связность,0.0,0.0,all_clean_features,exploratory_holdout,30,131,33,0.009638256461808062,0.009638256461808062,0.5566123188405797,0.18824583007253498,0.18824583007253498,0.30912119604124555,198,198,0.0
rf,Случайный лес,aper__alpha_peak_amp_log10__parietal,"Апериодический компонент · амплитуда альфа-пика, log10 · теменная область",aper,Апериодический компонент,0.0,0.0,all_clean_features,exploratory_holdout,30,131,33,0.0036126919570778045,0.0036126919570778045,0.5561594202898551,0.20829257033519058,0.20829257033519058,0.3129457673061002,199,199,0.0
rf,Случайный лес,conn__small_worldness__coh_delta,Функциональная связность · мера маломирности · coherence δ,conn,Функциональная связность,0.0,0.0,all_clean_features,exploratory_holdout,30,131,33,0.12462309136695568,0.12462309136695568,0.5554045893719807,0.002861356367321625,0.002861356367321625,0.32039140783661274,200,200,0.0
rf,Случайный лес,conn__n_hubs__pdc_theta,Функциональная связность · n hubs · PDC θ,conn,Функциональная связность,0.0,0.0,all_clean_features,exploratory_holdout,30,131,33,-0.13431753142476993,0.13431753142476993,0.5534420289855072,-0.3790397329850952,0.3790397329850952,0.04647646853644253,201,201,0.0
rf,Случайный лес,conn__global_efficiency__imcoh_beta,Функциональная связность · глобальная эффективность · imaginary coherence β,conn,Функциональная связность,0.0,0.0,all_clean_features,exploratory_holdout,30,131,33,0.052883839063981475,0.052883839063981475,0.5532910628019324,0.1693910997812889,0.1693910997812889,0.34311398807979876,202,202,0.0
rf,Случайный лес,dfa__dfa_exp__central_beta,Долговременные корреляции · dfa exp · центральная область β,dfa,Долговременные корреляции,0.0,0.0,all_clean_features,exploratory_holdout,30,131,33,-0.08829742884147554,0.08829742884147554,0.5523852657004831,0.16973080430835039,0.16973080430835039,0.3505392037427674,203,203,0.0
rf,Случайный лес,aper__alpha_peak_amp_log10__frontal,"Апериодический компонент · амплитуда альфа-пика, log10 · лобная область",aper,Апериодический компонент,0.0,0.0,all_clean_features,exploratory_holdout,30,131,33,0.01694435885377338,0.01694435885377338,0.5523852657004831,0.14591548126515036,0.14591548126515036,0.3505392037427674,204,204,0.0
rf,Случайный лес,conn__mean_strength__imcoh_beta,Функциональная связность · mean strength · imaginary coherence β,conn,Функциональная связность,0.0,0.0,all_clean_features,exploratory_holdout,30,131,33,0.06665375652613409,0.06665375652613409,0.5493659420289855,0.16876355108337224,0.16876355108337224,0.38389741315203224,205,205,0.0
rf,Случайный лес,conn__n_hubs__coh_alpha,Функциональная связность · n hubs · coherence α,conn,Функциональная связность,0.0,0.0,all_clean_features,exploratory_holdout,30,131,33,0.07813927630917741,0.07813927630917741,0.5486111111111112,-0.037264280384176326,0.037264280384176326,0.26860487528091614,206,206,0.0
rf,Случайный лес,aper__alpha_peak_amp_log10__temporal,"Апериодический компонент · амплитуда альфа-пика, log10 · височная область",aper,Апериодический компонент,0.0,0.0,all_clean_features,exploratory_holdout,30,131,33,-0.07910183689331843,0.07910183689331843,0.5469504830917875,0.10364607639812244,0.10364607639812244,0.41531481782754254,207,207,0.0
rf,Случайный лес,conn__modularity__coh_alpha,Функциональная связность · модулярность · coherence α,conn,Функциональная связность,0.0,0.0,all_clean_features,exploratory_holdout,30,131,33,-0.0765965679709926,0.0765965679709926,0.5461956521739131,-0.1776041506835519,0.1776041506835519,0.3742753848783462,208,208,0.0
rf,Случайный лес,conn__small_worldness__pdc_alpha,Функциональная связность · мера маломирности · PDC α,conn,Функциональная связность,0.0,0.0,all_clean_features,exploratory_holdout,30,131,33,0.016287256866237387,0.016287256866237387,0.5452898550724637,0.2764343272684014,0.2764343272684014,0.3296626132850604,209,209,0.0
rf,Случайный лес,conn__asymmetry__dtf_alpha,Функциональная связность · асимметрия · DTF α,conn,Функциональная связность,0.0,0.0,all_clean_features,exploratory_holdout,30,131,33,0.012450604690103633,0.012450604690103633,0.5452898550724637,-0.15872519883511635,0.15872519883511635,0.43720460198972655,210,210,0.0
rf,Случайный лес,conn__small_worldness__imcoh_theta,Функциональная связность · мера маломирности · imaginary coherence θ,conn,Функциональная связность,0.0,0.0,all_clean_features,exploratory_holdout,30,131,33,0.08535756401167356,0.08535756401167356,0.545138888888889,-0.0935913256005585,0.0935913256005585,0.37594897509444547,211,211,0.0
rf,Случайный лес,aper__alpha_peak_width_hz__frontal,"Апериодический компонент · ширина альфа-пика, Гц · лобная область",aper,Апериодический компонент,0.0,0.0,all_clean_features,exploratory_holdout,30,131,33,-0.02339161901598572,0.02339161901598572,0.5448369565217392,0.09874541398928398,0.09874541398928398,0.4393480869893419,212,212,0.0
rf,Случайный лес,conn__clustering__imcoh_theta,Функциональная связность · кластеризация · imaginary coherence θ,conn,Функциональная связность,0.0,0.0,all_clean_features,exploratory_holdout,30,131,33,-0.11456448989096425,0.11456448989096425,0.5443840579710145,-0.09315814232539292,0.09315814232539292,0.44450455541096684,213,213,0.0
rf,Случайный лес,conn__global_efficiency__dtf_alpha,Функциональная связность · глобальная эффективность · DTF α,conn,Функциональная связность,0.0,0.0,all_clean_features,exploratory_holdout,30,131,33,-0.1314355116951125,0.1314355116951125,0.5442330917874396,0.20180125568883753,0.20180125568883753,0.4447366625345364,214,214,0.0
rf,Случайный лес,conn__mean_strength__coh_delta,Функциональная связность · mean strength · coherence δ,conn,Функциональная связность,0.0,0.0,all_clean_features,exploratory_holdout,30,131,33,-0.056296481580177714,0.056296481580177714,0.5427234299516908,0.02309091076731833,0.02309091076731833,0.46513647940006025,215,215,0.0
rf,Случайный лес,conn__mean_strength__imcoh_delta,Функциональная связность · mean strength · imaginary coherence δ,conn,Функциональная связность,0.0,0.0,all_clean_features,exploratory_holdout,30,131,33,-0.011899288828650307,0.011899288828650307,0.5422705314009661,0.17851035390331926,0.17851035390331926,0.46784410826545153,216,216,0.0
rf,Случайный лес,conn__mean_strength__wpli_theta,Функциональная связность · mean strength · wPLI θ,conn,Функциональная связность,0.0,0.0,all_clean_features,exploratory_holdout,30,131,33,-0.0643832908905567,0.0643832908905567,0.5422705314009661,-0.040957065660495354,0.040957065660495354,0.46784410826545153,217,217,0.0
rf,Случайный лес,burst__mean_amp__frontal_beta,Ритмические эпизоды · mean amp · лобная область β,burst,Ритмические эпизоды,0.0,0.0,all_clean_features,exploratory_holdout,30,131,33,-0.11879562693567904,0.11879562693567904,0.5418176328502415,-0.137220559461202,0.137220559461202,0.4726217568034792,218,218,0.0
rf,Случайный лес,conn__small_worldness__plv_beta,Функциональная связность · мера маломирности · PLV β,conn,Функциональная связность,0.0,0.0,all_clean_features,exploratory_holdout,30,131,33,0.07083855735367103,0.07083855735367103,0.5406099033816426,0.21900364473247877,0.21900364473247877,0.4847625627337816,219,219,0.0
rf,Случайный лес,dfa__dfa_exp__frontal_beta,Долговременные корреляции · dfa exp · лобная область β,dfa,Долговременные корреляции,0.0,0.0,all_clean_features,exploratory_holdout,30,131,33,-0.09822446603653553,0.09822446603653553,0.5403079710144928,0.12758984216710823,0.12758984216710823,0.4872955007710878,220,220,0.0
rf,Случайный лес,conn__global_efficiency__wpli_theta,Функциональная связность · глобальная эффективность · wPLI θ,conn,Функциональная связность,0.0,0.0,all_clean_features,exploratory_holdout,30,131,33,-0.06100113570670947,0.06100113570670947,0.5397041062801933,-0.04956127252836655,0.04956127252836655,0.4944780022335673,221,221,0.0
rf,Случайный лес,alpha_peak__paf_hz__occipital,"Параметры альфа-ритма · частота альфа-пика, Гц · затылочная область",alpha_peak,Параметры альфа-ритма,0.0,0.0,all_clean_features,exploratory_holdout,30,131,33,-0.07227117044019092,0.07227117044019092,0.5396286231884058,-0.18477762994647956,0.18477762994647956,0.2793038644797435,222,222,0.0
rf,Случайный лес,conn__mean_strength__coh_beta,Функциональная связность · mean strength · coherence β,conn,Функциональная связность,0.0,0.0,all_clean_features,exploratory_holdout,30,131,33,-0.09884034953784863,0.09884034953784863,0.5394021739130435,-0.1372701047936523,0.1372701047936523,0.49702674671463715,223,223,0.0
rf,Случайный лес,conn__n_hubs__imcoh_delta,Функциональная связность · n hubs · imaginary coherence δ,conn,Функциональная связность,0.0,0.0,all_clean_features,exploratory_holdout,30,131,33,-0.01942791255759315,0.01942791255759315,0.5384963768115942,-0.21506822091984812,0.21506822091984812,0.21136305478431316,224,224,0.0
rf,Случайный лес,conn__global_efficiency__coh_alpha,Функциональная связность · глобальная эффективность · coherence α,conn,Функциональная связность,0.0,0.0,all_clean_features,exploratory_holdout,30,131,33,-0.08754694494203649,0.08754694494203649,0.5380434782608695,-0.13501511989747575,0.13501511989747575,0.5117612180652337,225,225,0.0
rf,Случайный лес,aper__alpha_peak_amp_log10__occipital,"Апериодический компонент · амплитуда альфа-пика, log10 · затылочная область",aper,Апериодический компонент,0.0,0.0,all_clean_features,exploratory_holdout,30,131,33,0.012186534001864235,0.012186534001864235,0.5368357487922705,0.11352259277635453,0.11352259277635453,0.5286499953853061,226,226,0.0
rf,Случайный лес,conn__clustering__dtf_alpha,Функциональная связность · кластеризация · DTF α,conn,Функциональная связность,0.0,0.0,all_clean_features,exploratory_holdout,30,131,33,-0.05955297989154317,0.05955297989154317,0.536382850241546,-0.16280146817569988,0.16280146817569988,0.5314453313434644,227,227,0.0
rf,Случайный лес,conn__small_worldness__imcoh_delta,Функциональная связность · мера маломирности · imaginary coherence δ,conn,Функциональная связность,0.0,0.0,all_clean_features,exploratory_holdout,30,131,33,0.11650058076636931,0.11650058076636931,0.5353260869565217,0.006731030330368189,0.006731030330368189,0.5084117841003759,228,228,0.0
rf,Случайный лес,conn__modularity__imcoh_alpha,Функциональная связность · модулярность · imaginary coherence α,conn,Функциональная связность,0.0,0.0,all_clean_features,exploratory_holdout,30,131,33,-0.03648302143510191,0.03648302143510191,0.535024154589372,0.17243701265564562,0.17243701265564562,0.5117174472133231,229,229,0.0
rf,Случайный лес,conn__n_hubs__wpli_beta,Функциональная связность · n hubs · wPLI β,conn,Функциональная связность,0.0,0.0,all_clean_features,exploratory_holdout,30,131,33,-0.078278327900714,0.078278327900714,0.5348731884057971,-0.2645757506832362,0.2645757506832362,0.4393480869893419,230,230,0.0
rf,Случайный лес,conn__small_worldness__wpli_theta,Функциональная связность · мера маломирности · wPLI θ,conn,Функциональная связность,0.0,0.0,all_clean_features,exploratory_holdout,30,131,33,0.030476016308763447,0.030476016308763447,0.5341183574879227,-0.014678343825527069,0.014678343825527069,0.5291590019977604,231,231,0.0
rf,Случайный лес,conn__small_worldness__plv_delta,Функциональная связность · мера маломирности · PLV δ,conn,Функциональная связность,0.0,0.0,all_clean_features,exploratory_holdout,30,131,33,-0.06455921083662165,0.06455921083662165,0.5338919082125604,0.08083227735238362,0.08083227735238362,0.56492944518356,232,232,0.0
rf,Случайный лес,conn__modularity__dtf_alpha,Функциональная связность · модулярность · DTF α,conn,Функциональная связность,0.0,0.0,all_clean_features,exploratory_holdout,30,131,33,0.195754094646305,0.195754094646305,0.5336654589371981,0.24085793530666336,0.24085793530666336,0.48100487169898537,233,233,0.0
rf,Случайный лес,conn__n_hubs__pdc_alpha,Функциональная связность · n hubs · PDC α,conn,Функциональная связность,0.0,0.0,all_clean_features,exploratory_holdout,30,131,33,-0.026933101844806365,0.026933101844806365,0.5335899758454107,-0.2726429127438789,0.2726429127438789,0.2022483710641354,234,234,0.0
rf,Случайный лес,conn__small_worldness__coh_alpha,Функциональная связность · мера маломирности · coherence α,conn,Функциональная связность,0.0,0.0,all_clean_features,exploratory_holdout,30,131,33,0.012521011876959618,0.012521011876959618,0.5333635265700484,0.11741622525292482,0.11741622525292482,0.5712922360220628,235,235,0.0
rf,Случайный лес,burst__rate_per_min__central_alpha,Ритмические эпизоды · rate per min · центральная область α,burst,Ритмические эпизоды,0.0,0.0,all_clean_features,exploratory_holdout,30,131,33,0.08781058993986622,0.08781058993986622,0.5329861111111112,0.09423014288682256,0.09423014288682256,0.5735644149467592,236,236,0.0
rf,Случайный лес,conn__n_hubs__wpli_alpha,Функциональная связность · n hubs · wPLI α,conn,Функциональная связность,0.0,0.0,all_clean_features,exploratory_holdout,30,131,33,-0.08048504025878916,0.08048504025878916,0.5326086956521738,-0.2261677172937982,0.2261677172937982,0.4781565836321013,237,237,0.0
rf,Случайный лес,conn__hub_z_max__wpli_beta,Функциональная связность · максимальный hub z-score · wPLI β,conn,Функциональная связность,0.0,0.0,all_clean_features,exploratory_holdout,30,131,33,-0.017773066049433194,0.017773066049433194,0.532457729468599,-0.14053173588171766,0.14053173588171766,0.5792311316396656,238,238,0.0
rf,Случайный лес,conn__small_worldness__wpli_delta,Функциональная связность · мера маломирности · wPLI δ,conn,Функциональная связность,0.0,0.0,all_clean_features,exploratory_holdout,30,131,33,-0.09301215960832004,0.09301215960832004,0.5318538647342995,-0.017918841042724117,0.017918841042724117,0.5735644149467592,239,239,0.0
rf,Случайный лес,conn__n_hubs__imcoh_theta,Функциональная связность · n hubs · imaginary coherence θ,conn,Функциональная связность,0.0,0.0,all_clean_features,exploratory_holdout,30,131,33,0.05557020378600177,0.05557020378600177,0.5312500000000001,0.1427190871390234,0.1427190871390234,0.30118844897545954,240,240,0.0
rf,Случайный лес,conn__global_efficiency__imcoh_theta,Функциональная связность · глобальная эффективность · imaginary coherence θ,conn,Функциональная связность,0.0,0.0,all_clean_features,exploratory_holdout,30,131,33,0.05555158417690923,0.05555158417690923,0.5303442028985507,0.15721167485542914,0.15721167485542914,0.6097784722864517,241,241,0.0
rf,Случайный лес,tfr__value__temporal_tfr_alpha_cv,Время-частотные характеристики · value · височная область tfr α cv,tfr,Время-частотные характеристики,0.0,0.0,all_clean_features,exploratory_holdout,30,131,33,-0.1392511482787017,0.1392511482787017,0.5294384057971016,-0.1811564826932042,0.1811564826932042,0.6179699806771084,242,242,0.0
rf,Случайный лес,conn__small_worldness__coh_theta,Функциональная связность · мера маломирности · coherence θ,conn,Функциональная связность,0.0,0.0,all_clean_features,exploratory_holdout,30,131,33,-0.062117162648366316,0.062117162648366316,0.5288345410628019,0.09989564303476042,0.09989564303476042,0.6255742984414883,243,243,0.0
rf,Случайный лес,alpha_peak__paf_hz__frontal,"Параметры альфа-ритма · частота альфа-пика, Гц · лобная область",alpha_peak,Параметры альфа-ритма,0.0,0.0,all_clean_features,exploratory_holdout,30,131,33,-0.14212934281088405,0.14212934281088405,0.5275513285024155,-0.25429015425530666,0.25429015425530666,0.24714995647000493,244,244,0.0
rf,Случайный лес,conn__global_efficiency__imcoh_delta,Функциональная связность · глобальная эффективность · imaginary coherence δ,conn,Функциональная связность,0.0,0.0,all_clean_features,exploratory_holdout,30,131,33,-0.006138360915785243,0.006138360915785243,0.5271739130434783,0.19999581180803505,0.19999581180803505,0.6490238007684485,245,245,0.0
rf,Случайный лес,burst__mean_peak__temporal_beta,Ритмические эпизоды · mean peak · височная область β,burst,Ритмические эпизоды,0.0,0.0,all_clean_features,exploratory_holdout,30,131,33,-0.06252443316964312,0.06252443316964312,0.5271739130434783,-0.14843277679664982,0.14843277679664982,0.6490238007684485,246,246,0.0
rf,Случайный лес,conn__small_worldness__coh_beta,Функциональная связность · мера маломирности · coherence β,conn,Функциональная связность,0.0,0.0,all_clean_features,exploratory_holdout,30,131,33,-0.04235589831755224,0.04235589831755224,0.5264945652173914,0.14989768859159566,0.14989768859159566,0.6582242826198658,247,247,0.0
rf,Случайный лес,conn__mean_strength__plv_beta,Функциональная связность · mean strength · PLV β,conn,Функциональная связность,0.0,0.0,all_clean_features,exploratory_holdout,30,131,33,-0.04030046829688104,0.04030046829688104,0.5259661835748792,-0.08541101068623999,0.08541101068623999,0.6648291138477656,248,248,0.0
rf,Случайный лес,conn__modularity__wpli_alpha,Функциональная связность · модулярность · wPLI α,conn,Функциональная связность,0.0,0.0,all_clean_features,exploratory_holdout,30,131,33,0.04610609464751667,0.04610609464751667,0.5258907004830918,0.25330523168781793,0.25330523168781793,0.5893907276984067,249,249,0.0
rf,Случайный лес,conn__modularity__dtf_theta,Функциональная связность · модулярность · DTF θ,conn,Функциональная связность,0.0,0.0,all_clean_features,exploratory_holdout,30,131,33,0.029666088406547768,0.029666088406547768,0.5252113526570048,0.01740458762058316,0.01740458762058316,0.6179699806771084,250,250,0.0
rf,Случайный лес,aper__alpha_peak_width_hz__central,"Апериодический компонент · ширина альфа-пика, Гц · центральная область",aper,Апериодический компонент,0.0,0.0,all_clean_features,exploratory_holdout,30,131,33,-0.01275759967420156,0.01275759967420156,0.5241545893719808,0.048062348816905597,0.048062348816905597,0.6907357095996852,251,251,0.0
rf,Случайный лес,conn__modularity__coh_theta,Функциональная связность · модулярность · coherence θ,conn,Функциональная связность,0.0,0.0,all_clean_features,exploratory_holdout,30,131,33,-0.08697537304553672,0.08697537304553672,0.5237771739130435,-0.20622622045587138,0.20622622045587138,0.6152588568930256,252,252,0.0
rf,Случайный лес,conn__mean_strength__coh_alpha,Функциональная связность · mean strength · coherence α,conn,Функциональная связность,0.0,0.0,all_clean_features,exploratory_holdout,30,131,33,-0.052959267851256646,0.052959267851256646,0.5229468599033817,-0.07171410751663106,0.07171410751663106,0.7073151106116853,253,253,0.0
rf,Случайный лес,conn__clustering__wpli_theta,Функциональная связность · кластеризация · wPLI θ,conn,Функциональная связность,0.0,0.0,all_clean_features,exploratory_holdout,30,131,33,-0.03274131369393829,0.03274131369393829,0.5229468599033817,0.018250617715485765,0.018250617715485765,0.7073151106116853,254,254,0.0
rf,Случайный лес,conn__small_worldness__imcoh_beta,Функциональная связность · мера маломирности · imaginary coherence β,conn,Функциональная связность,0.0,0.0,all_clean_features,exploratory_holdout,30,131,33,0.09573910184402001,0.09573910184402001,0.522493961352657,0.10803950768089973,0.10803950768089973,0.6764868448089509,255,255,0.0
rf,Случайный лес,conn__n_hubs__pdc_beta,Функциональная связность · n hubs · PDC β,conn,Функциональная связность,0.0,0.0,all_clean_features,exploratory_holdout,30,131,33,-0.06765446168677967,0.06765446168677967,0.5217391304347826,-0.11790258237406172,0.11790258237406172,0.3505392037427674,256,256,0.0
rf,Случайный лес,conn__small_worldness__wpli_beta,Функциональная связность · мера маломирности · wPLI β,conn,Функциональная связность,0.0,0.0,all_clean_features,exploratory_holdout,30,131,33,0.07307359912683052,0.07307359912683052,0.5215881642512077,0.12518627574268898,0.12518627574268898,0.7143465085985747,257,257,0.0
rf,Случайный лес,conn__mean_strength__wpli_beta,Функциональная связность · mean strength · wPLI β,conn,Функциональная связность,0.0,0.0,all_clean_features,exploratory_holdout,30,131,33,0.06554877341941252,0.06554877341941252,0.5214371980676329,0.09175925142751674,0.09175925142751674,0.7259987811975445,258,258,0.0
rf,Случайный лес,conn__hub_z_max__wpli_alpha,Функциональная связность · максимальный hub z-score · wPLI α,conn,Функциональная связность,0.0,0.0,all_clean_features,exploratory_holdout,30,131,33,-0.11304177920016999,0.11304177920016999,0.5208333333333334,-0.08274635458901898,0.08274635458901898,0.7340235852363574,259,259,0.0
rf,Случайный лес,dfa__dfa_exp__temporal_beta,Долговременные корреляции · dfa exp · височная область β,dfa,Долговременные корреляции,0.0,0.0,all_clean_features,exploratory_holdout,30,131,33,-0.0617236134222759,0.0617236134222759,0.5202294685990339,0.03426026320377261,0.03426026320377261,0.7420531702985896,260,260,0.0
rf,Случайный лес,aper__alpha_peak_cf_hz__central,"Апериодический компонент · центральная частота альфа-пика, Гц · центральная область",aper,Апериодический компонент,0.0,0.0,all_clean_features,exploratory_holdout,30,131,33,0.06909721408203706,0.06909721408203706,0.5193236714975845,0.026459043472255354,0.026459043472255354,0.7530565559184411,261,261,0.0
rf,Случайный лес,conn__small_worldness__plv_alpha,Функциональная связность · мера маломирности · PLV α,conn,Функциональная связность,0.0,0.0,all_clean_features,exploratory_holdout,30,131,33,-0.022672432091574643,0.022672432091574643,0.5188707729468598,0.0973441438228957,0.0973441438228957,0.7552205435333821,262,262,0.0
rf,Случайный лес,conn__mean_strength__dtf_alpha,Функциональная связность · mean strength · DTF α,conn,Функциональная связность,0.0,0.0,all_clean_features,exploratory_holdout,30,131,33,-0.22185593908129375,0.22185593908129375,0.5172101449275363,-0.03667795046351344,0.03667795046351344,0.7793527006888831,263,263,0.0
rf,Случайный лес,aper__alpha_peak_width_hz__occipital,"Апериодический компонент · ширина альфа-пика, Гц · затылочная область",aper,Апериодический компонент,0.0,0.0,all_clean_features,exploratory_holdout,30,131,33,-0.015226846625273767,0.015226846625273767,0.516832729468599,-0.009266030891670706,0.009266030891670706,0.7825961374370705,264,264,0.0
rf,Случайный лес,conn__modularity__plv_alpha,Функциональная связность · модулярность · PLV α,conn,Функциональная связность,0.0,0.0,all_clean_features,exploratory_holdout,30,131,33,-0.0008889331979846273,0.0008889331979846273,0.5166817632850241,-0.08198203672600325,0.08198203672600325,0.7659065118583488,265,265,0.0
rf,Случайный лес,aper__alpha_peak_cf_hz__occipital,"Апериодический компонент · центральная частота альфа-пика, Гц · затылочная область",aper,Апериодический компонент,0.0,0.0,all_clean_features,exploratory_holdout,30,131,33,0.004232303964884115,0.004232303964884115,0.5166817632850241,-0.05064804875817783,0.05064804875817783,0.7825961374370705,266,266,0.0
rf,Случайный лес,conn__modularity__coh_beta,Функциональная связность · модулярность · coherence β,conn,Функциональная связность,0.0,0.0,all_clean_features,exploratory_holdout,30,131,33,0.005391351623133246,0.005391351623133246,0.5158514492753623,-0.11270016722043322,0.11270016722043322,0.7530565559184411,267,267,0.0
rf,Случайный лес,conn__global_efficiency__wpli_beta,Функциональная связность · глобальная эффективность · wPLI β,conn,Функциональная связность,0.0,0.0,all_clean_features,exploratory_holdout,30,131,33,0.04069024644884213,0.04069024644884213,0.5158514492753623,0.07665420772554689,0.07665420772554689,0.7923209482170757,268,268,0.0
rf,Случайный лес,conn__small_worldness__plv_theta,Функциональная связность · мера маломирности · PLV θ,conn,Функциональная связность,0.0,0.0,all_clean_features,exploratory_holdout,30,131,33,0.10184438703377001,0.10184438703377001,0.5155495169082125,0.12509433902602776,0.12509433902602776,0.7948685854456742,269,269,0.0
rf,Случайный лес,conn__n_hubs__pdc_delta,Функциональная связность · n hubs · PDC δ,conn,Функциональная связность,0.0,0.0,all_clean_features,exploratory_holdout,30,131,33,-0.02390812276407684,0.02390812276407684,0.5147192028985508,0.1671051667596157,0.1671051667596157,0.5450926008173059,270,270,0.0
rf,Случайный лес,conn__n_hubs__wpli_delta,Функциональная связность · n hubs · wPLI δ,conn,Функциональная связность,0.0,0.0,all_clean_features,exploratory_holdout,30,131,33,-0.006600219781409905,0.006600219781409905,0.5144927536231884,-0.036523364738346525,0.036523364738346525,0.7530565559184411,271,271,0.0
rf,Случайный лес,conn__mean_strength__imcoh_theta,Функциональная связность · mean strength · imaginary coherence θ,conn,Функциональная связность,0.0,0.0,all_clean_features,exploratory_holdout,30,131,33,0.043428968677922924,0.043428968677922924,0.5131340579710145,0.13768270034619853,0.13768270034619853,0.8324845759304823,272,272,0.0
rf,Случайный лес,conn__small_worldness__imcoh_alpha,Функциональная связность · мера маломирности · imaginary coherence α,conn,Функциональная связность,0.0,0.0,all_clean_features,exploratory_holdout,30,131,33,0.06186670089826763,0.06186670089826763,0.5107185990338164,0.02800973461677727,0.02800973461677727,0.8286416677208599,273,273,0.0
rf,Случайный лес,conn__modularity__imcoh_delta,Функциональная связность · модулярность · imaginary coherence δ,conn,Функциональная связность,0.0,0.0,all_clean_features,exploratory_holdout,30,131,33,-0.05193213586093108,0.05193213586093108,0.5102657004830918,0.14984613913041228,0.14984613913041228,0.8580117685277971,274,274,0.0
rf,Случайный лес,conn__n_hubs__imcoh_alpha,Функциональная связность · n hubs · imaginary coherence α,conn,Функциональная связность,0.0,0.0,all_clean_features,exploratory_holdout,30,131,33,0.007496597751735515,0.007496597751735515,0.5095863526570049,0.05283543314574004,0.05283543314574004,0.7184989091119309,275,275,0.0
rf,Случайный лес,conn__clustering__imcoh_beta,Функциональная связность · кластеризация · imaginary coherence β,conn,Функциональная связность,0.0,0.0,all_clean_features,exploratory_holdout,30,131,33,-0.05691329415513657,0.05691329415513657,0.5095108695652174,0.04634599637783426,0.04634599637783426,0.8891051584663034,276,276,0.0
rf,Случайный лес,conn__n_hubs__dtf_theta,Функциональная связность · n hubs · DTF θ,conn,Функциональная связность,0.0,0.0,all_clean_features,exploratory_holdout,30,131,33,-0.011978096445811635,0.011978096445811635,0.5092844202898551,-0.09455767169014667,0.09455767169014667,0.5566407574849991,277,277,0.0
rf,Случайный лес,aper__alpha_peak_cf_hz__parietal,"Апериодический компонент · центральная частота альфа-пика, Гц · теменная область",aper,Апериодический компонент,0.0,0.0,all_clean_features,exploratory_holdout,30,131,33,-0.02043803430467925,0.02043803430467925,0.508756038647343,-0.06633165717813919,0.06633165717813919,0.8963619345147492,278,278,0.0
rf,Случайный лес,conn__n_hubs__imcoh_beta,Функциональная связность · n hubs · imaginary coherence β,conn,Функциональная связность,0.0,0.0,all_clean_features,exploratory_holdout,30,131,33,-0.18364494068105092,0.18364494068105092,0.5086805555555556,-0.15350234057373213,0.15350234057373213,0.7862472575094916,279,279,0.0
rf,Случайный лес,conn__modularity__plv_beta,Функциональная связность · модулярность · PLV β,conn,Функциональная связность,0.0,0.0,all_clean_features,exploratory_holdout,30,131,33,-0.038635697502290234,0.038635697502290234,0.5076992753623188,-0.0239058632174708,0.0239058632174708,0.8897633810924086,280,280,0.0
rf,Случайный лес,aper__alpha_peak_width_hz__temporal,"Апериодический компонент · ширина альфа-пика, Гц · височная область",aper,Апериодический компонент,0.0,0.0,all_clean_features,exploratory_holdout,30,131,33,-0.0435696718764006,0.0435696718764006,0.507397342995169,0.06099722445468159,0.06099722445468159,0.913418575205139,281,281,0.0
rf,Случайный лес,burst__rate_per_min__occipital_alpha,Ритмические эпизоды · rate per min · затылочная область α,burst,Ритмические эпизоды,0.0,0.0,all_clean_features,exploratory_holdout,30,131,33,-0.0352227590085098,0.0352227590085098,0.5071708937198068,-0.02459786894657033,0.02459786894657033,0.913418575205139,282,282,0.0
rf,Случайный лес,conn__n_hubs__wpli_theta,Функциональная связность · n hubs · wPLI θ,conn,Функциональная связность,0.0,0.0,all_clean_features,exploratory_holdout,30,131,33,-0.10312997631934262,0.10312997631934262,0.5070954106280193,-0.10306620600844132,0.10306620600844132,0.8740653512828602,283,283,0.0
rf,Случайный лес,burst__rate_per_min__parietal_alpha,Ритмические эпизоды · rate per min · теменная область α,burst,Ритмические эпизоды,0.0,0.0,all_clean_features,exploratory_holdout,30,131,33,-0.02637648776692249,0.02637648776692249,0.5070199275362319,-0.03611791198672944,0.03611791198672944,0.913418575205139,284,284,0.0
rf,Случайный лес,burst__rate_per_min__temporal_alpha,Ритмические эпизоды · rate per min · височная область α,burst,Ритмические эпизоды,0.0,0.0,all_clean_features,exploratory_holdout,30,131,33,0.10440074036319819,0.10440074036319819,0.50618961352657,0.007913370247565353,0.007913370247565353,0.9207720987658065,285,285,0.0
rf,Случайный лес,burst__rate_per_min__frontal_alpha,Ритмические эпизоды · rate per min · лобная область α,burst,Ритмические эпизоды,0.0,0.0,all_clean_features,exploratory_holdout,30,131,33,-0.05101766347678341,0.05101766347678341,0.5055857487922705,-0.04445419253011053,0.04445419253011053,0.9235068888571673,286,286,0.0
rf,Случайный лес,event__lr_index,Транзиентные события · lr index,event,Транзиентные события,0.0,0.0,all_clean_features,exploratory_holdout,30,131,33,0.03960621487147708,0.03960621487147708,0.5048309178743962,-0.041236724446635106,0.041236724446635106,0.9235068888571673,287,287,0.0
rf,Случайный лес,conn__clustering__wpli_delta,Функциональная связность · кластеризация · wPLI δ,conn,Функциональная связность,0.0,0.0,all_clean_features,exploratory_holdout,30,131,33,-0.06703664140359698,0.06703664140359698,0.5042270531400965,0.04840355081120271,0.04840355081120271,0.9430614682974163,288,288,0.0
rf,Случайный лес,conn__modularity__plv_theta,Функциональная связность · модулярность · PLV θ,conn,Функциональная связность,0.0,0.0,all_clean_features,exploratory_holdout,30,131,33,0.03626129577934497,0.03626129577934497,0.5040006038647343,0.014196427517787234,0.014196427517787234,0.9235068888571673,289,289,0.0
rf,Случайный лес,burst__mean_amp__temporal_beta,Ритмические эпизоды · mean amp · височная область β,burst,Ритмические эпизоды,0.0,0.0,all_clean_features,exploratory_holdout,30,131,33,-0.012574110151054658,0.012574110151054658,0.5033212560386473,-0.07157317849747502,0.07157317849747502,0.9559094660707451,290,290,0.0
rf,Случайный лес,conn__n_hubs__dtf_beta,Функциональная связность · n hubs · DTF β,conn,Функциональная связность,0.0,0.0,all_clean_features,exploratory_holdout,30,131,33,0.0003992239803341357,0.0003992239803341357,0.5031702898550725,-0.09972820585704745,0.09972820585704745,0.9189901611297505,291,291,0.0
rf,Случайный лес,conn__n_hubs__dtf_alpha,Функциональная связность · n hubs · DTF α,conn,Функциональная связность,0.0,0.0,all_clean_features,exploratory_holdout,30,131,33,-0.04303978682949665,0.04303978682949665,0.5026419082125604,-0.014911192598790016,0.014911192598790016,0.913418575205139,292,292,0.0
rf,Случайный лес,conn__clustering__wpli_beta,Функциональная связность · кластеризация · wPLI β,conn,Функциональная связность,0.0,0.0,all_clean_features,exploratory_holdout,30,131,33,-0.04562212652536015,0.04562212652536015,0.5016606280193237,0.035653423379061404,0.035653423379061404,0.9781376768471614,293,293,0.0
rf,Случайный лес,aper__alpha_peak_width_hz__parietal,"Апериодический компонент · ширина альфа-пика, Гц · теменная область",aper,Апериодический компонент,0.0,0.0,all_clean_features,exploratory_holdout,30,131,33,-0.0186311220378786,0.0186311220378786,0.5015851449275363,0.035411265598256615,0.035411265598256615,0.9781376768471614,294,294,0.0
rf,Случайный лес,conn__n_hubs__dtf_delta,Функциональная связность · n hubs · DTF δ,conn,Функциональная связность,0.0,0.0,all_clean_features,exploratory_holdout,30,131,33,-0.01671876457691797,0.01671876457691797,0.5015096618357487,0.027216900149808362,0.027216900149808362,0.913418575205139,295,295,0.0
rf,Случайный лес,burst__pct_time__central_beta,Ритмические эпизоды · pct time · центральная область β,burst,Ритмические эпизоды,0.0,0.0,all_clean_features,exploratory_holdout,30,131,33,-0.09036725309410136,0.09036725309410136,0.5015096618357487,0.020042025077793877,0.020042025077793877,0.9781376768471614,296,296,0.0
rf,Случайный лес,conn__modularity__wpli_beta,Функциональная связность · модулярность · wPLI β,conn,Функциональная связность,0.0,0.0,all_clean_features,exploratory_holdout,30,131,33,0.0922552548540205,0.0922552548540205,0.5000754830917875,0.10782513398674289,0.10782513398674289,1.0,297,297,0.0
rf,Случайный лес,event__slow_peak_uv,Транзиентные события · slow peak uv,event,Транзиентные события,-0.0011278195488721888,0.001722772817652584,all_clean_features,exploratory_holdout,30,131,33,0.12091430795266556,0.12091430795266556,0.8194444444444445,1.0803857516580142,1.0803857516580142,1.0267203285724793e-10,298,298,0.0
rf,Случайный лес,event__line_length_uv,Транзиентные события · line length uv,event,Транзиентные события,-0.002130325814536349,0.0023140583098520532,all_clean_features,exploratory_holdout,30,131,33,0.08306116902098093,0.08306116902098093,0.8331823671497585,0.5497899025899595,0.5497899025899595,1.3276232018551686e-11,299,299,0.0
rf,Случайный лес,event__spike_to_slow_ratio,Транзиентные события · spike to slow ratio,event,Транзиентные события,-0.0037593984962405696,0.004655181859901417,all_clean_features,exploratory_holdout,30,131,33,0.24409455119612666,0.24409455119612666,0.9202898550724639,1.0829277517849636,1.0829277517849636,2.8943409230170134e-18,300,300,0.0
rf,Случайный лес,event__propagation_ms,"Время распространения события, мс",event,Транзиентные события,-0.006265664160400963,0.0024428056002027223,all_clean_features,exploratory_holdout,30,131,33,0.4516992381558619,0.4516992381558619,0.9412741545893721,2.2034857008326165,2.2034857008326165,5.2932122026501394e-20,301,301,0.0
svc_rbf,SVM с RBF-ядром,conn__small_worldness__pdc_delta,Функциональная связность · мера маломирности · PDC δ,conn,Функциональная связность,0.001253132832080191,0.0031202755884683396,all_clean_features,exploratory_holdout,30,131,33,0.23678985598641306,0.23678985598641306,0.6239432367149759,0.4714922902793102,0.4714922902793102,0.004870847880610348,1,1,0.001253132832080191
svc_rbf,SVM с RBF-ядром,conn__small_worldness__dtf_alpha,Функциональная связность · мера маломирности · DTF α,conn,Функциональная связность,0.00012531328320802097,0.0015296435608688965,all_clean_features,exploratory_holdout,30,131,33,-0.08231958216359636,0.08231958216359636,0.6111111111111112,-0.121719277645703,0.121719277645703,0.024546948880479858,2,2,0.00012531328320802097
svc_rbf,SVM с RBF-ядром,event__z_peak,"Пиковая амплитуда события, z",event,Транзиентные события,0.0,0.003631923996538733,all_clean_features,exploratory_holdout,30,131,33,-0.7016447616205195,0.7016447616205195,0.964975845410628,-2.3302479574189605,2.3302479574189605,5.729587184044175e-22,3,3,0.0
svc_rbf,SVM с RBF-ядром,event__spike_to_slow_ratio,Транзиентные события · spike to slow ratio,event,Транзиентные события,0.0,0.0,all_clean_features,exploratory_holdout,30,131,33,0.24409455119612666,0.24409455119612666,0.9202898550724639,1.0829277517849636,1.0829277517849636,2.8943409230170134e-18,4,4,0.0
svc_rbf,SVM с RBF-ядром,conn__clustering__plv_theta,Функциональная связность · кластеризация · PLV θ,conn,Функциональная связность,0.0,0.0,all_clean_features,exploratory_holdout,30,131,33,-0.22868210368335912,0.22868210368335912,0.8691123188405797,-1.3512420460605923,1.3512420460605923,4.139794683171406e-14,5,5,0.0
svc_rbf,SVM с RBF-ядром,event__n_involved_ch,Число вовлечённых каналов события,event,Транзиентные события,0.0,0.0,all_clean_features,exploratory_holdout,30,131,33,0.2189816450674021,0.2189816450674021,0.8408061594202899,1.1307276973039035,1.1307276973039035,3.887498532653169e-12,6,6,0.0
svc_rbf,SVM с RBF-ядром,event__line_length_uv,Транзиентные события · line length uv,event,Транзиентные события,0.0,0.0,all_clean_features,exploratory_holdout,30,131,33,0.08306116902098093,0.08306116902098093,0.8331823671497585,0.5497899025899595,0.5497899025899595,1.3276232018551686e-11,7,7,0.0
svc_rbf,SVM с RBF-ядром,event__slow_peak_uv,Транзиентные события · slow peak uv,event,Транзиентные события,0.0,0.0,all_clean_features,exploratory_holdout,30,131,33,0.12091430795266556,0.12091430795266556,0.8194444444444445,1.0803857516580142,1.0803857516580142,1.0267203285724793e-10,8,8,0.0
svc_rbf,SVM с RBF-ядром,event__peak_to_peak_uv,Транзиентные события · peak to peak uv,event,Транзиентные события,0.0,0.0,all_clean_features,exploratory_holdout,30,131,33,0.1054171407532542,0.1054171407532542,0.8159722222222223,0.9720211555015174,0.9720211555015174,1.5444586928952428e-10,9,9,0.0
svc_rbf,SVM с RBF-ядром,conn__hub_z_max__plv_delta,Функциональная связность · максимальный hub z-score · PLV δ,conn,Функциональная связность,0.0,0.0,all_clean_features,exploratory_holdout,30,131,33,-0.15702961654229272,0.15702961654229272,0.8132548309178744,-1.129118548691132,1.129118548691132,2.0895719811778526e-10,10,10,0.0
svc_rbf,SVM с RBF-ядром,aper__aperiodic_intercept_log10__parietal,Апериодический компонент · aperiodic intercept log10 · теменная область,aper,Апериодический компонент,0.0,0.0,all_clean_features,exploratory_holdout,30,131,33,0.13063571786962203,0.13063571786962203,0.8057065217391304,1.1420608092640874,1.1420608092640874,5.515340082025495e-10,11,11,0.0
svc_rbf,SVM с RBF-ядром,aper__aperiodic_intercept_log10__temporal,Апериодический компонент · aperiodic intercept log10 · височная область,aper,Апериодический компонент,0.0,0.0,all_clean_features,exploratory_holdout,30,131,33,0.07593555072968425,0.07593555072968425,0.8055555555555556,1.1375749353435916,1.1375749353435916,5.515340082025495e-10,12,12,0.0
svc_rbf,SVM с RBF-ядром,burst__pct_time__occipital_alpha,Ритмические эпизоды · pct time · затылочная область α,burst,Ритмические эпизоды,0.0,0.0,all_clean_features,exploratory_holdout,30,131,33,0.23180716717568287,0.23180716717568287,0.8020833333333333,0.9997637822086023,0.9997637822086023,8.495781504125879e-10,13,13,0.0
svc_rbf,SVM с RBF-ядром,aper__aperiodic_intercept_log10__frontal,Апериодический компонент · aperiodic intercept log10 · лобная область,aper,Апериодический компонент,0.0,0.0,all_clean_features,exploratory_holdout,30,131,33,0.1444762895404557,0.1444762895404557,0.7964975845410628,1.1285406098796067,1.1285406098796067,1.7860226937951565e-09,14,14,0.0
svc_rbf,SVM с RBF-ядром,conn__hub_z_max__dtf_delta,Функциональная связность · максимальный hub z-score · DTF δ,conn,Функциональная связность,0.0,0.0,all_clean_features,exploratory_holdout,30,131,33,0.18942809908912642,0.18942809908912642,0.7916666666666666,1.1237997120696217,1.1237997120696217,3.3395639929717363e-09,15,15,0.0
svc_rbf,SVM с RBF-ядром,conn__clustering__coh_theta,Функциональная связность · кластеризация · coherence θ,conn,Функциональная связность,0.0,0.0,all_clean_features,exploratory_holdout,30,131,33,-0.06285077833995603,0.06285077833995603,0.7823067632850241,-0.6759977867116944,0.6759977867116944,1.0565348576228296e-08,16,16,0.0
svc_rbf,SVM с RBF-ядром,spec_shape__spectral_entropy_norm__frontal,Интегральные спектральные характеристики · спектральная энтропия norm · лобная область,spec_shape,Интегральные спектральные характеристики,0.0,0.0,all_clean_features,exploratory_holdout,30,131,33,-0.049894037716218566,0.049894037716218566,0.7821557971014492,-1.045041959178796,1.045041959178796,1.0565348576228296e-08,17,17,0.0
svc_rbf,SVM с RBF-ядром,spec_shape__spectral_entropy_raw__frontal,Интегральные спектральные характеристики · спектральная энтропия · лобная область,spec_shape,Интегральные спектральные характеристики,0.0,0.0,all_clean_features,exploratory_holdout,30,131,33,-0.04989403771621765,0.04989403771621765,0.7821557971014492,-1.0450419591787885,1.0450419591787885,1.0565348576228296e-08,18,18,0.0
svc_rbf,SVM с RBF-ядром,dfa__dfa_exp__frontal_alpha,Долговременные корреляции · dfa exp · лобная область α,dfa,Долговременные корреляции,0.0,0.0,all_clean_features,exploratory_holdout,30,131,33,0.1221014172093764,0.1221014172093764,0.7776268115942029,1.042285237626885,1.042285237626885,1.7677359688023226e-08,19,19,0.0
svc_rbf,SVM с RBF-ядром,dfa__dfa_exp__occipital_alpha,Долговременные корреляции · dfa exp · затылочная область α,dfa,Долговременные корреляции,0.0,0.0,all_clean_features,exploratory_holdout,30,131,33,0.19360333325927018,0.19360333325927018,0.7768719806763286,1.0969821672769275,1.0969821672769275,1.8622578989888503e-08,20,20,0.0
svc_rbf,SVM с RBF-ядром,conn__hub_z_max__plv_beta,Функциональная связность · максимальный hub z-score · PLV β,conn,Функциональная связность,0.0,0.0,all_clean_features,exploratory_holdout,30,131,33,-0.2478008299119807,0.2478008299119807,0.776268115942029,-1.066771737493484,1.066771737493484,1.8707026878628353e-08,21,21,0.0
svc_rbf,SVM с RBF-ядром,aper__aperiodic_exponent__frontal,Апериодический компонент · экспонента 1/f · лобная область,aper,Апериодический компонент,0.0,0.0,all_clean_features,exploratory_holdout,30,131,33,0.173338025657065,0.173338025657065,0.7758152173913043,0.9693323545586681,0.9693323545586681,1.8707026878628353e-08,22,22,0.0
svc_rbf,SVM с RBF-ядром,aper__aperiodic_slope__frontal,Апериодический компонент · наклон 1/f · лобная область,aper,Апериодический компонент,0.0,0.0,all_clean_features,exploratory_holdout,30,131,33,-0.173338025657065,0.173338025657065,0.7758152173913043,-0.9693323545586681,0.9693323545586681,1.8707026878628353e-08,23,23,0.0
svc_rbf,SVM с RBF-ядром,aper__aperiodic_intercept_log10__central,Апериодический компонент · aperiodic intercept log10 · центральная область,aper,Апериодический компонент,0.0,0.0,all_clean_features,exploratory_holdout,30,131,33,0.11943832785060221,0.11943832785060221,0.7743055555555556,1.0490147568707586,1.0490147568707586,2.2011209754442993e-08,24,24,0.0
svc_rbf,SVM с RBF-ядром,spec_shape__spectral_entropy_raw__central,Интегральные спектральные характеристики · спектральная энтропия · центральная область,spec_shape,Интегральные спектральные характеристики,0.0,0.0,all_clean_features,exploratory_holdout,30,131,33,-0.052400677342211495,0.052400677342211495,0.7732487922705313,-1.0081510450692717,1.0081510450692717,2.3441782877667187e-08,25,25,0.0
svc_rbf,SVM с RBF-ядром,spec_shape__spectral_entropy_norm__central,Интегральные спектральные характеристики · спектральная энтропия norm · центральная область,spec_shape,Интегральные спектральные характеристики,0.0,0.0,all_clean_features,exploratory_holdout,30,131,33,-0.052400677342212015,0.052400677342212015,0.7732487922705313,-1.0081510450692663,1.0081510450692663,2.3441782877667187e-08,26,26,0.0
svc_rbf,SVM с RBF-ядром,dfa__dfa_exp__parietal_alpha,Долговременные корреляции · dfa exp · теменная область α,dfa,Долговременные корреляции,0.0,0.0,all_clean_features,exploratory_holdout,30,131,33,0.1750608565798002,0.1750608565798002,0.7715881642512078,1.0199965450147548,1.0199965450147548,2.8231835211831212e-08,27,27,0.0
svc_rbf,SVM с RBF-ядром,conn__global_efficiency__plv_theta,Функциональная связность · глобальная эффективность · PLV θ,conn,Функциональная связность,0.0,0.0,all_clean_features,exploratory_holdout,30,131,33,-0.16523262790170498,0.16523262790170498,0.7697765700483092,-0.9378487017738449,0.9378487017738449,3.469544755493704e-08,28,28,0.0
svc_rbf,SVM с RBF-ядром,aper__aperiodic_exponent__parietal,Апериодический компонент · экспонента 1/f · теменная область,aper,Апериодический компонент,0.0,0.0,all_clean_features,exploratory_holdout,30,131,33,0.011166359374353075,0.011166359374353075,0.7673611111111112,0.9890745135324296,0.9890745135324296,4.463795683076409e-08,29,29,0.0
svc_rbf,SVM с RBF-ядром,aper__aperiodic_slope__parietal,Апериодический компонент · наклон 1/f · теменная область,aper,Апериодический компонент,0.0,0.0,all_clean_features,exploratory_holdout,30,131,33,-0.011166359374353075,0.011166359374353075,0.7673611111111112,-0.9890745135324296,0.9890745135324296,4.463795683076409e-08,30,30,0.0
svc_rbf,SVM с RBF-ядром,conn__global_efficiency__pdc_beta,Функциональная связность · глобальная эффективность · PDC β,conn,Функциональная связность,0.0,0.0,all_clean_features,exploratory_holdout,30,131,33,-0.28370723194239844,0.28370723194239844,0.7604166666666666,-0.9503946936191081,0.9503946936191081,1.03706992272243e-07,31,31,0.0
svc_rbf,SVM с RBF-ядром,conn__hub_z_max__coh_delta,Функциональная связность · максимальный hub z-score · coherence δ,conn,Функциональная связность,0.0,0.0,all_clean_features,exploratory_holdout,30,131,33,-0.09881070793925507,0.09881070793925507,0.7586050724637682,-0.9479797066387464,0.9479797066387464,1.2695350882579458e-07,32,32,0.0
svc_rbf,SVM с RBF-ядром,burst__pct_time__frontal_alpha,Ритмические эпизоды · pct time · лобная область α,burst,Ритмические эпизоды,0.0,0.0,all_clean_features,exploratory_holdout,30,131,33,0.19130135927517022,0.19130135927517022,0.7580012077294687,0.951274927971627,0.951274927971627,1.3312058525082866e-07,33,33,0.0
svc_rbf,SVM с RBF-ядром,aper__aperiodic_exponent__temporal,Апериодический компонент · экспонента 1/f · височная область,aper,Апериодический компонент,0.0,0.0,all_clean_features,exploratory_holdout,30,131,33,0.01993909503333305,0.01993909503333305,0.7570954106280193,0.9890803146166957,0.9890803146166957,1.411494995852662e-07,34,34,0.0
svc_rbf,SVM с RBF-ядром,aper__aperiodic_slope__temporal,Апериодический компонент · наклон 1/f · височная область,aper,Апериодический компонент,0.0,0.0,all_clean_features,exploratory_holdout,30,131,33,-0.01993909503333305,0.01993909503333305,0.7570954106280193,-0.9890803146166957,0.9890803146166957,1.411494995852662e-07,35,35,0.0
svc_rbf,SVM с RBF-ядром,spec_shape__sef95_hz__frontal,Интегральные спектральные характеристики · SEF95 hz · лобная область,spec_shape,Интегральные спектральные характеристики,0.0,0.0,all_clean_features,exploratory_holdout,30,131,33,-0.1196198594470452,0.1196198594470452,0.7543780193236715,-0.9746918387024786,0.9746918387024786,1.9386187668045674e-07,36,36,0.0
svc_rbf,SVM с RBF-ядром,burst__pct_time__parietal_alpha,Ритмические эпизоды · pct time · теменная область α,burst,Ритмические эпизоды,0.0,0.0,all_clean_features,exploratory_holdout,30,131,33,0.19200962235171531,0.19200962235171531,0.7540760869565218,0.9235073241276345,0.9235073241276345,1.9472268124562714e-07,37,37,0.0
svc_rbf,SVM с RBF-ядром,burst__pct_time__central_alpha,Ритмические эпизоды · pct time · центральная область α,burst,Ритмические эпизоды,0.0,0.0,all_clean_features,exploratory_holdout,30,131,33,0.21523729787363122,0.21523729787363122,0.7539251207729469,0.9933777521342236,0.9933777521342236,1.9472268124562714e-07,38,38,0.0
svc_rbf,SVM с RBF-ядром,conn__clustering__plv_delta,Функциональная связность · кластеризация · PLV δ,conn,Функциональная связность,0.0,0.0,all_clean_features,exploratory_holdout,30,131,33,-0.0036140478736930125,0.0036140478736930125,0.751358695652174,-0.8560275978972943,0.8560275978972943,2.555610097778762e-07,39,39,0.0
svc_rbf,SVM с RBF-ядром,event__slope_rise_uvs,Транзиентные события · slope rise uvs,event,Транзиентные события,0.0,0.0,all_clean_features,exploratory_holdout,30,131,33,0.08095672787832893,0.08095672787832893,0.7468297101449275,0.5935143413376659,0.5935143413376659,4.3694718312121074e-07,40,40,0.0
svc_rbf,SVM с RBF-ядром,spec_shape__spectral_entropy_norm__temporal,Интегральные спектральные характеристики · спектральная энтропия norm · височная область,spec_shape,Интегральные спектральные характеристики,0.0,0.0,all_clean_features,exploratory_holdout,30,131,33,0.11848046732489796,0.11848046732489796,0.742451690821256,-0.8410157663110327,0.8410157663110327,7.104759709903698e-07,41,41,0.0
svc_rbf,SVM с RBF-ядром,spec_shape__spectral_entropy_raw__temporal,Интегральные спектральные характеристики · спектральная энтропия · височная область,spec_shape,Интегральные спектральные характеристики,0.0,0.0,all_clean_features,exploratory_holdout,30,131,33,0.11848046732489753,0.11848046732489753,0.742451690821256,-0.8410157663110321,0.8410157663110321,7.104759709903698e-07,42,42,0.0
svc_rbf,SVM с RBF-ядром,event__slope_fall_uvs,Транзиентные события · slope fall uvs,event,Транзиентные события,0.0,0.0,all_clean_features,exploratory_holdout,30,131,33,-0.0989537364662509,0.0989537364662509,0.7404891304347826,-0.5579543084276651,0.5579543084276651,8.79473730321795e-07,43,43,0.0
svc_rbf,SVM с RBF-ядром,conn__mean_strength__plv_theta,Функциональная связность · mean strength · PLV θ,conn,Функциональная связность,0.0,0.0,all_clean_features,exploratory_holdout,30,131,33,-0.09890250376409526,0.09890250376409526,0.7361111111111112,-0.7592799904636308,0.7592799904636308,1.4466585547147826e-06,44,44,0.0
svc_rbf,SVM с RBF-ядром,aper__aperiodic_intercept_log10__occipital,Апериодический компонент · aperiodic intercept log10 · затылочная область,aper,Апериодический компонент,0.0,0.0,all_clean_features,exploratory_holdout,30,131,33,0.04492754237440588,0.04492754237440588,0.7356582125603865,0.8614408481124481,0.8614408481124481,1.4933142530569576e-06,45,45,0.0
svc_rbf,SVM с RBF-ядром,aper__aperiodic_exponent__central,Апериодический компонент · экспонента 1/f · центральная область,aper,Апериодический компонент,0.0,0.0,all_clean_features,exploratory_holdout,30,131,33,0.09655774510671421,0.09655774510671421,0.7339975845410628,0.9095961341514031,0.9095961341514031,1.7397610555729624e-06,46,46,0.0
svc_rbf,SVM с RBF-ядром,aper__aperiodic_slope__central,Апериодический компонент · наклон 1/f · центральная область,aper,Апериодический компонент,0.0,0.0,all_clean_features,exploratory_holdout,30,131,33,-0.09655774510671421,0.09655774510671421,0.7339975845410628,-0.9095961341514031,0.9095961341514031,1.7397610555729624e-06,47,47,0.0
svc_rbf,SVM с RBF-ядром,conn__asymmetry__pdc_beta,Функциональная связность · асимметрия · PDC β,conn,Функциональная связность,0.0,0.0,all_clean_features,exploratory_holdout,30,131,33,-0.21000916488896848,0.21000916488896848,0.7311292270531401,-0.8548326794879458,0.8548326794879458,2.331547447303809e-06,48,48,0.0
svc_rbf,SVM с RBF-ядром,conn__n_hubs__plv_delta,Функциональная связность · n hubs · PLV δ,conn,Функциональная связность,0.0,0.0,all_clean_features,exploratory_holdout,30,131,33,-0.05976474747255861,0.05976474747255861,0.7298460144927537,-0.9662551376690595,0.9662551376690595,2.3225237482741015e-07,49,49,0.0
svc_rbf,SVM с RBF-ядром,event__auc_abs_uvs,Транзиентные события · auc abs uvs,event,Транзиентные события,0.0,0.0,all_clean_features,exploratory_holdout,30,131,33,-0.05076136258410101,0.05076136258410101,0.7297705314009663,0.6729617247212687,0.6729617247212687,2.6735628200454034e-06,50,50,0.0
svc_rbf,SVM с RBF-ядром,event__sharpness_uv,Транзиентные события · sharpness uv,event,Транзиентные события,0.0,0.0,all_clean_features,exploratory_holdout,30,131,33,0.11959615138773273,0.11959615138773273,0.7294685990338163,0.5980659462960258,0.5980659462960258,2.7155099153961007e-06,51,51,0.0
svc_rbf,SVM с RBF-ядром,conn__global_efficiency__pdc_alpha,Функциональная связность · глобальная эффективность · PDC α,conn,Функциональная связность,0.0,0.0,all_clean_features,exploratory_holdout,30,131,33,-0.1732430300364377,0.1732430300364377,0.728713768115942,-0.9096515882681813,0.9096515882681813,2.9056049884386746e-06,52,52,0.0
svc_rbf,SVM с RBF-ядром,spec_shape__sef95_hz__temporal,Интегральные спектральные характеристики · SEF95 hz · височная область,spec_shape,Интегральные спектральные характеристики,0.0,0.0,all_clean_features,exploratory_holdout,30,131,33,0.1328002438314973,0.1328002438314973,0.7252415458937198,-0.832347289726649,0.832347289726649,4.229573812176755e-06,53,53,0.0
svc_rbf,SVM с RBF-ядром,spec_shape__sef95_hz__central,Интегральные спектральные характеристики · SEF95 hz · центральная область,spec_shape,Интегральные спектральные характеристики,0.0,0.0,all_clean_features,exploratory_holdout,30,131,33,-0.07940200688188813,0.07940200688188813,0.7241847826086956,-0.9033915499490599,0.9033915499490599,4.677776704143436e-06,54,54,0.0
svc_rbf,SVM с RBF-ядром,conn__n_hubs__coh_delta,Функциональная связность · n hubs · coherence δ,conn,Функциональная связность,0.0,0.0,all_clean_features,exploratory_holdout,30,131,33,-0.07394469227062889,0.07394469227062889,0.7225241545893719,-0.9643291397142586,0.9643291397142586,8.246249087315795e-08,55,55,0.0
svc_rbf,SVM с RBF-ядром,conn__hub_z_max__pdc_alpha,Функциональная связность · максимальный hub z-score · PDC α,conn,Функциональная связность,0.0,0.0,all_clean_features,exploratory_holdout,30,131,33,-0.10860776929675924,0.10860776929675924,0.7178442028985508,-0.7888993830744875,0.7888993830744875,9.108969507995556e-06,56,56,0.0
svc_rbf,SVM с RBF-ядром,alpha_peak__alpha_peak_db__parietal,"Параметры альфа-ритма · выраженность альфа-пика, дБ · теменная область",alpha_peak,Параметры альфа-ритма,0.0,0.0,all_clean_features,exploratory_holdout,30,131,33,0.15382277115495663,0.15382277115495663,0.7140700483091786,0.7342473181696393,0.7342473181696393,1.3475427860974302e-05,57,57,0.0
svc_rbf,SVM с RBF-ядром,dfa__dfa_exp__central_alpha,Долговременные корреляции · dfa exp · центральная область α,dfa,Долговременные корреляции,0.0,0.0,all_clean_features,exploratory_holdout,30,131,33,0.14549348742461715,0.14549348742461715,0.712409420289855,0.8017442787829143,0.8017442787829143,1.58282191410198e-05,58,58,0.0
svc_rbf,SVM с RBF-ядром,conn__hub_z_max__plv_theta,Функциональная связность · максимальный hub z-score · PLV θ,conn,Функциональная связность,0.0,0.0,all_clean_features,exploratory_holdout,30,131,33,-0.17422776009884963,0.17422776009884963,0.7118055555555556,-0.8200868154459982,0.8200868154459982,1.6335123789945015e-05,59,59,0.0
svc_rbf,SVM с RBF-ядром,conn__global_efficiency__plv_delta,Функциональная связность · глобальная эффективность · PLV δ,conn,Функциональная связность,0.0,0.0,all_clean_features,exploratory_holdout,30,131,33,-0.10917560025712529,0.10917560025712529,0.7118055555555556,-0.7588676551431861,0.7588676551431861,1.6335123789945015e-05,60,60,0.0
svc_rbf,SVM с RBF-ядром,conn__clustering__plv_alpha,Функциональная связность · кластеризация · PLV α,conn,Функциональная связность,0.0,0.0,all_clean_features,exploratory_holdout,30,131,33,-0.06020277743273996,0.06020277743273996,0.7089371980676329,-0.7625490190397487,0.7625490190397487,2.1429017980673443e-05,61,61,0.0
svc_rbf,SVM с RBF-ядром,conn__clustering__coh_beta,Функциональная связность · кластеризация · coherence β,conn,Функциональная связность,0.0,0.0,all_clean_features,exploratory_holdout,30,131,33,-0.12682343445523195,0.12682343445523195,0.7081823671497585,-0.6260046939048262,0.6260046939048262,2.2837208517802385e-05,62,62,0.0
svc_rbf,SVM с RBF-ядром,conn__global_efficiency__pdc_theta,Функциональная связность · глобальная эффективность · PDC θ,conn,Функциональная связность,0.0,0.0,all_clean_features,exploratory_holdout,30,131,33,-0.08743111417978383,0.08743111417978383,0.7066727053140096,-0.7381213535840112,0.7381213535840112,2.6327541888808928e-05,63,63,0.0
svc_rbf,SVM с RBF-ядром,burst__rate_per_min__parietal_beta,Ритмические эпизоды · rate per min · теменная область β,burst,Ритмические эпизоды,0.0,0.0,all_clean_features,exploratory_holdout,30,131,33,0.12762461086262356,0.12762461086262356,0.7048611111111113,0.7469014001846134,0.7469014001846134,3.1253873136849714e-05,64,64,0.0
svc_rbf,SVM с RBF-ядром,conn__clustering__pdc_theta,Функциональная связность · кластеризация · PDC θ,conn,Функциональная связность,0.0,0.0,all_clean_features,exploratory_holdout,30,131,33,0.05912508616752807,0.05912508616752807,0.7032004830917875,0.7278333162608164,0.7278333162608164,3.656297826240317e-05,65,65,0.0
svc_rbf,SVM с RBF-ядром,conn__clustering__pdc_delta,Функциональная связность · кластеризация · PDC δ,conn,Функциональная связность,0.0,0.0,all_clean_features,exploratory_holdout,30,131,33,0.12267092921926137,0.12267092921926137,0.7027475845410629,0.731526152725907,0.731526152725907,3.774131472445813e-05,66,66,0.0
svc_rbf,SVM с RBF-ядром,conn__hub_z_max__pdc_beta,Функциональная связность · максимальный hub z-score · PDC β,conn,Функциональная связность,0.0,0.0,all_clean_features,exploratory_holdout,30,131,33,-0.24335516892942397,0.24335516892942397,0.7004830917874396,-0.759152883308247,0.759152883308247,4.6830427518196595e-05,67,67,0.0
svc_rbf,SVM с RBF-ядром,conn__n_hubs__plv_beta,Функциональная связность · n hubs · PLV β,conn,Функциональная связность,0.0,0.0,all_clean_features,exploratory_holdout,30,131,33,-0.12218214999741166,0.12218214999741166,0.7003321256038647,-0.7873692003314003,0.7873692003314003,7.0849336275301865e-06,68,68,0.0
svc_rbf,SVM с RBF-ядром,spec_shape__spectral_entropy_raw__parietal,Интегральные спектральные характеристики · спектральная энтропия · теменная область,spec_shape,Интегральные спектральные характеристики,0.0,0.0,all_clean_features,exploratory_holdout,30,131,33,-0.010944172172756294,0.010944172172756294,0.6997282608695652,-0.7483586790795292,0.7483586790795292,4.913430594248742e-05,69,69,0.0
svc_rbf,SVM с RBF-ядром,spec_shape__spectral_entropy_norm__parietal,Интегральные спектральные характеристики · спектральная энтропия norm · теменная область,spec_shape,Интегральные спектральные характеристики,0.0,0.0,all_clean_features,exploratory_holdout,30,131,33,-0.010944172172755883,0.010944172172755883,0.6997282608695652,-0.7483586790795274,0.7483586790795274,4.913430594248742e-05,70,70,0.0
svc_rbf,SVM с RBF-ядром,alpha_peak__alpha_peak_db__occipital,"Параметры альфа-ритма · выраженность альфа-пика, дБ · затылочная область",alpha_peak,Параметры альфа-ритма,0.0,0.0,all_clean_features,exploratory_holdout,30,131,33,0.04702634651523839,0.04702634651523839,0.6953502415458938,0.6848100466600096,0.6848100466600096,7.300122197288827e-05,71,71,0.0
svc_rbf,SVM с RBF-ядром,conn__global_efficiency__coh_theta,Функциональная связность · глобальная эффективность · coherence θ,conn,Функциональная связность,0.0,0.0,all_clean_features,exploratory_holdout,30,131,33,0.040678428949200256,0.040678428949200256,0.6953502415458936,-0.5173496706386319,0.5173496706386319,7.300122197288827e-05,72,72,0.0
svc_rbf,SVM с RBF-ядром,conn__clustering__pdc_alpha,Функциональная связность · кластеризация · PDC α,conn,Функциональная связность,0.0,0.0,all_clean_features,exploratory_holdout,30,131,33,0.08107011484654868,0.08107011484654868,0.6917270531400965,0.7060071018433022,0.7060071018433022,0.00010138334358552302,73,73,0.0
svc_rbf,SVM с RBF-ядром,burst__rate_per_min__frontal_beta,Ритмические эпизоды · rate per min · лобная область β,burst,Ритмические эпизоды,0.0,0.0,all_clean_features,exploratory_holdout,30,131,33,0.143419733378538,0.143419733378538,0.6911986714975845,0.6772754937316076,0.6772754937316076,0.00010522898470681666,74,74,0.0
svc_rbf,SVM с RBF-ядром,spec_shape__sef95_hz__parietal,Интегральные спектральные характеристики · SEF95 hz · теменная область,spec_shape,Интегральные спектральные характеристики,0.0,0.0,all_clean_features,exploratory_holdout,30,131,33,0.0013887043108889326,0.0013887043108889326,0.6909722222222222,-0.756622026328052,0.756622026328052,0.00010631546114735285,75,75,0.0
svc_rbf,SVM с RBF-ядром,conn__clustering__coh_delta,Функциональная связность · кластеризация · coherence δ,conn,Функциональная связность,0.0,0.0,all_clean_features,exploratory_holdout,30,131,33,-0.1425067993556919,0.1425067993556919,0.6873490338164252,-0.3243590535632492,0.3243590535632492,0.00014860195174898515,76,76,0.0
svc_rbf,SVM с RBF-ядром,alpha_peak__alpha_peak_db__temporal,"Параметры альфа-ритма · выраженность альфа-пика, дБ · височная область",alpha_peak,Параметры альфа-ритма,0.0,0.0,all_clean_features,exploratory_holdout,30,131,33,0.04902291424295056,0.04902291424295056,0.6870471014492754,0.6155726230900066,0.6155726230900066,0.00015103766176281655,77,77,0.0
svc_rbf,SVM с RBF-ядром,burst__pct_time__temporal_alpha,Ритмические эпизоды · pct time · височная область α,burst,Ритмические эпизоды,0.0,0.0,all_clean_features,exploratory_holdout,30,131,33,0.14992405494537625,0.14992405494537625,0.6856884057971013,0.6745289720101295,0.6745289720101295,0.00016965896609009106,78,78,0.0
svc_rbf,SVM с RBF-ядром,burst__rate_per_min__occipital_beta,Ритмические эпизоды · rate per min · затылочная область β,burst,Ритмические эпизоды,0.0,0.0,all_clean_features,exploratory_holdout,30,131,33,0.03385724528730549,0.03385724528730549,0.6831974637681159,0.6283257107284206,0.6283257107284206,0.00021154845162415305,79,79,0.0
svc_rbf,SVM с RBF-ядром,burst__mean_amp__parietal_alpha,Ритмические эпизоды · mean amp · теменная область α,burst,Ритмические эпизоды,0.0,0.0,all_clean_features,exploratory_holdout,30,131,33,0.19062120178705566,0.19062120178705566,0.6796497584541064,0.5999834756548323,0.5999834756548323,0.00029024992383830026,80,80,0.0
svc_rbf,SVM с RBF-ядром,conn__global_efficiency__dtf_delta,Функциональная связность · глобальная эффективность · DTF δ,conn,Функциональная связность,0.0,0.0,all_clean_features,exploratory_holdout,30,131,33,0.09639695074111407,0.09639695074111407,0.6784420289855072,0.7063958136276363,0.7063958136276363,0.0003202515167766284,81,81,0.0
svc_rbf,SVM с RBF-ядром,conn__clustering__plv_beta,Функциональная связность · кластеризация · PLV β,conn,Функциональная связность,0.0,0.0,all_clean_features,exploratory_holdout,30,131,33,-0.00927593704936155,0.00927593704936155,0.6779891304347826,-0.5645545739450836,0.5645545739450836,0.00032982517362443987,82,82,0.0
svc_rbf,SVM с RBF-ядром,conn__hub_z_max__plv_alpha,Функциональная связность · максимальный hub z-score · PLV α,conn,Функциональная связность,0.0,0.0,all_clean_features,exploratory_holdout,30,131,33,-0.1392851961590865,0.1392851961590865,0.6770833333333333,-0.6960530067314463,0.6960530067314463,0.00035390341692435645,83,83,0.0
svc_rbf,SVM с RBF-ядром,dfa__dfa_exp__temporal_alpha,Долговременные корреляции · dfa exp · височная область α,dfa,Долговременные корреляции,0.0,0.0,all_clean_features,exploratory_holdout,30,131,33,-0.014058930328081982,0.014058930328081982,0.6769323671497585,0.5709800373884085,0.5709800373884085,0.00035468467106014237,84,84,0.0
svc_rbf,SVM с RBF-ядром,event__spread_rois,Транзиентные события · spread rois,event,Транзиентные события,0.0,0.0,all_clean_features,exploratory_holdout,30,131,33,0.060705097675266946,0.060705097675266946,0.673762077294686,0.7844654110686076,0.7844654110686076,1.9338518973780407e-06,85,85,0.0
svc_rbf,SVM с RBF-ядром,burst__pct_time__occipital_beta,Ритмические эпизоды · pct time · затылочная область β,burst,Ритмические эпизоды,0.0,0.0,all_clean_features,exploratory_holdout,30,131,33,0.03463259171964959,0.03463259171964959,0.6733091787439613,0.6372824145705441,0.6372824145705441,0.00048490199369786616,86,86,0.0
svc_rbf,SVM с RBF-ядром,tfr__value__central_tfr_alpha_cv,Время-частотные характеристики · value · центральная область tfr α cv,tfr,Время-частотные характеристики,0.0,0.0,all_clean_features,exploratory_holdout,30,131,33,-0.19218794499525238,0.19218794499525238,0.6725543478260869,-0.43727958735177813,0.43727958735177813,0.0005126516477436896,87,87,0.0
svc_rbf,SVM с RBF-ядром,conn__n_hubs__plv_theta,Функциональная связность · n hubs · PLV θ,conn,Функциональная связность,0.0,0.0,all_clean_features,exploratory_holdout,30,131,33,-0.11082750963328254,0.11082750963328254,0.6722524154589372,-0.6844531822057338,0.6844531822057338,5.0032873312626226e-05,88,88,0.0
svc_rbf,SVM с RBF-ядром,conn__asymmetry__pdc_alpha,Функциональная связность · асимметрия · PDC α,conn,Функциональная связность,0.0,0.0,all_clean_features,exploratory_holdout,30,131,33,-0.06235681189167308,0.06235681189167308,0.6710446859903383,-0.6024872606759792,0.6024872606759792,0.0005726970766693362,89,89,0.0
svc_rbf,SVM с RBF-ядром,conn__hub_z_max__pdc_theta,Функциональная связность · максимальный hub z-score · PDC θ,conn,Функциональная связность,0.0,0.0,all_clean_features,exploratory_holdout,30,131,33,-0.03439712835950631,0.03439712835950631,0.6710446859903382,-0.5938876305030034,0.5938876305030034,0.0005726970766693362,90,90,0.0
svc_rbf,SVM с RBF-ядром,dfa__dfa_exp__occipital_beta,Долговременные корреляции · dfa exp · затылочная область β,dfa,Долговременные корреляции,0.0,0.0,all_clean_features,exploratory_holdout,30,131,33,0.022235649035133188,0.022235649035133188,0.6708937198067634,0.563525356739438,0.563525356739438,0.0005740764809853581,91,91,0.0
svc_rbf,SVM с RBF-ядром,conn__hub_z_max__dtf_beta,Функциональная связность · максимальный hub z-score · DTF β,conn,Функциональная связность,0.0,0.0,all_clean_features,exploratory_holdout,30,131,33,0.08985563772148045,0.08985563772148045,0.6680253623188407,0.5017063018020019,0.5017063018020019,0.000720988622187269,92,92,0.0
svc_rbf,SVM с RBF-ядром,conn__global_efficiency__pdc_delta,Функциональная связность · глобальная эффективность · PDC δ,conn,Функциональная связность,0.0,0.0,all_clean_features,exploratory_holdout,30,131,33,0.020959747058605708,0.020959747058605708,0.6680253623188406,-0.5371713926740077,0.5371713926740077,0.000720988622187269,93,93,0.0
svc_rbf,SVM с RBF-ядром,burst__mean_peak__parietal_alpha,Ритмические эпизоды · mean peak · теменная область α,burst,Ритмические эпизоды,0.0,0.0,all_clean_features,exploratory_holdout,30,131,33,0.11442869720292517,0.11442869720292517,0.667572463768116,0.5609936738958551,0.5609936738958551,0.0007418494494308191,94,94,0.0
svc_rbf,SVM с RBF-ядром,alpha_peak__alpha_peak_db__central,"Параметры альфа-ритма · выраженность альфа-пика, дБ · центральная область",alpha_peak,Параметры альфа-ритма,0.0,0.0,all_clean_features,exploratory_holdout,30,131,33,0.11457421001204746,0.11457421001204746,0.6666666666666666,0.5577680323879399,0.5577680323879399,0.0007935300095253472,95,95,0.0
svc_rbf,SVM с RBF-ядром,conn__hub_z_max__dtf_theta,Функциональная связность · максимальный hub z-score · DTF θ,conn,Функциональная связность,0.0,0.0,all_clean_features,exploratory_holdout,30,131,33,0.14003109352160673,0.14003109352160673,0.6644021739130435,0.484558757326689,0.484558757326689,0.0009522883719173505,96,96,0.0
svc_rbf,SVM с RBF-ядром,conn__asymmetry__dtf_delta,Функциональная связность · асимметрия · DTF δ,conn,Функциональная связность,0.0,0.0,all_clean_features,exploratory_holdout,30,131,33,-0.15093887601223394,0.15093887601223394,0.6606280193236715,-0.527881446070004,0.527881446070004,0.0012928204026177485,97,97,0.0
svc_rbf,SVM с RBF-ядром,alpha_peak__alpha_peak_db__frontal,"Параметры альфа-ритма · выраженность альфа-пика, дБ · лобная область",alpha_peak,Параметры альфа-ритма,0.0,0.0,all_clean_features,exploratory_holdout,30,131,33,0.0030381984131504234,0.0030381984131504234,0.6601751207729469,0.5681417948736062,0.5681417948736062,0.0013287576045971478,98,98,0.0
svc_rbf,SVM с RBF-ядром,conn__asymmetry__pdc_delta,Функциональная связность · асимметрия · PDC δ,conn,Функциональная связность,0.0,0.0,all_clean_features,exploratory_holdout,30,131,33,0.0745535713675557,0.0745535713675557,0.6594202898550725,-0.5575351161724661,0.5575351161724661,0.0014000870721603428,99,99,0.0
svc_rbf,SVM с RBF-ядром,event__energy_uv2s,Транзиентные события · energy uv2s,event,Транзиентные события,0.0,0.0,all_clean_features,exploratory_holdout,30,131,33,-0.05633119750961333,0.05633119750961333,0.6592693236714976,0.4195080876406125,0.4195080876406125,0.001403682507332499,100,100,0.0
svc_rbf,SVM с RBF-ядром,conn__global_efficiency__dtf_beta,Функциональная связность · глобальная эффективность · DTF β,conn,Функциональная связность,0.0,0.0,all_clean_features,exploratory_holdout,30,131,33,0.06035702928103435,0.06035702928103435,0.6565519323671498,0.5628229382193644,0.5628229382193644,0.0017351254629525833,101,101,0.0
svc_rbf,SVM с RBF-ядром,aper__aperiodic_exponent__occipital,Апериодический компонент · экспонента 1/f · затылочная область,aper,Апериодический компонент,0.0,0.0,all_clean_features,exploratory_holdout,30,131,33,0.03267400563148504,0.03267400563148504,0.6559480676328503,0.5979646438812802,0.5979646438812802,0.0017872322344626328,102,102,0.0
svc_rbf,SVM с RBF-ядром,aper__aperiodic_slope__occipital,Апериодический компонент · наклон 1/f · затылочная область,aper,Апериодический компонент,0.0,0.0,all_clean_features,exploratory_holdout,30,131,33,-0.03267400563148504,0.03267400563148504,0.6559480676328502,-0.5979646438812802,0.5979646438812802,0.0017872322344626328,103,103,0.0
svc_rbf,SVM с RBF-ядром,conn__mean_strength__coh_theta,Функциональная связность · mean strength · coherence θ,conn,Функциональная связность,0.0,0.0,all_clean_features,exploratory_holdout,30,131,33,0.11382802434459381,0.11382802434459381,0.6487016908212561,-0.3034490164493696,0.3034490164493696,0.0030816210225870972,104,104,0.0
svc_rbf,SVM с RBF-ядром,conn__asymmetry__pdc_theta,Функциональная связность · асимметрия · PDC θ,conn,Функциональная связность,0.0,0.0,all_clean_features,exploratory_holdout,30,131,33,0.04489765203337518,0.04489765203337518,0.643719806763285,-0.44180950633891797,0.44180950633891797,0.004465544948968674,105,105,0.0
svc_rbf,SVM с RBF-ядром,burst__mean_amp__occipital_alpha,Ритмические эпизоды · mean amp · затылочная область α,burst,Ритмические эпизоды,0.0,0.0,all_clean_features,exploratory_holdout,30,131,33,0.046017752985364986,0.046017752985364986,0.6435688405797101,0.3883869241074725,0.3883869241074725,0.00447543704558339,106,106,0.0
svc_rbf,SVM с RBF-ядром,aper__alpha_peak_cf_hz__frontal,"Апериодический компонент · центральная частота альфа-пика, Гц · лобная область",aper,Апериодический компонент,0.0,0.0,all_clean_features,exploratory_holdout,30,131,33,0.12994773927699865,0.12994773927699865,0.6410024154589373,0.41239588356601803,0.41239588356601803,0.005211950314435524,107,107,0.0
svc_rbf,SVM с RBF-ядром,burst__mean_peak__occipital_alpha,Ритмические эпизоды · mean peak · затылочная область α,burst,Ритмические эпизоды,0.0,0.0,all_clean_features,exploratory_holdout,30,131,33,-0.03573222864432599,0.03573222864432599,0.640096618357488,0.34965219518371987,0.34965219518371987,0.005590107012585315,108,108,0.0
svc_rbf,SVM с RBF-ядром,conn__global_efficiency__dtf_theta,Функциональная связность · глобальная эффективность · DTF θ,conn,Функциональная связность,0.0,0.0,all_clean_features,exploratory_holdout,30,131,33,-0.0546870301974755,0.0546870301974755,0.6397946859903382,0.4788948398884144,0.4788948398884144,0.0056658299608378475,109,109,0.0
svc_rbf,SVM с RBF-ядром,burst__pct_time__parietal_beta,Ритмические эпизоды · pct time · теменная область β,burst,Ритмические эпизоды,0.0,0.0,all_clean_features,exploratory_holdout,30,131,33,0.0677595179730075,0.0677595179730075,0.6378321256038647,0.5297890577783736,0.5297890577783736,0.0064265701581287,110,110,0.0
svc_rbf,SVM с RBF-ядром,conn__hub_z_max__coh_alpha,Функциональная связность · максимальный hub z-score · coherence α,conn,Функциональная связность,0.0,0.0,all_clean_features,exploratory_holdout,30,131,33,-0.06548207480726798,0.06548207480726798,0.63737922705314,-0.4546470292021562,0.4546470292021562,0.006584629282829288,111,111,0.0
svc_rbf,SVM с RBF-ядром,conn__global_efficiency__coh_delta,Функциональная связность · глобальная эффективность · coherence δ,conn,Функциональная связность,0.0,0.0,all_clean_features,exploratory_holdout,30,131,33,-0.12610813833799533,0.12610813833799533,0.6372282608695652,-0.21837651965054147,0.21837651965054147,0.006600957153035491,112,112,0.0
svc_rbf,SVM с RBF-ядром,conn__mean_strength__dtf_delta,Функциональная связность · mean strength · DTF δ,conn,Функциональная связность,0.0,0.0,all_clean_features,exploratory_holdout,30,131,33,0.025284495239047324,0.025284495239047324,0.6364734299516908,0.5229872823225812,0.5229872823225812,0.006912081215231989,113,113,0.0
svc_rbf,SVM с RBF-ядром,conn__clustering__dtf_theta,Функциональная связность · кластеризация · DTF θ,conn,Функциональная связность,0.0,0.0,all_clean_features,exploratory_holdout,30,131,33,-0.11633222708753149,0.11633222708753149,0.6349637681159421,-0.39649315503371446,0.39649315503371446,0.007574786566313187,114,114,0.0
svc_rbf,SVM с RBF-ядром,burst__pct_time__frontal_beta,Ритмические эпизоды · pct time · лобная область β,burst,Ритмические эпизоды,0.0,0.0,all_clean_features,exploratory_holdout,30,131,33,0.14417030110102022,0.14417030110102022,0.6337560386473431,0.5082967629527384,0.5082967629527384,0.008185330445030935,115,115,0.0
svc_rbf,SVM с RBF-ядром,conn__modularity__dtf_beta,Функциональная связность · модулярность · DTF β,conn,Функциональная связность,0.0,0.0,all_clean_features,exploratory_holdout,30,131,33,-0.13917267995603852,0.13917267995603852,0.632397342995169,-0.48300312549203617,0.48300312549203617,0.002213605924584933,116,116,0.0
svc_rbf,SVM с RBF-ядром,burst__rate_per_min__central_beta,Ритмические эпизоды · rate per min · центральная область β,burst,Ритмические эпизоды,0.0,0.0,all_clean_features,exploratory_holdout,30,131,33,0.08663663308779009,0.08663663308779009,0.6320199275362319,0.3932576927086906,0.3932576927086906,0.009170078240543658,117,117,0.0
svc_rbf,SVM с RBF-ядром,dfa__dfa_exp__parietal_beta,Долговременные корреляции · dfa exp · теменная область β,dfa,Долговременные корреляции,0.0,0.0,all_clean_features,exploratory_holdout,30,131,33,0.0058705162128691885,0.0058705162128691885,0.6290760869565218,0.4503861776054617,0.4503861776054617,0.011159962065336718,118,118,0.0
svc_rbf,SVM с RBF-ядром,spec_shape__spectral_entropy_norm__occipital,Интегральные спектральные характеристики · спектральная энтропия norm · затылочная область,spec_shape,Интегральные спектральные характеристики,0.0,0.0,all_clean_features,exploratory_holdout,30,131,33,-0.018025449181070605,0.018025449181070605,0.6284722222222222,-0.48425151198909694,0.48425151198909694,0.011448074385518396,119,119,0.0
svc_rbf,SVM с RBF-ядром,spec_shape__spectral_entropy_raw__occipital,Интегральные спектральные характеристики · спектральная энтропия · затылочная область,spec_shape,Интегральные спектральные характеристики,0.0,0.0,all_clean_features,exploratory_holdout,30,131,33,-0.018025449181069898,0.018025449181069898,0.6284722222222222,-0.48425151198909605,0.48425151198909605,0.011448074385518396,120,120,0.0
svc_rbf,SVM с RBF-ядром,alpha_peak__alpha_peak_amp_db__parietal,"Параметры альфа-ритма · амплитуда альфа-пика, дБ · теменная область",alpha_peak,Параметры альфа-ритма,0.0,0.0,all_clean_features,exploratory_holdout,30,131,33,-0.07156988130937665,0.07156988130937665,0.6265096618357487,-0.4474454207283884,0.4474454207283884,0.012978395511658445,121,121,0.0
svc_rbf,SVM с RBF-ядром,conn__small_worldness__dtf_delta,Функциональная связность · мера маломирности · DTF δ,conn,Функциональная связность,0.0,0.0,all_clean_features,exploratory_holdout,30,131,33,0.02391228345270014,0.02391228345270014,0.6256038647342995,-0.255188850481779,0.255188850481779,0.007211533466543275,122,122,0.0
svc_rbf,SVM с RBF-ядром,burst__mean_amp__frontal_alpha,Ритмические эпизоды · mean amp · лобная область α,burst,Ритмические эпизоды,0.0,0.0,all_clean_features,exploratory_holdout,30,131,33,0.02558769814774243,0.02558769814774243,0.6204710144927537,0.36440584321385616,0.36440584321385616,0.019053364262285842,123,123,0.0
svc_rbf,SVM с RBF-ядром,conn__hub_z_max__coh_theta,Функциональная связность · максимальный hub z-score · coherence θ,conn,Функциональная связность,0.0,0.0,all_clean_features,exploratory_holdout,30,131,33,0.006162693717602296,0.006162693717602296,0.6195652173913044,-0.4319562647187622,0.4319562647187622,0.020047585079896686,124,124,0.0
svc_rbf,SVM с RBF-ядром,burst__mean_amp__temporal_alpha,Ритмические эпизоды · mean amp · височная область α,burst,Ритмические эпизоды,0.0,0.0,all_clean_features,exploratory_holdout,30,131,33,0.0845005481540637,0.0845005481540637,0.618659420289855,0.38218494133301456,0.38218494133301456,0.021087277569191248,125,125,0.0
svc_rbf,SVM с RBF-ядром,conn__mean_strength__plv_delta,Функциональная связность · mean strength · PLV δ,conn,Функциональная связность,0.0,0.0,all_clean_features,exploratory_holdout,30,131,33,0.010851632558835601,0.010851632558835601,0.6174516908212561,-0.43853932679834223,0.43853932679834223,0.022603717508113984,126,126,0.0
svc_rbf,SVM с RBF-ядром,conn__hub_z_max__imcoh_theta,Функциональная связность · максимальный hub z-score · imaginary coherence θ,conn,Функциональная связность,0.0,0.0,all_clean_features,exploratory_holdout,30,131,33,0.23256281827265196,0.23256281827265196,0.6159420289855073,0.3822802016970218,0.3822802016970218,0.024546948880479858,127,127,0.0
svc_rbf,SVM с RBF-ядром,spec_shape__sef95_hz__occipital,Интегральные спектральные характеристики · SEF95 hz · затылочная область,spec_shape,Интегральные спектральные характеристики,0.0,0.0,all_clean_features,exploratory_holdout,30,131,33,-0.01447395195027887,0.01447395195027887,0.6154891304347826,-0.458617326136908,0.458617326136908,0.025016868644036152,128,128,0.0
svc_rbf,SVM с RBF-ядром,burst__mean_peak__frontal_alpha,Ритмические эпизоды · mean peak · лобная область α,burst,Ритмические эпизоды,0.0,0.0,all_clean_features,exploratory_holdout,30,131,33,-0.03766610324062843,0.03766610324062843,0.6142814009661836,0.3281279604750754,0.3281279604750754,0.026776679306257267,129,129,0.0
svc_rbf,SVM с RBF-ядром,alpha_peak__alpha_peak_amp_db__central,"Параметры альфа-ритма · амплитуда альфа-пика, дБ · центральная область",alpha_peak,Параметры альфа-ритма,0.0,0.0,all_clean_features,exploratory_holdout,30,131,33,-0.02890927840472816,0.02890927840472816,0.6141304347826086,-0.3829701746179126,0.3829701746179126,0.02683285076080721,130,130,0.0
svc_rbf,SVM с RBF-ядром,burst__mean_peak__central_beta,Ритмические эпизоды · mean peak · центральная область β,burst,Ритмические эпизоды,0.0,0.0,all_clean_features,exploratory_holdout,30,131,33,-0.09971508474137618,0.09971508474137618,0.6121678743961352,-0.39235383251408523,0.39235383251408523,0.02984796787978714,131,131,0.0
svc_rbf,SVM с RBF-ядром,tfr__value__parietal_tfr_alpha_cv,Время-частотные характеристики · value · теменная область tfr α cv,tfr,Время-частотные характеристики,0.0,0.0,all_clean_features,exploratory_holdout,30,131,33,-0.16822780908960913,0.16822780908960913,0.6111111111111112,-0.29373178620433904,0.29373178620433904,0.03116525808879818,132,132,0.0
svc_rbf,SVM с RBF-ядром,conn__n_hubs__coh_beta,Функциональная связность · n hubs · coherence β,conn,Функциональная связность,0.0,0.0,all_clean_features,exploratory_holdout,30,131,33,-0.10787740141706828,0.10787740141706828,0.6086956521739131,-0.4929939727408689,0.4929939727408689,0.004870847880610348,133,133,0.0
svc_rbf,SVM с RBF-ядром,conn__hub_z_max__coh_beta,Функциональная связность · максимальный hub z-score · coherence β,conn,Функциональная связность,0.0,0.0,all_clean_features,exploratory_holdout,30,131,33,0.032515645546704657,0.032515645546704657,0.6077898550724639,-0.39919101321345773,0.39919101321345773,0.03777031356959196,134,134,0.0
svc_rbf,SVM с RBF-ядром,burst__mean_amp__occipital_beta,Ритмические эпизоды · mean amp · затылочная область β,burst,Ритмические эпизоды,0.0,0.0,all_clean_features,exploratory_holdout,30,131,33,-0.03139657916220217,0.03139657916220217,0.6041666666666667,0.27824712973678895,0.27824712973678895,0.046041469403013936,135,135,0.0
svc_rbf,SVM с RBF-ядром,alpha_peak__alpha_peak_amp_db__frontal,"Параметры альфа-ритма · амплитуда альфа-пика, дБ · лобная область",alpha_peak,Параметры альфа-ритма,0.0,0.0,all_clean_features,exploratory_holdout,30,131,33,-0.0033095603976378953,0.0033095603976378953,0.6038647342995169,-0.33567494401069387,0.33567494401069387,0.04647646853644253,136,136,0.0
svc_rbf,SVM с RBF-ядром,burst__mean_peak__occipital_beta,Ритмические эпизоды · mean peak · затылочная область β,burst,Ритмические эпизоды,0.0,0.0,all_clean_features,exploratory_holdout,30,131,33,-0.056565267890995655,0.056565267890995655,0.6023550724637681,0.2591938787457834,0.2591938787457834,0.05004739362603688,137,137,0.0
svc_rbf,SVM с RBF-ядром,conn__modularity__imcoh_theta,Функциональная связность · модулярность · imaginary coherence θ,conn,Функциональная связность,0.0,0.0,all_clean_features,exploratory_holdout,30,131,33,0.15472875597421035,0.15472875597421035,0.6022041062801933,0.4255328330758985,0.4255328330758985,0.0307399301153235,138,138,0.0
svc_rbf,SVM с RBF-ядром,conn__n_hubs__plv_alpha,Функциональная связность · n hubs · PLV α,conn,Функциональная связность,0.0,0.0,all_clean_features,exploratory_holdout,30,131,33,0.09668681528912085,0.09668681528912085,0.6022041062801933,-0.3189726877401155,0.3189726877401155,0.019025165963845948,139,139,0.0
svc_rbf,SVM с RBF-ядром,conn__mean_strength__dtf_beta,Функциональная связность · mean strength · DTF β,conn,Функциональная связность,0.0,0.0,all_clean_features,exploratory_holdout,30,131,33,-0.01005807560780535,0.01005807560780535,0.6002415458937198,0.3718226426628849,0.3718226426628849,0.05564001522686272,140,140,0.0
svc_rbf,SVM с RBF-ядром,burst__mean_amp__central_beta,Ритмические эпизоды · mean amp · центральная область β,burst,Ритмические эпизоды,0.0,0.0,all_clean_features,exploratory_holdout,30,131,33,-0.0633866104565083,0.0633866104565083,0.5993357487922706,-0.33226239102223165,0.33226239102223165,0.057758319072652685,141,141,0.0
svc_rbf,SVM с RBF-ядром,alpha_peak__alpha_peak_amp_db__occipital,"Параметры альфа-ритма · амплитуда альфа-пика, дБ · затылочная область",alpha_peak,Параметры альфа-ритма,0.0,0.0,all_clean_features,exploratory_holdout,30,131,33,0.014450474471094153,0.014450474471094153,0.5981280193236715,-0.3167689980860307,0.3167689980860307,0.06134820032391622,142,142,0.0
svc_rbf,SVM с RBF-ядром,tfr__value__occipital_tfr_alpha_cv,Время-частотные характеристики · value · затылочная область tfr α cv,tfr,Время-частотные характеристики,0.0,0.0,all_clean_features,exploratory_holdout,30,131,33,-0.16330994446723346,0.16330994446723346,0.5975241545893719,-0.22390863788145954,0.22390863788145954,0.06300815528466411,143,143,0.0
svc_rbf,SVM с RBF-ядром,conn__n_hubs__coh_theta,Функциональная связность · n hubs · coherence θ,conn,Функциональная связность,0.0,0.0,all_clean_features,exploratory_holdout,30,131,33,-0.12396139723212597,0.12396139723212597,0.5971467391304348,-0.5104240897771009,0.5104240897771009,0.005950533392036737,144,144,0.0
svc_rbf,SVM с RBF-ядром,alpha_peak__paf_hz__temporal,"Параметры альфа-ритма · частота альфа-пика, Гц · височная область",alpha_peak,Параметры альфа-ритма,0.0,0.0,all_clean_features,exploratory_holdout,30,131,33,-0.09208526451310121,0.09208526451310121,0.5960899758454106,-0.5514967582116671,0.5514967582116671,0.0025195285080935026,145,145,0.0
svc_rbf,SVM с RBF-ядром,burst__pct_time__temporal_beta,Ритмические эпизоды · pct time · височная область β,burst,Ритмические эпизоды,0.0,0.0,all_clean_features,exploratory_holdout,30,131,33,-0.0957070675970652,0.0957070675970652,0.5951086956521741,0.3031420060625372,0.3031420060625372,0.07092041652969663,146,146,0.0
svc_rbf,SVM с RBF-ядром,conn__global_efficiency__coh_beta,Функциональная связность · глобальная эффективность · coherence β,conn,Функциональная связность,0.0,0.0,all_clean_features,exploratory_holdout,30,131,33,-0.09753135085819344,0.09753135085819344,0.5951086956521738,-0.3082282748017654,0.3082282748017654,0.07092041652969663,147,147,0.0
svc_rbf,SVM с RBF-ядром,conn__clustering__coh_alpha,Функциональная связность · кластеризация · coherence α,conn,Функциональная связность,0.0,0.0,all_clean_features,exploratory_holdout,30,131,33,-0.060391374280110946,0.060391374280110946,0.594957729468599,-0.34067935029167074,0.34067935029167074,0.07104550581636077,148,148,0.0
svc_rbf,SVM с RBF-ядром,burst__mean_peak__temporal_alpha,Ритмические эпизоды · mean peak · височная область α,burst,Ритмические эпизоды,0.0,0.0,all_clean_features,exploratory_holdout,30,131,33,0.03857429599450325,0.03857429599450325,0.5939009661835749,0.3216851016415427,0.3216851016415427,0.07423594594042165,149,149,0.0
svc_rbf,SVM с RBF-ядром,conn__clustering__dtf_beta,Функциональная связность · кластеризация · DTF β,conn,Функциональная связность,0.0,0.0,all_clean_features,exploratory_holdout,30,131,33,-0.09375081944943647,0.09375081944943647,0.5939009661835748,-0.33693674320013606,0.33693674320013606,0.07423594594042165,150,150,0.0
svc_rbf,SVM с RBF-ядром,conn__global_efficiency__wpli_delta,Функциональная связность · глобальная эффективность · wPLI δ,conn,Функциональная связность,0.0,0.0,all_clean_features,exploratory_holdout,30,131,33,-0.14131396597518756,0.14131396597518756,0.5923913043478262,-0.09050811814297026,0.09050811814297026,0.07941760936926544,151,151,0.0
svc_rbf,SVM с RBF-ядром,conn__small_worldness__pdc_beta,Функциональная связность · мера маломирности · PDC β,conn,Функциональная связность,0.0,0.0,all_clean_features,exploratory_holdout,30,131,33,-0.07898538376289811,0.07898538376289811,0.5916364734299517,0.4121230012732738,0.4121230012732738,0.03050617000685918,152,152,0.0
svc_rbf,SVM с RBF-ядром,conn__global_efficiency__plv_alpha,Функциональная связность · глобальная эффективность · PLV α,conn,Функциональная связность,0.0,0.0,all_clean_features,exploratory_holdout,30,131,33,-0.0166363865206454,0.0166363865206454,0.5914855072463768,-0.3465130745062837,0.3465130745062837,0.08276746314595189,153,153,0.0
svc_rbf,SVM с RBF-ядром,conn__mean_strength__wpli_delta,Функциональная связность · mean strength · wPLI δ,conn,Функциональная связность,0.0,0.0,all_clean_features,exploratory_holdout,30,131,33,-0.14759259521912688,0.14759259521912688,0.5910326086956521,-0.0620125335510816,0.0620125335510816,0.08422752911947111,154,154,0.0
svc_rbf,SVM с RBF-ядром,conn__global_efficiency__imcoh_alpha,Функциональная связность · глобальная эффективность · imaginary coherence α,conn,Функциональная связность,0.0,0.0,all_clean_features,exploratory_holdout,30,131,33,-0.005806281940983765,0.005806281940983765,0.5904287439613527,0.2087716610551062,0.2087716610551062,0.08586145800621281,155,155,0.0
svc_rbf,SVM с RBF-ядром,conn__mean_strength__imcoh_alpha,Функциональная связность · mean strength · imaginary coherence α,conn,Функциональная связность,0.0,0.0,all_clean_features,exploratory_holdout,30,131,33,0.006227236718514741,0.006227236718514741,0.5872584541062803,0.2243541120614461,0.2243541120614461,0.10035250852492981,156,156,0.0
svc_rbf,SVM с RBF-ядром,conn__modularity__pdc_alpha,Функциональная связность · модулярность · PDC α,conn,Функциональная связность,0.0,0.0,all_clean_features,exploratory_holdout,30,131,33,0.13994750538489267,0.13994750538489267,0.5857487922705313,0.3535315875165304,0.3535315875165304,0.057758319072652685,157,157,0.0
svc_rbf,SVM с RBF-ядром,conn__global_efficiency__plv_beta,Функциональная связность · глобальная эффективность · PLV β,conn,Функциональная связность,0.0,0.0,all_clean_features,exploratory_holdout,30,131,33,-0.09520061198988995,0.09520061198988995,0.5854468599033816,-0.25943685305865,0.25943685305865,0.10857242288234037,158,158,0.0
svc_rbf,SVM с RBF-ядром,conn__clustering__imcoh_delta,Функциональная связность · кластеризация · imaginary coherence δ,conn,Функциональная связность,0.0,0.0,all_clean_features,exploratory_holdout,30,131,33,-0.03406212690134229,0.03406212690134229,0.5845410628019324,-0.17787856931952037,0.17787856931952037,0.11287867932007634,159,159,0.0
svc_rbf,SVM с RBF-ядром,aper__alpha_peak_amp_log10__central,"Апериодический компонент · амплитуда альфа-пика, log10 · центральная область",aper,Апериодический компонент,0.0,0.0,all_clean_features,exploratory_holdout,30,131,33,0.008948409566140299,0.008948409566140299,0.5843900966183575,0.2510373755315487,0.2510373755315487,0.11305571714604241,160,160,0.0
svc_rbf,SVM с RBF-ядром,alpha_peak__alpha_peak_amp_db__temporal,"Параметры альфа-ритма · амплитуда альфа-пика, дБ · височная область",alpha_peak,Параметры альфа-ритма,0.0,0.0,all_clean_features,exploratory_holdout,30,131,33,0.05054361543015563,0.05054361543015563,0.5840881642512078,-0.29450255805146003,0.29450255805146003,0.1140783561321746,161,161,0.0
svc_rbf,SVM с RBF-ядром,conn__modularity__dtf_delta,Функциональная связность · модулярность · DTF δ,conn,Функциональная связность,0.0,0.0,all_clean_features,exploratory_holdout,30,131,33,-0.061037840245158605,0.061037840245158605,0.5828804347826086,-0.26881044568752394,0.26881044568752394,0.04601971787905514,162,162,0.0
svc_rbf,SVM с RBF-ядром,conn__hub_z_max__dtf_alpha,Функциональная связность · максимальный hub z-score · DTF α,conn,Функциональная связность,0.0,0.0,all_clean_features,exploratory_holdout,30,131,33,0.13666302098224875,0.13666302098224875,0.5827294685990339,0.1743422692196532,0.1743422692196532,0.12119166272883057,163,163,0.0
svc_rbf,SVM с RBF-ядром,conn__modularity__pdc_delta,Функциональная связность · модулярность · PDC δ,conn,Функциональная связность,0.0,0.0,all_clean_features,exploratory_holdout,30,131,33,-0.21526629280310572,0.21526629280310572,0.5825030193236714,-0.2616357485373202,0.2616357485373202,0.08574463302767507,164,164,0.0
svc_rbf,SVM с RBF-ядром,conn__small_worldness__pdc_theta,Функциональная связность · мера маломирности · PDC θ,conn,Функциональная связность,0.0,0.0,all_clean_features,exploratory_holdout,30,131,33,0.05085203881450124,0.05085203881450124,0.5809178743961352,0.3763457683516663,0.3763457683516663,0.07623861324438548,165,165,0.0
svc_rbf,SVM с RBF-ядром,conn__hub_z_max__wpli_delta,Функциональная связность · максимальный hub z-score · wPLI δ,conn,Функциональная связность,0.0,0.0,all_clean_features,exploratory_holdout,30,131,33,0.07850015718198766,0.07850015718198766,0.5806159420289855,0.2440608678276372,0.2440608678276372,0.131860746066202,166,166,0.0
svc_rbf,SVM с RBF-ядром,conn__small_worldness__dtf_theta,Функциональная связность · мера маломирности · DTF θ,conn,Функциональная связность,0.0,0.0,all_clean_features,exploratory_holdout,30,131,33,-0.04807743051233601,0.04807743051233601,0.5797101449275363,-0.12735337388559206,0.12735337388559206,0.10269899813120571,167,167,0.0
svc_rbf,SVM с RBF-ядром,conn__hub_z_max__wpli_theta,Функциональная связность · максимальный hub z-score · wPLI θ,conn,Функциональная связность,0.0,0.0,all_clean_features,exploratory_holdout,30,131,33,-0.04181134745871076,0.04181134745871076,0.5794082125603865,0.24302186843490012,0.24302186843490012,0.13883363145236738,168,168,0.0
svc_rbf,SVM с RBF-ядром,burst__mean_amp__parietal_beta,Ритмические эпизоды · mean amp · теменная область β,burst,Ритмические эпизоды,0.0,0.0,all_clean_features,exploratory_holdout,30,131,33,0.05918907864809375,0.05918907864809375,0.5791062801932367,0.2743913667524569,0.2743913667524569,0.1400284977513005,169,169,0.0
svc_rbf,SVM с RBF-ядром,conn__hub_z_max__imcoh_delta,Функциональная связность · максимальный hub z-score · imaginary coherence δ,conn,Функциональная связность,0.0,0.0,all_clean_features,exploratory_holdout,30,131,33,0.13785769823025174,0.13785769823025174,0.5774456521739131,0.25148983122483654,0.25148983122483654,0.14962174840071787,170,170,0.0
svc_rbf,SVM с RBF-ядром,burst__mean_amp__central_alpha,Ритмические эпизоды · mean amp · центральная область α,burst,Ритмические эпизоды,0.0,0.0,all_clean_features,exploratory_holdout,30,131,33,-0.0033769471811742296,0.0033769471811742296,0.5768417874396136,0.17543748881673588,0.17543748881673588,0.1530009389288738,171,171,0.0
svc_rbf,SVM с RBF-ядром,conn__clustering__imcoh_alpha,Функциональная связность · кластеризация · imaginary coherence α,conn,Функциональная связность,0.0,0.0,all_clean_features,exploratory_holdout,30,131,33,-0.010899918475685567,0.010899918475685567,0.5760869565217391,0.27876468735856674,0.27876468735856674,0.1566608932068433,172,172,0.0
svc_rbf,SVM с RBF-ядром,conn__hub_z_max__imcoh_beta,Функциональная связность · максимальный hub z-score · imaginary coherence β,conn,Функциональная связность,0.0,0.0,all_clean_features,exploratory_holdout,30,131,33,-0.029333710447132413,0.029333710447132413,0.5760869565217391,0.1874685331589951,0.1874685331589951,0.1566608932068433,173,173,0.0
svc_rbf,SVM с RBF-ядром,conn__mean_strength__dtf_theta,Функциональная связность · mean strength · DTF θ,conn,Функциональная связность,0.0,0.0,all_clean_features,exploratory_holdout,30,131,33,-0.15091499824196292,0.15091499824196292,0.5748792270531402,0.24798230431379897,0.24798230431379897,0.1637149346184708,174,174,0.0
svc_rbf,SVM с RBF-ядром,conn__modularity__imcoh_beta,Функциональная связность · модулярность · imaginary coherence β,conn,Функциональная связность,0.0,0.0,all_clean_features,exploratory_holdout,30,131,33,-0.034752529962316994,0.034752529962316994,0.5746527777777777,0.31496294107692485,0.31496294107692485,0.13071763053636948,175,175,0.0
svc_rbf,SVM с RBF-ядром,conn__hub_z_max__imcoh_alpha,Функциональная связность · максимальный hub z-score · imaginary coherence α,conn,Функциональная связность,0.0,0.0,all_clean_features,exploratory_holdout,30,131,33,0.17163104085042744,0.17163104085042744,0.5744263285024155,0.24620815750659047,0.24620815750659047,0.1661966947631412,176,176,0.0
svc_rbf,SVM с RBF-ядром,alpha_peak__paf_hz__parietal,"Параметры альфа-ритма · частота альфа-пика, Гц · теменная область",alpha_peak,Параметры альфа-ритма,0.0,0.0,all_clean_features,exploratory_holdout,30,131,33,0.045015935539376224,0.045015935539376224,0.5738979468599034,-0.36030345579567213,0.36030345579567213,0.05251399907385972,177,177,0.0
svc_rbf,SVM с RBF-ядром,alpha_peak__paf_hz__central,"Параметры альфа-ритма · частота альфа-пика, Гц · центральная область",alpha_peak,Параметры альфа-ритма,0.0,0.0,all_clean_features,exploratory_holdout,30,131,33,0.04545806922655251,0.04545806922655251,0.573822463768116,-0.42146700720865066,0.42146700720865066,0.0288159396042394,178,178,0.0
svc_rbf,SVM с RBF-ядром,conn__modularity__wpli_theta,Функциональная связность · модулярность · wPLI θ,conn,Функциональная связность,0.0,0.0,all_clean_features,exploratory_holdout,30,131,33,0.21079174441910373,0.21079174441910373,0.5736714975845411,0.35462960296200824,0.35462960296200824,0.12456801033821259,179,179,0.0
svc_rbf,SVM с RBF-ядром,conn__asymmetry__dtf_theta,Функциональная связность · асимметрия · DTF θ,conn,Функциональная связность,0.0,0.0,all_clean_features,exploratory_holdout,30,131,33,-0.04087327434339961,0.04087327434339961,0.5727657004830917,-0.20124189731619171,0.20124189731619171,0.17804124850247058,180,180,0.0
svc_rbf,SVM с RBF-ядром,conn__clustering__dtf_delta,Функциональная связность · кластеризация · DTF δ,conn,Функциональная связность,0.0,0.0,all_clean_features,exploratory_holdout,30,131,33,0.09981446953077586,0.09981446953077586,0.5726147342995169,0.24511613762682807,0.24511613762682807,0.1782828352196571,181,181,0.0
svc_rbf,SVM с RBF-ядром,aper__alpha_peak_cf_hz__temporal,"Апериодический компонент · центральная частота альфа-пика, Гц · височная область",aper,Апериодический компонент,0.0,0.0,all_clean_features,exploratory_holdout,30,131,33,0.09807774586613974,0.09807774586613974,0.5710295893719807,0.19156477833686425,0.19156477833686425,0.1884626650015933,182,182,0.0
svc_rbf,SVM с RBF-ядром,conn__small_worldness__wpli_alpha,Функциональная связность · мера маломирности · wPLI α,conn,Функциональная связность,0.0,0.0,all_clean_features,exploratory_holdout,30,131,33,-0.1193679086180121,0.1193679086180121,0.5696708937198067,-0.11627613825986204,0.11627613825986204,0.1835420913974465,183,183,0.0
svc_rbf,SVM с RBF-ядром,burst__mean_peak__central_alpha,Ритмические эпизоды · mean peak · центральная область α,burst,Ритмические эпизоды,0.0,0.0,all_clean_features,exploratory_holdout,30,131,33,-0.0671606218675798,0.0671606218675798,0.5688405797101449,0.13316229810345637,0.13316229810345637,0.20431330117395907,184,184,0.0
svc_rbf,SVM с RBF-ядром,conn__modularity__coh_delta,Функциональная связность · модулярность · coherence δ,conn,Функциональная связность,0.0,0.0,all_clean_features,exploratory_holdout,30,131,33,-0.06489299829691188,0.06489299829691188,0.5661986714975846,-0.3267003665003252,0.3267003665003252,0.1602345965746787,185,185,0.0
svc_rbf,SVM с RBF-ядром,conn__mean_strength__plv_alpha,Функциональная связность · mean strength · PLV α,conn,Функциональная связность,0.0,0.0,all_clean_features,exploratory_holdout,30,131,33,0.01862041241289138,0.01862041241289138,0.5641606280193237,-0.24814059186328388,0.24814059186328388,0.24377988404665407,186,186,0.0
svc_rbf,SVM с RBF-ядром,conn__clustering__wpli_alpha,Функциональная связность · кластеризация · wPLI α,conn,Функциональная связность,0.0,0.0,all_clean_features,exploratory_holdout,30,131,33,-0.004578722348579799,0.004578722348579799,0.5635567632850242,0.21453108438693985,0.21453108438693985,0.24714995647000493,187,187,0.0
svc_rbf,SVM с RBF-ядром,burst__mean_peak__parietal_beta,Ритмические эпизоды · mean peak · теменная область β,burst,Ритмические эпизоды,0.0,0.0,all_clean_features,exploratory_holdout,30,131,33,0.02515909836569117,0.02515909836569117,0.5632548309178744,0.21838145187440136,0.21838145187440136,0.2478860223137626,188,188,0.0
svc_rbf,SVM с RBF-ядром,conn__hub_z_max__pdc_delta,Функциональная связность · максимальный hub z-score · PDC δ,conn,Функциональная связность,0.0,0.0,all_clean_features,exploratory_holdout,30,131,33,-0.06131635851950675,0.06131635851950675,0.5608393719806763,-0.2550853936069622,0.2550853936069622,0.27031579028484604,189,189,0.0
svc_rbf,SVM с RBF-ядром,tfr__value__frontal_tfr_alpha_cv,Время-частотные характеристики · value · лобная область tfr α cv,tfr,Время-частотные характеристики,0.0,0.0,all_clean_features,exploratory_holdout,30,131,33,-0.11721709956078441,0.11721709956078441,0.5602355072463768,-0.20622558063242577,0.20622558063242577,0.2754593239987293,190,190,0.0
svc_rbf,SVM с RBF-ядром,conn__modularity__plv_delta,Функциональная связность · модулярность · PLV δ,conn,Функциональная связность,0.0,0.0,all_clean_features,exploratory_holdout,30,131,33,-0.20116132678785453,0.20116132678785453,0.5597826086956521,-0.3470383577586019,0.3470383577586019,0.14962174840071787,191,191,0.0
svc_rbf,SVM с RBF-ядром,burst__mean_peak__frontal_beta,Ритмические эпизоды · mean peak · лобная область β,burst,Ритмические эпизоды,0.0,0.0,all_clean_features,exploratory_holdout,30,131,33,-0.14132045092720935,0.14132045092720935,0.5596316425120773,-0.18876484878244693,0.18876484878244693,0.2793038644797435,192,192,0.0
svc_rbf,SVM с RBF-ядром,conn__modularity__pdc_beta,Функциональная связность · модулярность · PDC β,conn,Функциональная связность,0.0,0.0,all_clean_features,exploratory_holdout,30,131,33,0.1427400628506046,0.1427400628506046,0.5595561594202898,0.2636551989328145,0.2636551989328145,0.19099035685293173,193,193,0.0
svc_rbf,SVM с RBF-ядром,conn__modularity__wpli_delta,Функциональная связность · модулярность · wPLI δ,conn,Функциональная связность,0.0,0.0,all_clean_features,exploratory_holdout,30,131,33,0.16373282239611556,0.16373282239611556,0.5593297101449275,0.31339285112315196,0.31339285112315196,0.2091866891354597,194,194,0.0
svc_rbf,SVM с RBF-ядром,conn__modularity__pdc_theta,Функциональная связность · модулярность · PDC θ,conn,Функциональная связность,0.0,0.0,all_clean_features,exploratory_holdout,30,131,33,0.029661096224780432,0.029661096224780432,0.5585748792270531,0.2572604950752862,0.2572604950752862,0.20431330117395907,195,195,0.0
svc_rbf,SVM с RBF-ядром,conn__small_worldness__dtf_beta,Функциональная связность · мера маломирности · DTF β,conn,Функциональная связность,0.0,0.0,all_clean_features,exploratory_holdout,30,131,33,0.007498262293108115,0.007498262293108115,0.557367149758454,0.3690721508590809,0.3690721508590809,0.24508963433529088,196,196,0.0
svc_rbf,SVM с RBF-ядром,conn__global_efficiency__wpli_alpha,Функциональная связность · глобальная эффективность · wPLI α,conn,Функциональная связность,0.0,0.0,all_clean_features,exploratory_holdout,30,131,33,0.010036534390379478,0.010036534390379478,0.5567632850241545,0.18690177684070078,0.18690177684070078,0.3088394361329375,197,197,0.0
svc_rbf,SVM с RBF-ядром,conn__mean_strength__wpli_alpha,Функциональная связность · mean strength · wPLI α,conn,Функциональная связность,0.0,0.0,all_clean_features,exploratory_holdout,30,131,33,0.009638256461808062,0.009638256461808062,0.5566123188405797,0.18824583007253498,0.18824583007253498,0.30912119604124555,198,198,0.0
svc_rbf,SVM с RBF-ядром,aper__alpha_peak_amp_log10__parietal,"Апериодический компонент · амплитуда альфа-пика, log10 · теменная область",aper,Апериодический компонент,0.0,0.0,all_clean_features,exploratory_holdout,30,131,33,0.0036126919570778045,0.0036126919570778045,0.5561594202898551,0.20829257033519058,0.20829257033519058,0.3129457673061002,199,199,0.0
svc_rbf,SVM с RBF-ядром,conn__small_worldness__coh_delta,Функциональная связность · мера маломирности · coherence δ,conn,Функциональная связность,0.0,0.0,all_clean_features,exploratory_holdout,30,131,33,0.12462309136695568,0.12462309136695568,0.5554045893719807,0.002861356367321625,0.002861356367321625,0.32039140783661274,200,200,0.0
svc_rbf,SVM с RBF-ядром,conn__n_hubs__pdc_theta,Функциональная связность · n hubs · PDC θ,conn,Функциональная связность,0.0,0.0,all_clean_features,exploratory_holdout,30,131,33,-0.13431753142476993,0.13431753142476993,0.5534420289855072,-0.3790397329850952,0.3790397329850952,0.04647646853644253,201,201,0.0
svc_rbf,SVM с RBF-ядром,conn__global_efficiency__imcoh_beta,Функциональная связность · глобальная эффективность · imaginary coherence β,conn,Функциональная связность,0.0,0.0,all_clean_features,exploratory_holdout,30,131,33,0.052883839063981475,0.052883839063981475,0.5532910628019324,0.1693910997812889,0.1693910997812889,0.34311398807979876,202,202,0.0
svc_rbf,SVM с RBF-ядром,dfa__dfa_exp__central_beta,Долговременные корреляции · dfa exp · центральная область β,dfa,Долговременные корреляции,0.0,0.0,all_clean_features,exploratory_holdout,30,131,33,-0.08829742884147554,0.08829742884147554,0.5523852657004831,0.16973080430835039,0.16973080430835039,0.3505392037427674,203,203,0.0
svc_rbf,SVM с RBF-ядром,aper__alpha_peak_amp_log10__frontal,"Апериодический компонент · амплитуда альфа-пика, log10 · лобная область",aper,Апериодический компонент,0.0,0.0,all_clean_features,exploratory_holdout,30,131,33,0.01694435885377338,0.01694435885377338,0.5523852657004831,0.14591548126515036,0.14591548126515036,0.3505392037427674,204,204,0.0
svc_rbf,SVM с RBF-ядром,conn__mean_strength__imcoh_beta,Функциональная связность · mean strength · imaginary coherence β,conn,Функциональная связность,0.0,0.0,all_clean_features,exploratory_holdout,30,131,33,0.06665375652613409,0.06665375652613409,0.5493659420289855,0.16876355108337224,0.16876355108337224,0.38389741315203224,205,205,0.0
svc_rbf,SVM с RBF-ядром,conn__n_hubs__coh_alpha,Функциональная связность · n hubs · coherence α,conn,Функциональная связность,0.0,0.0,all_clean_features,exploratory_holdout,30,131,33,0.07813927630917741,0.07813927630917741,0.5486111111111112,-0.037264280384176326,0.037264280384176326,0.26860487528091614,206,206,0.0
svc_rbf,SVM с RBF-ядром,aper__alpha_peak_amp_log10__temporal,"Апериодический компонент · амплитуда альфа-пика, log10 · височная область",aper,Апериодический компонент,0.0,0.0,all_clean_features,exploratory_holdout,30,131,33,-0.07910183689331843,0.07910183689331843,0.5469504830917875,0.10364607639812244,0.10364607639812244,0.41531481782754254,207,207,0.0
svc_rbf,SVM с RBF-ядром,conn__modularity__coh_alpha,Функциональная связность · модулярность · coherence α,conn,Функциональная связность,0.0,0.0,all_clean_features,exploratory_holdout,30,131,33,-0.0765965679709926,0.0765965679709926,0.5461956521739131,-0.1776041506835519,0.1776041506835519,0.3742753848783462,208,208,0.0
svc_rbf,SVM с RBF-ядром,conn__small_worldness__pdc_alpha,Функциональная связность · мера маломирности · PDC α,conn,Функциональная связность,0.0,0.0,all_clean_features,exploratory_holdout,30,131,33,0.016287256866237387,0.016287256866237387,0.5452898550724637,0.2764343272684014,0.2764343272684014,0.3296626132850604,209,209,0.0
svc_rbf,SVM с RBF-ядром,conn__asymmetry__dtf_alpha,Функциональная связность · асимметрия · DTF α,conn,Функциональная связность,0.0,0.0,all_clean_features,exploratory_holdout,30,131,33,0.012450604690103633,0.012450604690103633,0.5452898550724637,-0.15872519883511635,0.15872519883511635,0.43720460198972655,210,210,0.0
svc_rbf,SVM с RBF-ядром,conn__small_worldness__imcoh_theta,Функциональная связность · мера маломирности · imaginary coherence θ,conn,Функциональная связность,0.0,0.0,all_clean_features,exploratory_holdout,30,131,33,0.08535756401167356,0.08535756401167356,0.545138888888889,-0.0935913256005585,0.0935913256005585,0.37594897509444547,211,211,0.0
svc_rbf,SVM с RBF-ядром,aper__alpha_peak_width_hz__frontal,"Апериодический компонент · ширина альфа-пика, Гц · лобная область",aper,Апериодический компонент,0.0,0.0,all_clean_features,exploratory_holdout,30,131,33,-0.02339161901598572,0.02339161901598572,0.5448369565217392,0.09874541398928398,0.09874541398928398,0.4393480869893419,212,212,0.0
svc_rbf,SVM с RBF-ядром,conn__clustering__imcoh_theta,Функциональная связность · кластеризация · imaginary coherence θ,conn,Функциональная связность,0.0,0.0,all_clean_features,exploratory_holdout,30,131,33,-0.11456448989096425,0.11456448989096425,0.5443840579710145,-0.09315814232539292,0.09315814232539292,0.44450455541096684,213,213,0.0
svc_rbf,SVM с RBF-ядром,conn__global_efficiency__dtf_alpha,Функциональная связность · глобальная эффективность · DTF α,conn,Функциональная связность,0.0,0.0,all_clean_features,exploratory_holdout,30,131,33,-0.1314355116951125,0.1314355116951125,0.5442330917874396,0.20180125568883753,0.20180125568883753,0.4447366625345364,214,214,0.0
svc_rbf,SVM с RBF-ядром,conn__mean_strength__coh_delta,Функциональная связность · mean strength · coherence δ,conn,Функциональная связность,0.0,0.0,all_clean_features,exploratory_holdout,30,131,33,-0.056296481580177714,0.056296481580177714,0.5427234299516908,0.02309091076731833,0.02309091076731833,0.46513647940006025,215,215,0.0
svc_rbf,SVM с RBF-ядром,conn__mean_strength__imcoh_delta,Функциональная связность · mean strength · imaginary coherence δ,conn,Функциональная связность,0.0,0.0,all_clean_features,exploratory_holdout,30,131,33,-0.011899288828650307,0.011899288828650307,0.5422705314009661,0.17851035390331926,0.17851035390331926,0.46784410826545153,216,216,0.0
svc_rbf,SVM с RBF-ядром,conn__mean_strength__wpli_theta,Функциональная связность · mean strength · wPLI θ,conn,Функциональная связность,0.0,0.0,all_clean_features,exploratory_holdout,30,131,33,-0.0643832908905567,0.0643832908905567,0.5422705314009661,-0.040957065660495354,0.040957065660495354,0.46784410826545153,217,217,0.0
svc_rbf,SVM с RBF-ядром,burst__mean_amp__frontal_beta,Ритмические эпизоды · mean amp · лобная область β,burst,Ритмические эпизоды,0.0,0.0,all_clean_features,exploratory_holdout,30,131,33,-0.11879562693567904,0.11879562693567904,0.5418176328502415,-0.137220559461202,0.137220559461202,0.4726217568034792,218,218,0.0
svc_rbf,SVM с RBF-ядром,conn__small_worldness__plv_beta,Функциональная связность · мера маломирности · PLV β,conn,Функциональная связность,0.0,0.0,all_clean_features,exploratory_holdout,30,131,33,0.07083855735367103,0.07083855735367103,0.5406099033816426,0.21900364473247877,0.21900364473247877,0.4847625627337816,219,219,0.0
svc_rbf,SVM с RBF-ядром,dfa__dfa_exp__frontal_beta,Долговременные корреляции · dfa exp · лобная область β,dfa,Долговременные корреляции,0.0,0.0,all_clean_features,exploratory_holdout,30,131,33,-0.09822446603653553,0.09822446603653553,0.5403079710144928,0.12758984216710823,0.12758984216710823,0.4872955007710878,220,220,0.0
svc_rbf,SVM с RBF-ядром,conn__global_efficiency__wpli_theta,Функциональная связность · глобальная эффективность · wPLI θ,conn,Функциональная связность,0.0,0.0,all_clean_features,exploratory_holdout,30,131,33,-0.06100113570670947,0.06100113570670947,0.5397041062801933,-0.04956127252836655,0.04956127252836655,0.4944780022335673,221,221,0.0
svc_rbf,SVM с RBF-ядром,alpha_peak__paf_hz__occipital,"Параметры альфа-ритма · частота альфа-пика, Гц · затылочная область",alpha_peak,Параметры альфа-ритма,0.0,0.0,all_clean_features,exploratory_holdout,30,131,33,-0.07227117044019092,0.07227117044019092,0.5396286231884058,-0.18477762994647956,0.18477762994647956,0.2793038644797435,222,222,0.0
svc_rbf,SVM с RBF-ядром,conn__mean_strength__coh_beta,Функциональная связность · mean strength · coherence β,conn,Функциональная связность,0.0,0.0,all_clean_features,exploratory_holdout,30,131,33,-0.09884034953784863,0.09884034953784863,0.5394021739130435,-0.1372701047936523,0.1372701047936523,0.49702674671463715,223,223,0.0
svc_rbf,SVM с RBF-ядром,conn__n_hubs__imcoh_delta,Функциональная связность · n hubs · imaginary coherence δ,conn,Функциональная связность,0.0,0.0,all_clean_features,exploratory_holdout,30,131,33,-0.01942791255759315,0.01942791255759315,0.5384963768115942,-0.21506822091984812,0.21506822091984812,0.21136305478431316,224,224,0.0
svc_rbf,SVM с RBF-ядром,conn__global_efficiency__coh_alpha,Функциональная связность · глобальная эффективность · coherence α,conn,Функциональная связность,0.0,0.0,all_clean_features,exploratory_holdout,30,131,33,-0.08754694494203649,0.08754694494203649,0.5380434782608695,-0.13501511989747575,0.13501511989747575,0.5117612180652337,225,225,0.0
svc_rbf,SVM с RBF-ядром,aper__alpha_peak_amp_log10__occipital,"Апериодический компонент · амплитуда альфа-пика, log10 · затылочная область",aper,Апериодический компонент,0.0,0.0,all_clean_features,exploratory_holdout,30,131,33,0.012186534001864235,0.012186534001864235,0.5368357487922705,0.11352259277635453,0.11352259277635453,0.5286499953853061,226,226,0.0
svc_rbf,SVM с RBF-ядром,conn__clustering__dtf_alpha,Функциональная связность · кластеризация · DTF α,conn,Функциональная связность,0.0,0.0,all_clean_features,exploratory_holdout,30,131,33,-0.05955297989154317,0.05955297989154317,0.536382850241546,-0.16280146817569988,0.16280146817569988,0.5314453313434644,227,227,0.0
svc_rbf,SVM с RBF-ядром,conn__small_worldness__imcoh_delta,Функциональная связность · мера маломирности · imaginary coherence δ,conn,Функциональная связность,0.0,0.0,all_clean_features,exploratory_holdout,30,131,33,0.11650058076636931,0.11650058076636931,0.5353260869565217,0.006731030330368189,0.006731030330368189,0.5084117841003759,228,228,0.0
svc_rbf,SVM с RBF-ядром,conn__modularity__imcoh_alpha,Функциональная связность · модулярность · imaginary coherence α,conn,Функциональная связность,0.0,0.0,all_clean_features,exploratory_holdout,30,131,33,-0.03648302143510191,0.03648302143510191,0.535024154589372,0.17243701265564562,0.17243701265564562,0.5117174472133231,229,229,0.0
svc_rbf,SVM с RBF-ядром,conn__n_hubs__wpli_beta,Функциональная связность · n hubs · wPLI β,conn,Функциональная связность,0.0,0.0,all_clean_features,exploratory_holdout,30,131,33,-0.078278327900714,0.078278327900714,0.5348731884057971,-0.2645757506832362,0.2645757506832362,0.4393480869893419,230,230,0.0
svc_rbf,SVM с RBF-ядром,conn__small_worldness__wpli_theta,Функциональная связность · мера маломирности · wPLI θ,conn,Функциональная связность,0.0,0.0,all_clean_features,exploratory_holdout,30,131,33,0.030476016308763447,0.030476016308763447,0.5341183574879227,-0.014678343825527069,0.014678343825527069,0.5291590019977604,231,231,0.0
svc_rbf,SVM с RBF-ядром,conn__small_worldness__plv_delta,Функциональная связность · мера маломирности · PLV δ,conn,Функциональная связность,0.0,0.0,all_clean_features,exploratory_holdout,30,131,33,-0.06455921083662165,0.06455921083662165,0.5338919082125604,0.08083227735238362,0.08083227735238362,0.56492944518356,232,232,0.0
svc_rbf,SVM с RBF-ядром,conn__modularity__dtf_alpha,Функциональная связность · модулярность · DTF α,conn,Функциональная связность,0.0,0.0,all_clean_features,exploratory_holdout,30,131,33,0.195754094646305,0.195754094646305,0.5336654589371981,0.24085793530666336,0.24085793530666336,0.48100487169898537,233,233,0.0
svc_rbf,SVM с RBF-ядром,conn__n_hubs__pdc_alpha,Функциональная связность · n hubs · PDC α,conn,Функциональная связность,0.0,0.0,all_clean_features,exploratory_holdout,30,131,33,-0.026933101844806365,0.026933101844806365,0.5335899758454107,-0.2726429127438789,0.2726429127438789,0.2022483710641354,234,234,0.0
svc_rbf,SVM с RBF-ядром,conn__small_worldness__coh_alpha,Функциональная связность · мера маломирности · coherence α,conn,Функциональная связность,0.0,0.0,all_clean_features,exploratory_holdout,30,131,33,0.012521011876959618,0.012521011876959618,0.5333635265700484,0.11741622525292482,0.11741622525292482,0.5712922360220628,235,235,0.0
svc_rbf,SVM с RBF-ядром,burst__rate_per_min__central_alpha,Ритмические эпизоды · rate per min · центральная область α,burst,Ритмические эпизоды,0.0,0.0,all_clean_features,exploratory_holdout,30,131,33,0.08781058993986622,0.08781058993986622,0.5329861111111112,0.09423014288682256,0.09423014288682256,0.5735644149467592,236,236,0.0
svc_rbf,SVM с RBF-ядром,conn__n_hubs__wpli_alpha,Функциональная связность · n hubs · wPLI α,conn,Функциональная связность,0.0,0.0,all_clean_features,exploratory_holdout,30,131,33,-0.08048504025878916,0.08048504025878916,0.5326086956521738,-0.2261677172937982,0.2261677172937982,0.4781565836321013,237,237,0.0
svc_rbf,SVM с RBF-ядром,conn__hub_z_max__wpli_beta,Функциональная связность · максимальный hub z-score · wPLI β,conn,Функциональная связность,0.0,0.0,all_clean_features,exploratory_holdout,30,131,33,-0.017773066049433194,0.017773066049433194,0.532457729468599,-0.14053173588171766,0.14053173588171766,0.5792311316396656,238,238,0.0
svc_rbf,SVM с RBF-ядром,conn__small_worldness__wpli_delta,Функциональная связность · мера маломирности · wPLI δ,conn,Функциональная связность,0.0,0.0,all_clean_features,exploratory_holdout,30,131,33,-0.09301215960832004,0.09301215960832004,0.5318538647342995,-0.017918841042724117,0.017918841042724117,0.5735644149467592,239,239,0.0
svc_rbf,SVM с RBF-ядром,conn__n_hubs__imcoh_theta,Функциональная связность · n hubs · imaginary coherence θ,conn,Функциональная связность,0.0,0.0,all_clean_features,exploratory_holdout,30,131,33,0.05557020378600177,0.05557020378600177,0.5312500000000001,0.1427190871390234,0.1427190871390234,0.30118844897545954,240,240,0.0
svc_rbf,SVM с RBF-ядром,conn__global_efficiency__imcoh_theta,Функциональная связность · глобальная эффективность · imaginary coherence θ,conn,Функциональная связность,0.0,0.0,all_clean_features,exploratory_holdout,30,131,33,0.05555158417690923,0.05555158417690923,0.5303442028985507,0.15721167485542914,0.15721167485542914,0.6097784722864517,241,241,0.0
svc_rbf,SVM с RBF-ядром,tfr__value__temporal_tfr_alpha_cv,Время-частотные характеристики · value · височная область tfr α cv,tfr,Время-частотные характеристики,0.0,0.0,all_clean_features,exploratory_holdout,30,131,33,-0.1392511482787017,0.1392511482787017,0.5294384057971016,-0.1811564826932042,0.1811564826932042,0.6179699806771084,242,242,0.0
svc_rbf,SVM с RBF-ядром,conn__small_worldness__coh_theta,Функциональная связность · мера маломирности · coherence θ,conn,Функциональная связность,0.0,0.0,all_clean_features,exploratory_holdout,30,131,33,-0.062117162648366316,0.062117162648366316,0.5288345410628019,0.09989564303476042,0.09989564303476042,0.6255742984414883,243,243,0.0
svc_rbf,SVM с RBF-ядром,alpha_peak__paf_hz__frontal,"Параметры альфа-ритма · частота альфа-пика, Гц · лобная область",alpha_peak,Параметры альфа-ритма,0.0,0.0,all_clean_features,exploratory_holdout,30,131,33,-0.14212934281088405,0.14212934281088405,0.5275513285024155,-0.25429015425530666,0.25429015425530666,0.24714995647000493,244,244,0.0
svc_rbf,SVM с RBF-ядром,conn__global_efficiency__imcoh_delta,Функциональная связность · глобальная эффективность · imaginary coherence δ,conn,Функциональная связность,0.0,0.0,all_clean_features,exploratory_holdout,30,131,33,-0.006138360915785243,0.006138360915785243,0.5271739130434783,0.19999581180803505,0.19999581180803505,0.6490238007684485,245,245,0.0
svc_rbf,SVM с RBF-ядром,burst__mean_peak__temporal_beta,Ритмические эпизоды · mean peak · височная область β,burst,Ритмические эпизоды,0.0,0.0,all_clean_features,exploratory_holdout,30,131,33,-0.06252443316964312,0.06252443316964312,0.5271739130434783,-0.14843277679664982,0.14843277679664982,0.6490238007684485,246,246,0.0
svc_rbf,SVM с RBF-ядром,conn__small_worldness__coh_beta,Функциональная связность · мера маломирности · coherence β,conn,Функциональная связность,0.0,0.0,all_clean_features,exploratory_holdout,30,131,33,-0.04235589831755224,0.04235589831755224,0.5264945652173914,0.14989768859159566,0.14989768859159566,0.6582242826198658,247,247,0.0
svc_rbf,SVM с RBF-ядром,conn__mean_strength__plv_beta,Функциональная связность · mean strength · PLV β,conn,Функциональная связность,0.0,0.0,all_clean_features,exploratory_holdout,30,131,33,-0.04030046829688104,0.04030046829688104,0.5259661835748792,-0.08541101068623999,0.08541101068623999,0.6648291138477656,248,248,0.0
svc_rbf,SVM с RBF-ядром,conn__modularity__wpli_alpha,Функциональная связность · модулярность · wPLI α,conn,Функциональная связность,0.0,0.0,all_clean_features,exploratory_holdout,30,131,33,0.04610609464751667,0.04610609464751667,0.5258907004830918,0.25330523168781793,0.25330523168781793,0.5893907276984067,249,249,0.0
svc_rbf,SVM с RBF-ядром,conn__modularity__dtf_theta,Функциональная связность · модулярность · DTF θ,conn,Функциональная связность,0.0,0.0,all_clean_features,exploratory_holdout,30,131,33,0.029666088406547768,0.029666088406547768,0.5252113526570048,0.01740458762058316,0.01740458762058316,0.6179699806771084,250,250,0.0
svc_rbf,SVM с RBF-ядром,aper__alpha_peak_width_hz__central,"Апериодический компонент · ширина альфа-пика, Гц · центральная область",aper,Апериодический компонент,0.0,0.0,all_clean_features,exploratory_holdout,30,131,33,-0.01275759967420156,0.01275759967420156,0.5241545893719808,0.048062348816905597,0.048062348816905597,0.6907357095996852,251,251,0.0
svc_rbf,SVM с RBF-ядром,conn__modularity__coh_theta,Функциональная связность · модулярность · coherence θ,conn,Функциональная связность,0.0,0.0,all_clean_features,exploratory_holdout,30,131,33,-0.08697537304553672,0.08697537304553672,0.5237771739130435,-0.20622622045587138,0.20622622045587138,0.6152588568930256,252,252,0.0
svc_rbf,SVM с RBF-ядром,conn__mean_strength__coh_alpha,Функциональная связность · mean strength · coherence α,conn,Функциональная связность,0.0,0.0,all_clean_features,exploratory_holdout,30,131,33,-0.052959267851256646,0.052959267851256646,0.5229468599033817,-0.07171410751663106,0.07171410751663106,0.7073151106116853,253,253,0.0
svc_rbf,SVM с RBF-ядром,conn__clustering__wpli_theta,Функциональная связность · кластеризация · wPLI θ,conn,Функциональная связность,0.0,0.0,all_clean_features,exploratory_holdout,30,131,33,-0.03274131369393829,0.03274131369393829,0.5229468599033817,0.018250617715485765,0.018250617715485765,0.7073151106116853,254,254,0.0
svc_rbf,SVM с RBF-ядром,conn__small_worldness__imcoh_beta,Функциональная связность · мера маломирности · imaginary coherence β,conn,Функциональная связность,0.0,0.0,all_clean_features,exploratory_holdout,30,131,33,0.09573910184402001,0.09573910184402001,0.522493961352657,0.10803950768089973,0.10803950768089973,0.6764868448089509,255,255,0.0
svc_rbf,SVM с RBF-ядром,conn__n_hubs__pdc_beta,Функциональная связность · n hubs · PDC β,conn,Функциональная связность,0.0,0.0,all_clean_features,exploratory_holdout,30,131,33,-0.06765446168677967,0.06765446168677967,0.5217391304347826,-0.11790258237406172,0.11790258237406172,0.3505392037427674,256,256,0.0
svc_rbf,SVM с RBF-ядром,conn__small_worldness__wpli_beta,Функциональная связность · мера маломирности · wPLI β,conn,Функциональная связность,0.0,0.0,all_clean_features,exploratory_holdout,30,131,33,0.07307359912683052,0.07307359912683052,0.5215881642512077,0.12518627574268898,0.12518627574268898,0.7143465085985747,257,257,0.0
svc_rbf,SVM с RBF-ядром,conn__mean_strength__wpli_beta,Функциональная связность · mean strength · wPLI β,conn,Функциональная связность,0.0,0.0,all_clean_features,exploratory_holdout,30,131,33,0.06554877341941252,0.06554877341941252,0.5214371980676329,0.09175925142751674,0.09175925142751674,0.7259987811975445,258,258,0.0
svc_rbf,SVM с RBF-ядром,conn__hub_z_max__wpli_alpha,Функциональная связность · максимальный hub z-score · wPLI α,conn,Функциональная связность,0.0,0.0,all_clean_features,exploratory_holdout,30,131,33,-0.11304177920016999,0.11304177920016999,0.5208333333333334,-0.08274635458901898,0.08274635458901898,0.7340235852363574,259,259,0.0
svc_rbf,SVM с RBF-ядром,dfa__dfa_exp__temporal_beta,Долговременные корреляции · dfa exp · височная область β,dfa,Долговременные корреляции,0.0,0.0,all_clean_features,exploratory_holdout,30,131,33,-0.0617236134222759,0.0617236134222759,0.5202294685990339,0.03426026320377261,0.03426026320377261,0.7420531702985896,260,260,0.0
svc_rbf,SVM с RBF-ядром,aper__alpha_peak_cf_hz__central,"Апериодический компонент · центральная частота альфа-пика, Гц · центральная область",aper,Апериодический компонент,0.0,0.0,all_clean_features,exploratory_holdout,30,131,33,0.06909721408203706,0.06909721408203706,0.5193236714975845,0.026459043472255354,0.026459043472255354,0.7530565559184411,261,261,0.0
svc_rbf,SVM с RBF-ядром,conn__small_worldness__plv_alpha,Функциональная связность · мера маломирности · PLV α,conn,Функциональная связность,0.0,0.0,all_clean_features,exploratory_holdout,30,131,33,-0.022672432091574643,0.022672432091574643,0.5188707729468598,0.0973441438228957,0.0973441438228957,0.7552205435333821,262,262,0.0
svc_rbf,SVM с RBF-ядром,conn__mean_strength__dtf_alpha,Функциональная связность · mean strength · DTF α,conn,Функциональная связность,0.0,0.0,all_clean_features,exploratory_holdout,30,131,33,-0.22185593908129375,0.22185593908129375,0.5172101449275363,-0.03667795046351344,0.03667795046351344,0.7793527006888831,263,263,0.0
svc_rbf,SVM с RBF-ядром,aper__alpha_peak_width_hz__occipital,"Апериодический компонент · ширина альфа-пика, Гц · затылочная область",aper,Апериодический компонент,0.0,0.0,all_clean_features,exploratory_holdout,30,131,33,-0.015226846625273767,0.015226846625273767,0.516832729468599,-0.009266030891670706,0.009266030891670706,0.7825961374370705,264,264,0.0
svc_rbf,SVM с RBF-ядром,conn__modularity__plv_alpha,Функциональная связность · модулярность · PLV α,conn,Функциональная связность,0.0,0.0,all_clean_features,exploratory_holdout,30,131,33,-0.0008889331979846273,0.0008889331979846273,0.5166817632850241,-0.08198203672600325,0.08198203672600325,0.7659065118583488,265,265,0.0
svc_rbf,SVM с RBF-ядром,aper__alpha_peak_cf_hz__occipital,"Апериодический компонент · центральная частота альфа-пика, Гц · затылочная область",aper,Апериодический компонент,0.0,0.0,all_clean_features,exploratory_holdout,30,131,33,0.004232303964884115,0.004232303964884115,0.5166817632850241,-0.05064804875817783,0.05064804875817783,0.7825961374370705,266,266,0.0
svc_rbf,SVM с RBF-ядром,conn__modularity__coh_beta,Функциональная связность · модулярность · coherence β,conn,Функциональная связность,0.0,0.0,all_clean_features,exploratory_holdout,30,131,33,0.005391351623133246,0.005391351623133246,0.5158514492753623,-0.11270016722043322,0.11270016722043322,0.7530565559184411,267,267,0.0
svc_rbf,SVM с RBF-ядром,conn__global_efficiency__wpli_beta,Функциональная связность · глобальная эффективность · wPLI β,conn,Функциональная связность,0.0,0.0,all_clean_features,exploratory_holdout,30,131,33,0.04069024644884213,0.04069024644884213,0.5158514492753623,0.07665420772554689,0.07665420772554689,0.7923209482170757,268,268,0.0
svc_rbf,SVM с RBF-ядром,conn__small_worldness__plv_theta,Функциональная связность · мера маломирности · PLV θ,conn,Функциональная связность,0.0,0.0,all_clean_features,exploratory_holdout,30,131,33,0.10184438703377001,0.10184438703377001,0.5155495169082125,0.12509433902602776,0.12509433902602776,0.7948685854456742,269,269,0.0
svc_rbf,SVM с RBF-ядром,conn__n_hubs__pdc_delta,Функциональная связность · n hubs · PDC δ,conn,Функциональная связность,0.0,0.0,all_clean_features,exploratory_holdout,30,131,33,-0.02390812276407684,0.02390812276407684,0.5147192028985508,0.1671051667596157,0.1671051667596157,0.5450926008173059,270,270,0.0
svc_rbf,SVM с RBF-ядром,conn__n_hubs__wpli_delta,Функциональная связность · n hubs · wPLI δ,conn,Функциональная связность,0.0,0.0,all_clean_features,exploratory_holdout,30,131,33,-0.006600219781409905,0.006600219781409905,0.5144927536231884,-0.036523364738346525,0.036523364738346525,0.7530565559184411,271,271,0.0
svc_rbf,SVM с RBF-ядром,conn__mean_strength__imcoh_theta,Функциональная связность · mean strength · imaginary coherence θ,conn,Функциональная связность,0.0,0.0,all_clean_features,exploratory_holdout,30,131,33,0.043428968677922924,0.043428968677922924,0.5131340579710145,0.13768270034619853,0.13768270034619853,0.8324845759304823,272,272,0.0
svc_rbf,SVM с RBF-ядром,conn__small_worldness__imcoh_alpha,Функциональная связность · мера маломирности · imaginary coherence α,conn,Функциональная связность,0.0,0.0,all_clean_features,exploratory_holdout,30,131,33,0.06186670089826763,0.06186670089826763,0.5107185990338164,0.02800973461677727,0.02800973461677727,0.8286416677208599,273,273,0.0
svc_rbf,SVM с RBF-ядром,conn__modularity__imcoh_delta,Функциональная связность · модулярность · imaginary coherence δ,conn,Функциональная связность,0.0,0.0,all_clean_features,exploratory_holdout,30,131,33,-0.05193213586093108,0.05193213586093108,0.5102657004830918,0.14984613913041228,0.14984613913041228,0.8580117685277971,274,274,0.0
svc_rbf,SVM с RBF-ядром,conn__clustering__imcoh_beta,Функциональная связность · кластеризация · imaginary coherence β,conn,Функциональная связность,0.0,0.0,all_clean_features,exploratory_holdout,30,131,33,-0.05691329415513657,0.05691329415513657,0.5095108695652174,0.04634599637783426,0.04634599637783426,0.8891051584663034,275,275,0.0
svc_rbf,SVM с RBF-ядром,conn__n_hubs__dtf_theta,Функциональная связность · n hubs · DTF θ,conn,Функциональная связность,0.0,0.0,all_clean_features,exploratory_holdout,30,131,33,-0.011978096445811635,0.011978096445811635,0.5092844202898551,-0.09455767169014667,0.09455767169014667,0.5566407574849991,276,276,0.0
svc_rbf,SVM с RBF-ядром,aper__alpha_peak_cf_hz__parietal,"Апериодический компонент · центральная частота альфа-пика, Гц · теменная область",aper,Апериодический компонент,0.0,0.0,all_clean_features,exploratory_holdout,30,131,33,-0.02043803430467925,0.02043803430467925,0.508756038647343,-0.06633165717813919,0.06633165717813919,0.8963619345147492,277,277,0.0
svc_rbf,SVM с RBF-ядром,conn__n_hubs__imcoh_beta,Функциональная связность · n hubs · imaginary coherence β,conn,Функциональная связность,0.0,0.0,all_clean_features,exploratory_holdout,30,131,33,-0.18364494068105092,0.18364494068105092,0.5086805555555556,-0.15350234057373213,0.15350234057373213,0.7862472575094916,278,278,0.0
svc_rbf,SVM с RBF-ядром,conn__modularity__plv_beta,Функциональная связность · модулярность · PLV β,conn,Функциональная связность,0.0,0.0,all_clean_features,exploratory_holdout,30,131,33,-0.038635697502290234,0.038635697502290234,0.5076992753623188,-0.0239058632174708,0.0239058632174708,0.8897633810924086,279,279,0.0
svc_rbf,SVM с RBF-ядром,aper__alpha_peak_width_hz__temporal,"Апериодический компонент · ширина альфа-пика, Гц · височная область",aper,Апериодический компонент,0.0,0.0,all_clean_features,exploratory_holdout,30,131,33,-0.0435696718764006,0.0435696718764006,0.507397342995169,0.06099722445468159,0.06099722445468159,0.913418575205139,280,280,0.0
svc_rbf,SVM с RBF-ядром,burst__rate_per_min__occipital_alpha,Ритмические эпизоды · rate per min · затылочная область α,burst,Ритмические эпизоды,0.0,0.0,all_clean_features,exploratory_holdout,30,131,33,-0.0352227590085098,0.0352227590085098,0.5071708937198068,-0.02459786894657033,0.02459786894657033,0.913418575205139,281,281,0.0
svc_rbf,SVM с RBF-ядром,conn__n_hubs__wpli_theta,Функциональная связность · n hubs · wPLI θ,conn,Функциональная связность,0.0,0.0,all_clean_features,exploratory_holdout,30,131,33,-0.10312997631934262,0.10312997631934262,0.5070954106280193,-0.10306620600844132,0.10306620600844132,0.8740653512828602,282,282,0.0
svc_rbf,SVM с RBF-ядром,burst__rate_per_min__parietal_alpha,Ритмические эпизоды · rate per min · теменная область α,burst,Ритмические эпизоды,0.0,0.0,all_clean_features,exploratory_holdout,30,131,33,-0.02637648776692249,0.02637648776692249,0.5070199275362319,-0.03611791198672944,0.03611791198672944,0.913418575205139,283,283,0.0
svc_rbf,SVM с RBF-ядром,burst__rate_per_min__temporal_alpha,Ритмические эпизоды · rate per min · височная область α,burst,Ритмические эпизоды,0.0,0.0,all_clean_features,exploratory_holdout,30,131,33,0.10440074036319819,0.10440074036319819,0.50618961352657,0.007913370247565353,0.007913370247565353,0.9207720987658065,284,284,0.0
svc_rbf,SVM с RBF-ядром,burst__rate_per_min__frontal_alpha,Ритмические эпизоды · rate per min · лобная область α,burst,Ритмические эпизоды,0.0,0.0,all_clean_features,exploratory_holdout,30,131,33,-0.05101766347678341,0.05101766347678341,0.5055857487922705,-0.04445419253011053,0.04445419253011053,0.9235068888571673,285,285,0.0
svc_rbf,SVM с RBF-ядром,event__lr_index,Транзиентные события · lr index,event,Транзиентные события,0.0,0.0,all_clean_features,exploratory_holdout,30,131,33,0.03960621487147708,0.03960621487147708,0.5048309178743962,-0.041236724446635106,0.041236724446635106,0.9235068888571673,286,286,0.0
svc_rbf,SVM с RBF-ядром,conn__clustering__wpli_delta,Функциональная связность · кластеризация · wPLI δ,conn,Функциональная связность,0.0,0.0,all_clean_features,exploratory_holdout,30,131,33,-0.06703664140359698,0.06703664140359698,0.5042270531400965,0.04840355081120271,0.04840355081120271,0.9430614682974163,287,287,0.0
svc_rbf,SVM с RBF-ядром,conn__modularity__plv_theta,Функциональная связность · модулярность · PLV θ,conn,Функциональная связность,0.0,0.0,all_clean_features,exploratory_holdout,30,131,33,0.03626129577934497,0.03626129577934497,0.5040006038647343,0.014196427517787234,0.014196427517787234,0.9235068888571673,288,288,0.0
svc_rbf,SVM с RBF-ядром,burst__mean_amp__temporal_beta,Ритмические эпизоды · mean amp · височная область β,burst,Ритмические эпизоды,0.0,0.0,all_clean_features,exploratory_holdout,30,131,33,-0.012574110151054658,0.012574110151054658,0.5033212560386473,-0.07157317849747502,0.07157317849747502,0.9559094660707451,289,289,0.0
svc_rbf,SVM с RBF-ядром,conn__n_hubs__dtf_beta,Функциональная связность · n hubs · DTF β,conn,Функциональная связность,0.0,0.0,all_clean_features,exploratory_holdout,30,131,33,0.0003992239803341357,0.0003992239803341357,0.5031702898550725,-0.09972820585704745,0.09972820585704745,0.9189901611297505,290,290,0.0
svc_rbf,SVM с RBF-ядром,conn__n_hubs__dtf_alpha,Функциональная связность · n hubs · DTF α,conn,Функциональная связность,0.0,0.0,all_clean_features,exploratory_holdout,30,131,33,-0.04303978682949665,0.04303978682949665,0.5026419082125604,-0.014911192598790016,0.014911192598790016,0.913418575205139,291,291,0.0
svc_rbf,SVM с RBF-ядром,conn__clustering__wpli_beta,Функциональная связность · кластеризация · wPLI β,conn,Функциональная связность,0.0,0.0,all_clean_features,exploratory_holdout,30,131,33,-0.04562212652536015,0.04562212652536015,0.5016606280193237,0.035653423379061404,0.035653423379061404,0.9781376768471614,292,292,0.0
svc_rbf,SVM с RBF-ядром,aper__alpha_peak_width_hz__parietal,"Апериодический компонент · ширина альфа-пика, Гц · теменная область",aper,Апериодический компонент,0.0,0.0,all_clean_features,exploratory_holdout,30,131,33,-0.0186311220378786,0.0186311220378786,0.5015851449275363,0.035411265598256615,0.035411265598256615,0.9781376768471614,293,293,0.0
svc_rbf,SVM с RBF-ядром,burst__pct_time__central_beta,Ритмические эпизоды · pct time · центральная область β,burst,Ритмические эпизоды,0.0,0.0,all_clean_features,exploratory_holdout,30,131,33,-0.09036725309410136,0.09036725309410136,0.5015096618357487,0.020042025077793877,0.020042025077793877,0.9781376768471614,294,294,0.0
svc_rbf,SVM с RBF-ядром,conn__modularity__wpli_beta,Функциональная связность · модулярность · wPLI β,conn,Функциональная связность,0.0,0.0,all_clean_features,exploratory_holdout,30,131,33,0.0922552548540205,0.0922552548540205,0.5000754830917875,0.10782513398674289,0.10782513398674289,1.0,295,295,0.0
svc_rbf,SVM с RBF-ядром,conn__n_hubs__imcoh_alpha,Функциональная связность · n hubs · imaginary coherence α,conn,Функциональная связность,-0.00012531328320802097,0.0006748326825983137,all_clean_features,exploratory_holdout,30,131,33,0.007496597751735515,0.007496597751735515,0.5095863526570049,0.05283543314574004,0.05283543314574004,0.7184989091119309,296,296,0.0
svc_rbf,SVM с RBF-ядром,conn__asymmetry__dtf_beta,Функциональная связность · асимметрия · DTF β,conn,Функциональная связность,-0.00025062656641604194,0.0009377587435523731,all_clean_features,exploratory_holdout,30,131,33,-0.43570520258328177,0.43570520258328177,0.711352657004831,-0.7839986104287673,0.7839986104287673,1.686838321294027e-05,297,297,0.0
svc_rbf,SVM с RBF-ядром,burst__rate_per_min__temporal_beta,Ритмические эпизоды · rate per min · височная область β,burst,Ритмические эпизоды,-0.00025062656641604194,0.0009377587435523731,all_clean_features,exploratory_holdout,30,131,33,0.10496882098722154,0.10496882098722154,0.6925573671497585,0.6829507703346366,0.6829507703346366,9.467651168955493e-05,298,298,0.0
svc_rbf,SVM с RBF-ядром,event__propagation_ms,"Время распространения события, мс",event,Транзиентные события,-0.0005012531328320839,0.0012779497527801557,all_clean_features,exploratory_holdout,30,131,33,0.4516992381558619,0.4516992381558619,0.9412741545893721,2.2034857008326165,2.2034857008326165,5.2932122026501394e-20,299,299,0.0
svc_rbf,SVM с RBF-ядром,conn__clustering__pdc_beta,Функциональная связность · кластеризация · PDC β,conn,Функциональная связность,-0.0006265664160401049,0.001401045098684089,all_clean_features,exploratory_holdout,30,131,33,0.3534066875535061,0.3534066875535061,0.7777777777777778,1.067154377275833,1.067154377275833,1.7677359688023226e-08,300,300,0.0
svc_rbf,SVM с RBF-ядром,conn__n_hubs__dtf_delta,Функциональная связность · n hubs · DTF δ,conn,Функциональная связность,-0.0071428571428570915,0.0014880127928618794,all_clean_features,exploratory_holdout,30,131,33,-0.01671876457691797,0.01671876457691797,0.5015096618357487,0.027216900149808362,0.027216900149808362,0.913418575205139,301,301,0.0
