model,model_ru,n_features,feature_set,validation,metric,value,ci_low,ci_high,value_ci,source_table,comparison_group,diff_event_minus_baseline,p_boot_two_sided
logreg,Логистическая регрессия,302.0,all_clean_features,cv_oof,roc_auc,0.9873188405797102,0.966608311483612,0.9988014981273408,0.987 [0.967; 0.999],full_feature_space_metrics_df,,,
logreg,Логистическая регрессия,302.0,all_clean_features,cv_oof,pr_auc,0.9924503763752576,0.9807432186786876,0.9991285856063432,0.992 [0.981; 0.999],full_feature_space_metrics_df,,,
logreg,Логистическая регрессия,302.0,all_clean_features,cv_oof,accuracy,0.9329268292682927,0.8902439024390244,0.9695121951219512,0.933 [0.890; 0.970],full_feature_space_metrics_df,,,
logreg,Логистическая регрессия,302.0,all_clean_features,cv_oof,balanced_accuracy,0.938707729468599,0.9015660083690549,0.9725349378881987,0.939 [0.902; 0.973],full_feature_space_metrics_df,,,
logreg,Логистическая регрессия,302.0,all_clean_features,cv_oof,sensitivity,0.8913043478260869,0.8247422680412371,0.9545454545454546,0.891 [0.825; 0.955],full_feature_space_metrics_df,,,
logreg,Логистическая регрессия,302.0,all_clean_features,cv_oof,specificity,0.9861111111111112,0.9545454545454546,1.0,0.986 [0.955; 1.000],full_feature_space_metrics_df,,,
logreg,Логистическая регрессия,302.0,all_clean_features,cv_oof,precision,0.9879518072289156,0.9587521477663231,1.0,0.988 [0.959; 1.000],full_feature_space_metrics_df,,,
logreg,Логистическая регрессия,302.0,all_clean_features,cv_oof,npv,0.8765432098765432,0.8,0.9459459459459459,0.877 [0.800; 0.946],full_feature_space_metrics_df,,,
logreg,Логистическая регрессия,302.0,all_clean_features,cv_oof,f1,0.9371428571428572,0.8972786579683132,0.9726775956284153,0.937 [0.897; 0.973],full_feature_space_metrics_df,,,
logreg,Логистическая регрессия,302.0,all_clean_features,cv_oof,mcc,0.8709312786796137,0.7969165399062363,0.9407247934724869,0.871 [0.797; 0.941],full_feature_space_metrics_df,,,
logreg,Логистическая регрессия,302.0,all_clean_features,holdout,roc_auc,1.0,1.0,1.0,1.000 [1.000; 1.000],full_feature_space_metrics_df,,,
logreg,Логистическая регрессия,302.0,all_clean_features,holdout,pr_auc,1.0,0.9999999999999998,1.0000000000000002,1.000 [1.000; 1.000],full_feature_space_metrics_df,,,
logreg,Логистическая регрессия,302.0,all_clean_features,holdout,accuracy,0.9393939393939394,0.8484848484848485,1.0,0.939 [0.848; 1.000],full_feature_space_metrics_df,,,
logreg,Логистическая регрессия,302.0,all_clean_features,holdout,balanced_accuracy,0.9473684210526316,0.868421052631579,1.0,0.947 [0.868; 1.000],full_feature_space_metrics_df,,,
logreg,Логистическая регрессия,302.0,all_clean_features,holdout,sensitivity,0.8947368421052632,0.7368421052631579,1.0,0.895 [0.737; 1.000],full_feature_space_metrics_df,,,
logreg,Логистическая регрессия,302.0,all_clean_features,holdout,specificity,1.0,1.0,1.0,1.000 [1.000; 1.000],full_feature_space_metrics_df,,,
logreg,Логистическая регрессия,302.0,all_clean_features,holdout,precision,1.0,1.0,1.0,1.000 [1.000; 1.000],full_feature_space_metrics_df,,,
logreg,Логистическая регрессия,302.0,all_clean_features,holdout,npv,0.875,0.6923076923076923,1.0,0.875 [0.692; 1.000],full_feature_space_metrics_df,,,
logreg,Логистическая регрессия,302.0,all_clean_features,holdout,f1,0.9444444444444444,0.8484848484848485,1.0,0.944 [0.848; 1.000],full_feature_space_metrics_df,,,
logreg,Логистическая регрессия,302.0,all_clean_features,holdout,mcc,0.8848133909712856,0.7288689868556626,1.0,0.885 [0.729; 1.000],full_feature_space_metrics_df,,,
rf,Случайный лес,302.0,all_clean_features,cv_oof,roc_auc,0.9969806763285024,0.9902602979292189,1.0,0.997 [0.990; 1.000],full_feature_space_metrics_df,,,
rf,Случайный лес,302.0,all_clean_features,cv_oof,pr_auc,0.9975503325193975,0.9918409787908701,1.0,0.998 [0.992; 1.000],full_feature_space_metrics_df,,,
rf,Случайный лес,302.0,all_clean_features,cv_oof,accuracy,0.975609756097561,0.9512195121951219,0.9939024390243902,0.976 [0.951; 0.994],full_feature_space_metrics_df,,,
rf,Случайный лес,302.0,all_clean_features,cv_oof,balanced_accuracy,0.9752415458937198,0.9487425497013987,0.994899247577819,0.975 [0.949; 0.995],full_feature_space_metrics_df,,,
rf,Случайный лес,302.0,all_clean_features,cv_oof,sensitivity,0.9782608695652174,0.9438202247191011,1.0,0.978 [0.944; 1.000],full_feature_space_metrics_df,,,
rf,Случайный лес,302.0,all_clean_features,cv_oof,specificity,0.9722222222222222,0.9285714285714286,1.0,0.972 [0.929; 1.000],full_feature_space_metrics_df,,,
rf,Случайный лес,302.0,all_clean_features,cv_oof,precision,0.9782608695652174,0.9418604651162791,1.0,0.978 [0.942; 1.000],full_feature_space_metrics_df,,,
rf,Случайный лес,302.0,all_clean_features,cv_oof,npv,0.9722222222222222,0.927536231884058,1.0,0.972 [0.928; 1.000],full_feature_space_metrics_df,,,
rf,Случайный лес,302.0,all_clean_features,cv_oof,f1,0.9782608695652174,0.9545396862021228,0.9950738916256158,0.978 [0.955; 0.995],full_feature_space_metrics_df,,,
rf,Случайный лес,302.0,all_clean_features,cv_oof,mcc,0.9504830917874396,0.8997894102860907,0.9878567982612979,0.950 [0.900; 0.988],full_feature_space_metrics_df,,,
rf,Случайный лес,302.0,all_clean_features,holdout,roc_auc,0.9924812030075189,0.9653804347826087,1.0,0.992 [0.965; 1.000],full_feature_space_metrics_df,,,
rf,Случайный лес,302.0,all_clean_features,holdout,pr_auc,0.9949874686716791,0.9761818495514147,1.0000000000000002,0.995 [0.976; 1.000],full_feature_space_metrics_df,,,
rf,Случайный лес,302.0,all_clean_features,holdout,accuracy,0.9090909090909091,0.8181818181818182,1.0,0.909 [0.818; 1.000],full_feature_space_metrics_df,,,
rf,Случайный лес,302.0,all_clean_features,holdout,balanced_accuracy,0.9022556390977443,0.7857142857142857,1.0,0.902 [0.786; 1.000],full_feature_space_metrics_df,,,
rf,Случайный лес,302.0,all_clean_features,holdout,sensitivity,0.9473684210526315,0.8235294117647058,1.0,0.947 [0.824; 1.000],full_feature_space_metrics_df,,,
rf,Случайный лес,302.0,all_clean_features,holdout,specificity,0.8571428571428571,0.6428571428571429,1.0,0.857 [0.643; 1.000],full_feature_space_metrics_df,,,
rf,Случайный лес,302.0,all_clean_features,holdout,precision,0.9,0.75,1.0,0.900 [0.750; 1.000],full_feature_space_metrics_df,,,
rf,Случайный лес,302.0,all_clean_features,holdout,npv,0.9230769230769231,0.7333333333333333,1.0,0.923 [0.733; 1.000],full_feature_space_metrics_df,,,
rf,Случайный лес,302.0,all_clean_features,holdout,f1,0.9230769230769231,0.8181818181818182,1.0,0.923 [0.818; 1.000],full_feature_space_metrics_df,,,
rf,Случайный лес,302.0,all_clean_features,holdout,mcc,0.8137411550596574,0.5872835735066526,1.0,0.814 [0.587; 1.000],full_feature_space_metrics_df,,,
svc_rbf,SVM с RBF-ядром,302.0,all_clean_features,cv_oof,roc_auc,0.987469806763285,0.9717391186562748,0.9971155630016658,0.987 [0.972; 0.997],full_feature_space_metrics_df,,,
svc_rbf,SVM с RBF-ядром,302.0,all_clean_features,cv_oof,pr_auc,0.9910492528992366,0.9794886954051715,0.997835869596295,0.991 [0.979; 0.998],full_feature_space_metrics_df,,,
svc_rbf,SVM с RBF-ядром,302.0,all_clean_features,cv_oof,accuracy,0.9451219512195121,0.9024390243902439,0.975609756097561,0.945 [0.902; 0.976],full_feature_space_metrics_df,,,
svc_rbf,SVM с RBF-ядром,302.0,all_clean_features,cv_oof,balanced_accuracy,0.9435386473429952,0.9010209429830159,0.9763806225483856,0.944 [0.901; 0.976],full_feature_space_metrics_df,,,
svc_rbf,SVM с RBF-ядром,302.0,all_clean_features,cv_oof,sensitivity,0.9565217391304348,0.9111111111111111,0.9896907216494846,0.957 [0.911; 0.990],full_feature_space_metrics_df,,,
svc_rbf,SVM с RBF-ядром,302.0,all_clean_features,cv_oof,specificity,0.9305555555555556,0.8624652777777778,0.9852994458653027,0.931 [0.862; 0.985],full_feature_space_metrics_df,,,
svc_rbf,SVM с RBF-ядром,302.0,all_clean_features,cv_oof,precision,0.946236559139785,0.8924731182795699,0.9887671660424469,0.946 [0.892; 0.989],full_feature_space_metrics_df,,,
svc_rbf,SVM с RBF-ядром,302.0,all_clean_features,cv_oof,npv,0.9436619718309859,0.8833279220779221,0.987012987012987,0.944 [0.883; 0.987],full_feature_space_metrics_df,,,
svc_rbf,SVM с RBF-ядром,302.0,all_clean_features,cv_oof,f1,0.9513513513513514,0.913968538430904,0.9795918367346939,0.951 [0.914; 0.980],full_feature_space_metrics_df,,,
svc_rbf,SVM с RBF-ядром,302.0,all_clean_features,cv_oof,mcc,0.8884867930355456,0.8044201261467799,0.951394742691818,0.888 [0.804; 0.951],full_feature_space_metrics_df,,,
svc_rbf,SVM с RBF-ядром,302.0,all_clean_features,holdout,roc_auc,0.9924812030075189,0.9661654135338347,1.0,0.992 [0.966; 1.000],full_feature_space_metrics_df,,,
svc_rbf,SVM с RBF-ядром,302.0,all_clean_features,holdout,pr_auc,0.9945983379501384,0.9754248366013072,1.0000000000000002,0.995 [0.975; 1.000],full_feature_space_metrics_df,,,
svc_rbf,SVM с RBF-ядром,302.0,all_clean_features,holdout,accuracy,0.9393939393939394,0.8484848484848485,1.0,0.939 [0.848; 1.000],full_feature_space_metrics_df,,,
svc_rbf,SVM с RBF-ядром,302.0,all_clean_features,holdout,balanced_accuracy,0.9379699248120301,0.8409090909090909,1.0,0.938 [0.841; 1.000],full_feature_space_metrics_df,,,
svc_rbf,SVM с RBF-ядром,302.0,all_clean_features,holdout,sensitivity,0.9473684210526315,0.8181818181818182,1.0,0.947 [0.818; 1.000],full_feature_space_metrics_df,,,
svc_rbf,SVM с RBF-ядром,302.0,all_clean_features,holdout,specificity,0.9285714285714286,0.7692307692307693,1.0,0.929 [0.769; 1.000],full_feature_space_metrics_df,,,
svc_rbf,SVM с RBF-ядром,302.0,all_clean_features,holdout,precision,0.9473684210526315,0.8333333333333334,1.0,0.947 [0.833; 1.000],full_feature_space_metrics_df,,,
svc_rbf,SVM с RBF-ядром,302.0,all_clean_features,holdout,npv,0.9285714285714286,0.7647058823529411,1.0,0.929 [0.765; 1.000],full_feature_space_metrics_df,,,
svc_rbf,SVM с RBF-ядром,302.0,all_clean_features,holdout,f1,0.9473684210526315,0.8571428571428571,1.0,0.947 [0.857; 1.000],full_feature_space_metrics_df,,,
svc_rbf,SVM с RBF-ядром,302.0,all_clean_features,holdout,mcc,0.8759398496240601,0.693687975619296,1.0,0.876 [0.694; 1.000],full_feature_space_metrics_df,,,
logreg,Логистическая регрессия,14.0,event,cv_oof,roc_auc,0.9643719806763285,0.9288308757409881,0.9904466557233197,0.964 [0.929; 0.990],algorithm_metrics_long_df,,,
logreg,Логистическая регрессия,14.0,event,cv_oof,pr_auc,0.9784422083107989,0.957788169885634,0.9930453054539814,0.978 [0.958; 0.993],algorithm_metrics_long_df,,,
logreg,Логистическая регрессия,14.0,event,cv_oof,accuracy,0.926829268292683,0.8780487804878049,0.9634146341463414,0.927 [0.878; 0.963],algorithm_metrics_long_df,,,
logreg,Логистическая регрессия,14.0,event,cv_oof,balanced_accuracy,0.9302536231884058,0.8860454613879272,0.9664420226757751,0.930 [0.886; 0.966],algorithm_metrics_long_df,,,
logreg,Логистическая регрессия,14.0,event,cv_oof,sensitivity,0.9021739130434783,0.8333333333333334,0.9583333333333334,0.902 [0.833; 0.958],algorithm_metrics_long_df,,,
logreg,Логистическая регрессия,14.0,event,cv_oof,specificity,0.9583333333333334,0.9078896761133604,1.0,0.958 [0.908; 1.000],algorithm_metrics_long_df,,,
logreg,Логистическая регрессия,14.0,event,cv_oof,precision,0.9651162790697675,0.9210376794258373,1.0,0.965 [0.921; 1.000],algorithm_metrics_long_df,,,
logreg,Логистическая регрессия,14.0,event,cv_oof,npv,0.8846153846153846,0.807209483093665,0.9500154320987653,0.885 [0.807; 0.950],algorithm_metrics_long_df,,,
logreg,Логистическая регрессия,14.0,event,cv_oof,f1,0.9325842696629213,0.8876990326263294,0.9680851063829787,0.933 [0.888; 0.968],algorithm_metrics_long_df,,,
logreg,Логистическая регрессия,14.0,event,cv_oof,mcc,0.8551024816224644,0.7678207024907531,0.9279761904761905,0.855 [0.768; 0.928],algorithm_metrics_long_df,,,
logreg,Логистическая регрессия,14.0,event,holdout,roc_auc,0.8834586466165413,0.7360967630853995,0.9846153846153847,0.883 [0.736; 0.985],algorithm_metrics_long_df,,,
logreg,Логистическая регрессия,14.0,event,holdout,pr_auc,0.9342906955445656,0.8377845933682332,0.9902580741626796,0.934 [0.838; 0.990],algorithm_metrics_long_df,,,
logreg,Логистическая регрессия,14.0,event,holdout,accuracy,0.8181818181818182,0.6666666666666666,0.9393939393939394,0.818 [0.667; 0.939],algorithm_metrics_long_df,,,
logreg,Логистическая регрессия,14.0,event,holdout,balanced_accuracy,0.8233082706766917,0.6805555555555556,0.9444444444444444,0.823 [0.681; 0.944],algorithm_metrics_long_df,,,
logreg,Логистическая регрессия,14.0,event,holdout,sensitivity,0.7894736842105263,0.5833333333333334,0.95,0.789 [0.583; 0.950],algorithm_metrics_long_df,,,
logreg,Логистическая регрессия,14.0,event,holdout,specificity,0.8571428571428571,0.6428571428571429,1.0,0.857 [0.643; 1.000],algorithm_metrics_long_df,,,
logreg,Логистическая регрессия,14.0,event,holdout,precision,0.8823529411764706,0.7142857142857143,1.0,0.882 [0.714; 1.000],algorithm_metrics_long_df,,,
logreg,Логистическая регрессия,14.0,event,holdout,npv,0.75,0.5,0.9411764705882353,0.750 [0.500; 0.941],algorithm_metrics_long_df,,,
logreg,Логистическая регрессия,14.0,event,holdout,f1,0.8333333333333334,0.6814393939393939,0.9474342105263154,0.833 [0.681; 0.947],algorithm_metrics_long_df,,,
logreg,Логистическая регрессия,14.0,event,holdout,mcc,0.6394449716263073,0.35883578891077916,0.8806305718527109,0.639 [0.359; 0.881],algorithm_metrics_long_df,,,
rf,Случайный лес,14.0,event,cv_oof,roc_auc,0.980072463768116,0.9599940506050119,0.9954566106315311,0.980 [0.960; 0.995],algorithm_metrics_long_df,,,
rf,Случайный лес,14.0,event,cv_oof,pr_auc,0.9845297037836782,0.9672926097575034,0.9966398226372869,0.985 [0.967; 0.997],algorithm_metrics_long_df,,,
rf,Случайный лес,14.0,event,cv_oof,accuracy,0.9390243902439024,0.8963414634146342,0.975609756097561,0.939 [0.896; 0.976],algorithm_metrics_long_df,,,
rf,Случайный лес,14.0,event,cv_oof,balanced_accuracy,0.9396135265700483,0.8990496263659719,0.9755195552910068,0.940 [0.899; 0.976],algorithm_metrics_long_df,,,
rf,Случайный лес,14.0,event,cv_oof,sensitivity,0.9347826086956522,0.8804347826086957,0.9797979797979798,0.935 [0.880; 0.980],algorithm_metrics_long_df,,,
rf,Случайный лес,14.0,event,cv_oof,specificity,0.9444444444444444,0.8888888888888888,0.9873457278481013,0.944 [0.889; 0.987],algorithm_metrics_long_df,,,
rf,Случайный лес,14.0,event,cv_oof,precision,0.9555555555555556,0.9090647857889237,0.9899015151515151,0.956 [0.909; 0.990],algorithm_metrics_long_df,,,
rf,Случайный лес,14.0,event,cv_oof,npv,0.918918918918919,0.8533235294117648,0.9746835443037974,0.919 [0.853; 0.975],algorithm_metrics_long_df,,,
rf,Случайный лес,14.0,event,cv_oof,f1,0.945054945054945,0.9071006481128479,0.978021978021978,0.945 [0.907; 0.978],algorithm_metrics_long_df,,,
rf,Случайный лес,14.0,event,cv_oof,mcc,0.8768475438971286,0.7937214659445498,0.9509218899818449,0.877 [0.794; 0.951],algorithm_metrics_long_df,,,
rf,Случайный лес,14.0,event,holdout,roc_auc,0.9022556390977443,0.7665257352941177,1.0,0.902 [0.767; 1.000],algorithm_metrics_long_df,,,
rf,Случайный лес,14.0,event,holdout,pr_auc,0.9235778462721593,0.8010249384743456,1.0,0.924 [0.801; 1.000],algorithm_metrics_long_df,,,
rf,Случайный лес,14.0,event,holdout,accuracy,0.8484848484848485,0.7272727272727273,0.9696969696969697,0.848 [0.727; 0.970],algorithm_metrics_long_df,,,
rf,Случайный лес,14.0,event,holdout,balanced_accuracy,0.849624060150376,0.7161654135338347,0.9687959558823527,0.850 [0.716; 0.969],algorithm_metrics_long_df,,,
rf,Случайный лес,14.0,event,holdout,sensitivity,0.8421052631578947,0.65,1.0,0.842 [0.650; 1.000],algorithm_metrics_long_df,,,
rf,Случайный лес,14.0,event,holdout,specificity,0.8571428571428571,0.6428571428571429,1.0,0.857 [0.643; 1.000],algorithm_metrics_long_df,,,
rf,Случайный лес,14.0,event,holdout,precision,0.8888888888888888,0.7331818181818182,1.0,0.889 [0.733; 1.000],algorithm_metrics_long_df,,,
rf,Случайный лес,14.0,event,holdout,npv,0.8,0.5625,1.0,0.800 [0.562; 1.000],algorithm_metrics_long_df,,,
rf,Случайный лес,14.0,event,holdout,f1,0.8648648648648649,0.7272727272727273,0.9697402597402596,0.865 [0.727; 0.970],algorithm_metrics_long_df,,,
rf,Случайный лес,14.0,event,holdout,mcc,0.6940491774014498,0.42173311110169653,0.9376144618769908,0.694 [0.422; 0.938],algorithm_metrics_long_df,,,
svc_rbf,SVM с RBF-ядром,14.0,event,cv_oof,roc_auc,0.9821859903381642,0.9640017169371932,0.9950994944852941,0.982 [0.964; 0.995],algorithm_metrics_long_df,,,
svc_rbf,SVM с RBF-ядром,14.0,event,cv_oof,pr_auc,0.9858310918441333,0.9701101764913834,0.9964930505675172,0.986 [0.970; 0.996],algorithm_metrics_long_df,,,
svc_rbf,SVM с RBF-ядром,14.0,event,cv_oof,accuracy,0.9451219512195121,0.9024390243902439,0.975609756097561,0.945 [0.902; 0.976],algorithm_metrics_long_df,,,
svc_rbf,SVM с RBF-ядром,14.0,event,cv_oof,balanced_accuracy,0.9450483091787439,0.9035170117558152,0.9772298657773861,0.945 [0.904; 0.977],algorithm_metrics_long_df,,,
svc_rbf,SVM с RBF-ядром,14.0,event,cv_oof,sensitivity,0.9456521739130435,0.8924731182795699,0.9891304347826086,0.946 [0.892; 0.989],algorithm_metrics_long_df,,,
svc_rbf,SVM с RBF-ядром,14.0,event,cv_oof,specificity,0.9444444444444444,0.8840579710144928,0.9875,0.944 [0.884; 0.988],algorithm_metrics_long_df,,,
svc_rbf,SVM с RBF-ядром,14.0,event,cv_oof,precision,0.9560439560439561,0.9081632653061225,0.9900990099009901,0.956 [0.908; 0.990],algorithm_metrics_long_df,,,
svc_rbf,SVM с RBF-ядром,14.0,event,cv_oof,npv,0.9315068493150684,0.8630008561643836,0.9859154929577465,0.932 [0.863; 0.986],algorithm_metrics_long_df,,,
svc_rbf,SVM с RBF-ядром,14.0,event,cv_oof,f1,0.9508196721311475,0.9124945175438596,0.9801980198019802,0.951 [0.912; 0.980],algorithm_metrics_long_df,,,
svc_rbf,SVM с RBF-ядром,14.0,event,cv_oof,mcc,0.8888228003772927,0.8035886764217297,0.9515203510686345,0.889 [0.804; 0.952],algorithm_metrics_long_df,,,
svc_rbf,SVM с RBF-ядром,14.0,event,holdout,roc_auc,0.9285714285714286,0.8270676691729324,0.9925925925925926,0.929 [0.827; 0.993],algorithm_metrics_long_df,,,
svc_rbf,SVM с RBF-ядром,14.0,event,holdout,pr_auc,0.9485420214531237,0.8637862554112554,0.9960536962250099,0.949 [0.864; 0.996],algorithm_metrics_long_df,,,
svc_rbf,SVM с RBF-ядром,14.0,event,holdout,accuracy,0.8484848484848485,0.7272727272727273,0.9696969696969697,0.848 [0.727; 0.970],algorithm_metrics_long_df,,,
svc_rbf,SVM с RBF-ядром,14.0,event,holdout,balanced_accuracy,0.8402255639097744,0.6992301525873508,0.9615384615384616,0.840 [0.699; 0.962],algorithm_metrics_long_df,,,
svc_rbf,SVM с RBF-ядром,14.0,event,holdout,sensitivity,0.8947368421052632,0.7368421052631579,1.0,0.895 [0.737; 1.000],algorithm_metrics_long_df,,,
svc_rbf,SVM с RBF-ядром,14.0,event,holdout,specificity,0.7857142857142857,0.5384615384615384,1.0,0.786 [0.538; 1.000],algorithm_metrics_long_df,,,
svc_rbf,SVM с RBF-ядром,14.0,event,holdout,precision,0.85,0.6666666666666666,1.0,0.850 [0.667; 1.000],algorithm_metrics_long_df,,,
svc_rbf,SVM с RBF-ядром,14.0,event,holdout,npv,0.8461538461538461,0.6153846153846154,1.0,0.846 [0.615; 1.000],algorithm_metrics_long_df,,,
svc_rbf,SVM с RBF-ядром,14.0,event,holdout,f1,0.8717948717948718,0.7333333333333333,0.9714285714285714,0.872 [0.733; 0.971],algorithm_metrics_long_df,,,
svc_rbf,SVM с RBF-ядром,14.0,event,holdout,mcc,0.6882577059149438,0.40987872061240227,0.9354143466934854,0.688 [0.410; 0.935],algorithm_metrics_long_df,,,
logreg,Логистическая регрессия,61.0,spectral_baseline,cv_oof,roc_auc,0.8310688405797101,0.7662452558453229,0.8878397759172216,0.831 [0.766; 0.888],baseline_metrics_df,,,
logreg,Логистическая регрессия,61.0,spectral_baseline,cv_oof,pr_auc,0.8816277947411733,0.8228889408816051,0.9268029238670136,0.882 [0.823; 0.927],baseline_metrics_df,,,
logreg,Логистическая регрессия,61.0,spectral_baseline,cv_oof,accuracy,0.7621951219512195,0.6951219512195121,0.823170731707317,0.762 [0.695; 0.823],baseline_metrics_df,,,
logreg,Логистическая регрессия,61.0,spectral_baseline,cv_oof,balanced_accuracy,0.7653985507246377,0.696214997385,0.8292805799720694,0.765 [0.696; 0.829],baseline_metrics_df,,,
logreg,Логистическая регрессия,61.0,spectral_baseline,cv_oof,sensitivity,0.7391304347826086,0.6447295321637427,0.8227881065400844,0.739 [0.645; 0.823],baseline_metrics_df,,,
logreg,Логистическая регрессия,61.0,spectral_baseline,cv_oof,specificity,0.7916666666666666,0.6966047874938935,0.8805970149253731,0.792 [0.697; 0.881],baseline_metrics_df,,,
logreg,Логистическая регрессия,61.0,spectral_baseline,cv_oof,precision,0.8192771084337349,0.7317073170731707,0.8987341772151899,0.819 [0.732; 0.899],baseline_metrics_df,,,
logreg,Логистическая регрессия,61.0,spectral_baseline,cv_oof,npv,0.7037037037037037,0.6,0.7957339878447871,0.704 [0.600; 0.796],baseline_metrics_df,,,
logreg,Логистическая регрессия,61.0,spectral_baseline,cv_oof,f1,0.7771428571428571,0.6993865030674846,0.8372287904378328,0.777 [0.699; 0.837],baseline_metrics_df,,,
logreg,Логистическая регрессия,61.0,spectral_baseline,cv_oof,mcc,0.5268744624634415,0.3894148031913653,0.6536342651908366,0.527 [0.389; 0.654],baseline_metrics_df,,,
logreg,Логистическая регрессия,61.0,spectral_baseline,holdout,roc_auc,0.8834586466165414,0.7443609022556391,0.9890148420479301,0.883 [0.744; 0.989],baseline_metrics_df,,,
logreg,Логистическая регрессия,61.0,spectral_baseline,holdout,pr_auc,0.9185258820594955,0.7937405001080506,0.9934671945701358,0.919 [0.794; 0.993],baseline_metrics_df,,,
logreg,Логистическая регрессия,61.0,spectral_baseline,holdout,accuracy,0.8484848484848485,0.7272727272727273,0.9696969696969697,0.848 [0.727; 0.970],baseline_metrics_df,,,
logreg,Логистическая регрессия,61.0,spectral_baseline,holdout,balanced_accuracy,0.8402255639097744,0.7045454545454546,0.9616071428571425,0.840 [0.705; 0.962],baseline_metrics_df,,,
logreg,Логистическая регрессия,61.0,spectral_baseline,holdout,sensitivity,0.8947368421052632,0.7368421052631579,1.0,0.895 [0.737; 1.000],baseline_metrics_df,,,
logreg,Логистическая регрессия,61.0,spectral_baseline,holdout,specificity,0.7857142857142857,0.5384615384615384,1.0,0.786 [0.538; 1.000],baseline_metrics_df,,,
logreg,Логистическая регрессия,61.0,spectral_baseline,holdout,precision,0.85,0.6818181818181818,1.0,0.850 [0.682; 1.000],baseline_metrics_df,,,
logreg,Логистическая регрессия,61.0,spectral_baseline,holdout,npv,0.8461538461538461,0.6153846153846154,1.0,0.846 [0.615; 1.000],baseline_metrics_df,,,
logreg,Логистическая регрессия,61.0,spectral_baseline,holdout,f1,0.8717948717948718,0.7428571428571429,0.9714285714285714,0.872 [0.743; 0.971],baseline_metrics_df,,,
logreg,Логистическая регрессия,61.0,spectral_baseline,holdout,mcc,0.6882577059149438,0.42192650784464586,0.9354143466934854,0.688 [0.422; 0.935],baseline_metrics_df,,,
rf,Случайный лес,61.0,spectral_baseline,cv_oof,roc_auc,0.8121980676328503,0.7473103757944183,0.8766660342407625,0.812 [0.747; 0.877],baseline_metrics_df,,,
rf,Случайный лес,61.0,spectral_baseline,cv_oof,pr_auc,0.8563730246604517,0.7863513171204342,0.9164031825812743,0.856 [0.786; 0.916],baseline_metrics_df,,,
rf,Случайный лес,61.0,spectral_baseline,cv_oof,accuracy,0.75,0.6890243902439024,0.8170731707317073,0.750 [0.689; 0.817],baseline_metrics_df,,,
rf,Случайный лес,61.0,spectral_baseline,cv_oof,balanced_accuracy,0.75,0.6859082983354956,0.8170744842546134,0.750 [0.686; 0.817],baseline_metrics_df,,,
rf,Случайный лес,61.0,spectral_baseline,cv_oof,sensitivity,0.75,0.6666666666666666,0.8369628412537917,0.750 [0.667; 0.837],baseline_metrics_df,,,
rf,Случайный лес,61.0,spectral_baseline,cv_oof,specificity,0.75,0.6499837662337663,0.8481108553893363,0.750 [0.650; 0.848],baseline_metrics_df,,,
rf,Случайный лес,61.0,spectral_baseline,cv_oof,precision,0.7931034482758621,0.7051282051282052,0.875,0.793 [0.705; 0.875],baseline_metrics_df,,,
rf,Случайный лес,61.0,spectral_baseline,cv_oof,npv,0.7012987012987013,0.597217039800995,0.8,0.701 [0.597; 0.800],baseline_metrics_df,,,
rf,Случайный лес,61.0,spectral_baseline,cv_oof,f1,0.770949720670391,0.6989214924212982,0.8361581920903954,0.771 [0.699; 0.836],baseline_metrics_df,,,
rf,Случайный лес,61.0,spectral_baseline,cv_oof,mcc,0.4971931966421923,0.37057670952612537,0.6309267359619783,0.497 [0.371; 0.631],baseline_metrics_df,,,
rf,Случайный лес,61.0,spectral_baseline,holdout,roc_auc,0.8721804511278196,0.7384615384615385,0.9682783882783883,0.872 [0.738; 0.968],baseline_metrics_df,,,
rf,Случайный лес,61.0,spectral_baseline,holdout,pr_auc,0.9214393663872458,0.8234312959985904,0.9839040765203523,0.921 [0.823; 0.984],baseline_metrics_df,,,
rf,Случайный лес,61.0,spectral_baseline,holdout,accuracy,0.7878787878787878,0.6363636363636364,0.9090909090909091,0.788 [0.636; 0.909],baseline_metrics_df,,,
rf,Случайный лес,61.0,spectral_baseline,holdout,balanced_accuracy,0.7969924812030075,0.6458333333333333,0.9250892857142853,0.797 [0.646; 0.925],baseline_metrics_df,,,
rf,Случайный лес,61.0,spectral_baseline,holdout,sensitivity,0.7368421052631579,0.5293343653250774,0.9166666666666666,0.737 [0.529; 0.917],baseline_metrics_df,,,
rf,Случайный лес,61.0,spectral_baseline,holdout,specificity,0.8571428571428571,0.6663043478260869,1.0,0.857 [0.666; 1.000],baseline_metrics_df,,,
rf,Случайный лес,61.0,spectral_baseline,holdout,precision,0.875,0.6923076923076923,1.0,0.875 [0.692; 1.000],baseline_metrics_df,,,
rf,Случайный лес,61.0,spectral_baseline,holdout,npv,0.7058823529411765,0.4704901960784314,0.9047619047619048,0.706 [0.470; 0.905],baseline_metrics_df,,,
rf,Случайный лес,61.0,spectral_baseline,holdout,f1,0.8,0.631578947368421,0.926829268292683,0.800 [0.632; 0.927],baseline_metrics_df,,,
rf,Случайный лес,61.0,spectral_baseline,holdout,mcc,0.5873971250985845,0.28578699785818873,0.831038506929733,0.587 [0.286; 0.831],baseline_metrics_df,,,
svc_rbf,SVM с RBF-ядром,61.0,spectral_baseline,cv_oof,roc_auc,0.7933272946859903,0.7194291121660233,0.8604703411588447,0.793 [0.719; 0.860],baseline_metrics_df,,,
svc_rbf,SVM с RBF-ядром,61.0,spectral_baseline,cv_oof,pr_auc,0.8448217874954231,0.7690958573960357,0.9068533354595216,0.845 [0.769; 0.907],baseline_metrics_df,,,
svc_rbf,SVM с RBF-ядром,61.0,spectral_baseline,cv_oof,accuracy,0.7073170731707317,0.6341463414634146,0.774390243902439,0.707 [0.634; 0.774],baseline_metrics_df,,,
svc_rbf,SVM с RBF-ядром,61.0,spectral_baseline,cv_oof,balanced_accuracy,0.6998792270531401,0.6259758766942438,0.7682533053314877,0.700 [0.626; 0.768],baseline_metrics_df,,,
svc_rbf,SVM с RBF-ядром,61.0,spectral_baseline,cv_oof,sensitivity,0.7608695652173914,0.6736690283400809,0.8461538461538461,0.761 [0.674; 0.846],baseline_metrics_df,,,
svc_rbf,SVM с RBF-ядром,61.0,spectral_baseline,cv_oof,specificity,0.6388888888888888,0.5211267605633803,0.7532512008539406,0.639 [0.521; 0.753],baseline_metrics_df,,,
svc_rbf,SVM с RBF-ядром,61.0,spectral_baseline,cv_oof,precision,0.7291666666666666,0.6352941176470588,0.8172068858560795,0.729 [0.635; 0.817],baseline_metrics_df,,,
svc_rbf,SVM с RBF-ядром,61.0,spectral_baseline,cv_oof,npv,0.6764705882352942,0.5555128205128206,0.782608695652174,0.676 [0.556; 0.783],baseline_metrics_df,,,
svc_rbf,SVM с RBF-ядром,61.0,spectral_baseline,cv_oof,f1,0.7446808510638298,0.6704545454545454,0.8095357142857142,0.745 [0.670; 0.810],baseline_metrics_df,,,
svc_rbf,SVM с RBF-ядром,61.0,spectral_baseline,cv_oof,mcc,0.40268712662254674,0.25304752260739055,0.5397869096670566,0.403 [0.253; 0.540],baseline_metrics_df,,,
svc_rbf,SVM с RBF-ядром,61.0,spectral_baseline,holdout,roc_auc,0.8045112781954887,0.6321994293585202,0.9380276541640177,0.805 [0.632; 0.938],baseline_metrics_df,,,
svc_rbf,SVM с RBF-ядром,61.0,spectral_baseline,holdout,pr_auc,0.8810647153873372,0.7502662999860641,0.9657894736842105,0.881 [0.750; 0.966],baseline_metrics_df,,,
svc_rbf,SVM с RBF-ядром,61.0,spectral_baseline,holdout,accuracy,0.7272727272727273,0.5757575757575758,0.8787878787878788,0.727 [0.576; 0.879],baseline_metrics_df,,,
svc_rbf,SVM с RBF-ядром,61.0,spectral_baseline,holdout,balanced_accuracy,0.7161654135338347,0.5454292929292929,0.8636363636363636,0.716 [0.545; 0.864],baseline_metrics_df,,,
svc_rbf,SVM с RBF-ядром,61.0,spectral_baseline,holdout,sensitivity,0.7894736842105263,0.5789473684210527,0.95,0.789 [0.579; 0.950],baseline_metrics_df,,,
svc_rbf,SVM с RBF-ядром,61.0,spectral_baseline,holdout,specificity,0.6428571428571429,0.36363636363636365,0.9090909090909091,0.643 [0.364; 0.909],baseline_metrics_df,,,
svc_rbf,SVM с RBF-ядром,61.0,spectral_baseline,holdout,precision,0.75,0.5498863636363637,0.9411764705882353,0.750 [0.550; 0.941],baseline_metrics_df,,,
svc_rbf,SVM с RBF-ядром,61.0,spectral_baseline,holdout,npv,0.6923076923076923,0.4166666666666667,0.9166666666666666,0.692 [0.417; 0.917],baseline_metrics_df,,,
svc_rbf,SVM с RBF-ядром,61.0,spectral_baseline,holdout,f1,0.7692307692307693,0.5945945945945946,0.8979591836734694,0.769 [0.595; 0.898],baseline_metrics_df,,,
svc_rbf,SVM с RBF-ядром,61.0,spectral_baseline,holdout,mcc,0.4372908076255168,0.09182866950780605,0.7216878364870322,0.437 [0.092; 0.722],baseline_metrics_df,,,
logreg,Логистическая регрессия,15.0,alpha_peak,cv_oof,roc_auc,0.7679649758454107,0.6903201327581595,0.836526236643435,0.768 [0.690; 0.837],blockwise_metrics_long_df,,,
logreg,Логистическая регрессия,15.0,alpha_peak,cv_oof,pr_auc,0.7895506791672898,0.697498403857703,0.877625493382263,0.790 [0.697; 0.878],blockwise_metrics_long_df,,,
logreg,Логистическая регрессия,15.0,alpha_peak,cv_oof,accuracy,0.6890243902439024,0.6158536585365854,0.7560975609756098,0.689 [0.616; 0.756],blockwise_metrics_long_df,,,
logreg,Логистическая регрессия,15.0,alpha_peak,cv_oof,balanced_accuracy,0.6865942028985508,0.6112368152680654,0.7560794906961227,0.687 [0.611; 0.756],blockwise_metrics_long_df,,,
logreg,Логистическая регрессия,15.0,alpha_peak,cv_oof,sensitivity,0.7065217391304348,0.6067415730337079,0.7938144329896907,0.707 [0.607; 0.794],blockwise_metrics_long_df,,,
logreg,Логистическая регрессия,15.0,alpha_peak,cv_oof,specificity,0.6666666666666666,0.5512681159420291,0.7758685023160061,0.667 [0.551; 0.776],blockwise_metrics_long_df,,,
logreg,Логистическая регрессия,15.0,alpha_peak,cv_oof,precision,0.7303370786516854,0.631578947368421,0.8192771084337349,0.730 [0.632; 0.819],blockwise_metrics_long_df,,,
logreg,Логистическая регрессия,15.0,alpha_peak,cv_oof,npv,0.64,0.5262676508344031,0.7466666666666667,0.640 [0.526; 0.747],blockwise_metrics_long_df,,,
logreg,Логистическая регрессия,15.0,alpha_peak,cv_oof,f1,0.7182320441988951,0.6390407784986099,0.7857142857142857,0.718 [0.639; 0.786],blockwise_metrics_long_df,,,
logreg,Логистическая регрессия,15.0,alpha_peak,cv_oof,mcc,0.371760008593687,0.22238648630402597,0.5104956977604094,0.372 [0.222; 0.510],blockwise_metrics_long_df,,,
rf,Случайный лес,15.0,alpha_peak,cv_oof,roc_auc,0.6603260869565217,0.5731950835176653,0.736828984478471,0.660 [0.573; 0.737],blockwise_metrics_long_df,,,
rf,Случайный лес,15.0,alpha_peak,cv_oof,pr_auc,0.6856374364553365,0.5887190811945742,0.7892062628315007,0.686 [0.589; 0.789],blockwise_metrics_long_df,,,
rf,Случайный лес,15.0,alpha_peak,cv_oof,accuracy,0.5975609756097561,0.524390243902439,0.6646341463414634,0.598 [0.524; 0.665],blockwise_metrics_long_df,,,
rf,Случайный лес,15.0,alpha_peak,cv_oof,balanced_accuracy,0.5899758454106281,0.5164273581260971,0.6605907278973295,0.590 [0.516; 0.661],blockwise_metrics_long_df,,,
rf,Случайный лес,15.0,alpha_peak,cv_oof,sensitivity,0.6521739130434783,0.5529411764705883,0.7446862787668258,0.652 [0.553; 0.745],blockwise_metrics_long_df,,,
rf,Случайный лес,15.0,alpha_peak,cv_oof,specificity,0.5277777777777778,0.41025641025641024,0.6456068503350705,0.528 [0.410; 0.646],blockwise_metrics_long_df,,,
rf,Случайный лес,15.0,alpha_peak,cv_oof,precision,0.6382978723404256,0.5402072839984502,0.7317314658295097,0.638 [0.540; 0.732],blockwise_metrics_long_df,,,
rf,Случайный лес,15.0,alpha_peak,cv_oof,npv,0.5428571428571428,0.4249914383561644,0.6533793103448273,0.543 [0.425; 0.653],blockwise_metrics_long_df,,,
rf,Случайный лес,15.0,alpha_peak,cv_oof,f1,0.6451612903225806,0.5595238095238095,0.7162825407844498,0.645 [0.560; 0.716],blockwise_metrics_long_df,,,
rf,Случайный лес,15.0,alpha_peak,cv_oof,mcc,0.1805523505400934,0.032566119770874695,0.3219875112276874,0.181 [0.033; 0.322],blockwise_metrics_long_df,,,
svc_rbf,SVM с RBF-ядром,15.0,alpha_peak,cv_oof,roc_auc,0.6841787439613526,0.5974155230713647,0.7636426767676767,0.684 [0.597; 0.764],blockwise_metrics_long_df,,,
svc_rbf,SVM с RBF-ядром,15.0,alpha_peak,cv_oof,pr_auc,0.7108320798490287,0.6156795816254689,0.8111317482985823,0.711 [0.616; 0.811],blockwise_metrics_long_df,,,
svc_rbf,SVM с RBF-ядром,15.0,alpha_peak,cv_oof,accuracy,0.6646341463414634,0.5914634146341463,0.7378048780487805,0.665 [0.591; 0.738],blockwise_metrics_long_df,,,
svc_rbf,SVM с RBF-ядром,15.0,alpha_peak,cv_oof,balanced_accuracy,0.6467391304347826,0.5733667867611139,0.7175016891891892,0.647 [0.573; 0.718],blockwise_metrics_long_df,,,
svc_rbf,SVM с RBF-ядром,15.0,alpha_peak,cv_oof,sensitivity,0.7934782608695652,0.7058823529411765,0.8775566893424036,0.793 [0.706; 0.878],blockwise_metrics_long_df,,,
svc_rbf,SVM с RBF-ядром,15.0,alpha_peak,cv_oof,specificity,0.5,0.38571428571428573,0.6154109589041095,0.500 [0.386; 0.615],blockwise_metrics_long_df,,,
svc_rbf,SVM с RBF-ядром,15.0,alpha_peak,cv_oof,precision,0.6697247706422018,0.5794140553417628,0.7561203555960792,0.670 [0.579; 0.756],blockwise_metrics_long_df,,,
svc_rbf,SVM с RBF-ядром,15.0,alpha_peak,cv_oof,npv,0.6545454545454545,0.5254237288135594,0.7800312499999998,0.655 [0.525; 0.780],blockwise_metrics_long_df,,,
svc_rbf,SVM с RBF-ядром,15.0,alpha_peak,cv_oof,f1,0.7263681592039801,0.6519337016574586,0.7927967615192285,0.726 [0.652; 0.793],blockwise_metrics_long_df,,,
svc_rbf,SVM с RBF-ядром,15.0,alpha_peak,cv_oof,mcc,0.30849029440138903,0.15468542004031482,0.4529582891207331,0.308 [0.155; 0.453],blockwise_metrics_long_df,,,
logreg,Логистическая регрессия,31.0,aper,cv_oof,roc_auc,0.7974033816425121,0.7299724577168858,0.8645212329789561,0.797 [0.730; 0.865],blockwise_metrics_long_df,,,
logreg,Логистическая регрессия,31.0,aper,cv_oof,pr_auc,0.8442136666645946,0.7675784610067692,0.9061103793132789,0.844 [0.768; 0.906],blockwise_metrics_long_df,,,
logreg,Логистическая регрессия,31.0,aper,cv_oof,accuracy,0.7378048780487805,0.670579268292683,0.8048780487804879,0.738 [0.671; 0.805],blockwise_metrics_long_df,,,
logreg,Логистическая регрессия,31.0,aper,cv_oof,balanced_accuracy,0.7376207729468599,0.6679970999044836,0.8042580179593348,0.738 [0.668; 0.804],blockwise_metrics_long_df,,,
logreg,Логистическая регрессия,31.0,aper,cv_oof,sensitivity,0.7391304347826086,0.648936170212766,0.8229166666666666,0.739 [0.649; 0.823],blockwise_metrics_long_df,,,
logreg,Логистическая регрессия,31.0,aper,cv_oof,specificity,0.7361111111111112,0.6249594155844156,0.8333904109589039,0.736 [0.625; 0.833],blockwise_metrics_long_df,,,
logreg,Логистическая регрессия,31.0,aper,cv_oof,precision,0.7816091954022989,0.6947368421052632,0.8636363636363636,0.782 [0.695; 0.864],blockwise_metrics_long_df,,,
logreg,Логистическая регрессия,31.0,aper,cv_oof,npv,0.6883116883116883,0.5782998661311914,0.7848101265822784,0.688 [0.578; 0.785],blockwise_metrics_long_df,,,
logreg,Логистическая регрессия,31.0,aper,cv_oof,f1,0.7597765363128491,0.6857142857142857,0.8253968253968254,0.760 [0.686; 0.825],blockwise_metrics_long_df,,,
logreg,Логистическая регрессия,31.0,aper,cv_oof,mcc,0.4725737267601514,0.3316532180759485,0.6062725927844997,0.473 [0.332; 0.606],blockwise_metrics_long_df,,,
rf,Случайный лес,31.0,aper,cv_oof,roc_auc,0.7820048309178744,0.7104027462136262,0.8526660713568042,0.782 [0.710; 0.853],blockwise_metrics_long_df,,,
rf,Случайный лес,31.0,aper,cv_oof,pr_auc,0.8097723243570876,0.7197517642820367,0.892037152367127,0.810 [0.720; 0.892],blockwise_metrics_long_df,,,
rf,Случайный лес,31.0,aper,cv_oof,accuracy,0.7621951219512195,0.7012195121951219,0.8292682926829268,0.762 [0.701; 0.829],blockwise_metrics_long_df,,,
rf,Случайный лес,31.0,aper,cv_oof,balanced_accuracy,0.7578502415458936,0.6969451817068191,0.826886278515492,0.758 [0.697; 0.827],blockwise_metrics_long_df,,,
rf,Случайный лес,31.0,aper,cv_oof,sensitivity,0.7934782608695652,0.7052631578947368,0.8723456403838131,0.793 [0.705; 0.872],blockwise_metrics_long_df,,,
rf,Случайный лес,31.0,aper,cv_oof,specificity,0.7222222222222222,0.6212121212121212,0.8227848101265823,0.722 [0.621; 0.823],blockwise_metrics_long_df,,,
rf,Случайный лес,31.0,aper,cv_oof,precision,0.7849462365591398,0.6966292134831461,0.8651685393258427,0.785 [0.697; 0.865],blockwise_metrics_long_df,,,
rf,Случайный лес,31.0,aper,cv_oof,npv,0.7323943661971831,0.6231824661439772,0.8307692307692308,0.732 [0.623; 0.831],blockwise_metrics_long_df,,,
rf,Случайный лес,31.0,aper,cv_oof,f1,0.7891891891891892,0.7216315032366339,0.8539356210142727,0.789 [0.722; 0.854],blockwise_metrics_long_df,,,
rf,Случайный лес,31.0,aper,cv_oof,mcc,0.5165198919348917,0.3927422546690476,0.651338282643514,0.517 [0.393; 0.651],blockwise_metrics_long_df,,,
svc_rbf,SVM с RBF-ядром,31.0,aper,cv_oof,roc_auc,0.7787590579710146,0.7019423655440604,0.8492667831454583,0.779 [0.702; 0.849],blockwise_metrics_long_df,,,
svc_rbf,SVM с RBF-ядром,31.0,aper,cv_oof,pr_auc,0.8080552462956896,0.7142158809692875,0.8892760995967389,0.808 [0.714; 0.889],blockwise_metrics_long_df,,,
svc_rbf,SVM с RBF-ядром,31.0,aper,cv_oof,accuracy,0.7134146341463414,0.6402439024390244,0.7804878048780488,0.713 [0.640; 0.780],blockwise_metrics_long_df,,,
svc_rbf,SVM с RBF-ядром,31.0,aper,cv_oof,balanced_accuracy,0.7038043478260869,0.6305380294750041,0.7721996017156862,0.704 [0.631; 0.772],blockwise_metrics_long_df,,,
svc_rbf,SVM с RBF-ядром,31.0,aper,cv_oof,sensitivity,0.782608695652174,0.6947368421052632,0.8645833333333334,0.783 [0.695; 0.865],blockwise_metrics_long_df,,,
svc_rbf,SVM с RBF-ядром,31.0,aper,cv_oof,specificity,0.625,0.5151403743315508,0.7391453245979749,0.625 [0.515; 0.739],blockwise_metrics_long_df,,,
svc_rbf,SVM с RBF-ядром,31.0,aper,cv_oof,precision,0.7272727272727273,0.6336633663366337,0.8144329896907216,0.727 [0.634; 0.814],blockwise_metrics_long_df,,,
svc_rbf,SVM с RBF-ядром,31.0,aper,cv_oof,npv,0.6923076923076923,0.5752971394037066,0.8,0.692 [0.575; 0.800],blockwise_metrics_long_df,,,
svc_rbf,SVM с RBF-ядром,31.0,aper,cv_oof,f1,0.7539267015706806,0.6785714285714286,0.8177451858486341,0.754 [0.679; 0.818],blockwise_metrics_long_df,,,
svc_rbf,SVM с RBF-ядром,31.0,aper,cv_oof,mcc,0.41355123932394,0.2679473688250157,0.549976630268827,0.414 [0.268; 0.550],blockwise_metrics_long_df,,,
logreg,Логистическая регрессия,40.0,burst,cv_oof,roc_auc,0.9151570048309179,0.868050556810043,0.9551126126126126,0.915 [0.868; 0.955],blockwise_metrics_long_df,,,
logreg,Логистическая регрессия,40.0,burst,cv_oof,pr_auc,0.9400641839968956,0.9001696674941728,0.9701475555672604,0.940 [0.900; 0.970],blockwise_metrics_long_df,,,
logreg,Логистическая регрессия,40.0,burst,cv_oof,accuracy,0.8475609756097561,0.7865853658536586,0.9024390243902439,0.848 [0.787; 0.902],blockwise_metrics_long_df,,,
logreg,Логистическая регрессия,40.0,burst,cv_oof,balanced_accuracy,0.8490338164251208,0.7911513326924844,0.9010296291047585,0.849 [0.791; 0.901],blockwise_metrics_long_df,,,
logreg,Логистическая регрессия,40.0,burst,cv_oof,sensitivity,0.8369565217391305,0.7599759036144579,0.9091136363636362,0.837 [0.760; 0.909],blockwise_metrics_long_df,,,
logreg,Логистическая регрессия,40.0,burst,cv_oof,specificity,0.8611111111111112,0.7727128883774453,0.9350754084625051,0.861 [0.773; 0.935],blockwise_metrics_long_df,,,
logreg,Логистическая регрессия,40.0,burst,cv_oof,precision,0.8850574712643678,0.813953488372093,0.9459532112757919,0.885 [0.814; 0.946],blockwise_metrics_long_df,,,
logreg,Логистическая регрессия,40.0,burst,cv_oof,npv,0.8051948051948052,0.7083333333333334,0.8902480788506515,0.805 [0.708; 0.890],blockwise_metrics_long_df,,,
logreg,Логистическая регрессия,40.0,burst,cv_oof,f1,0.8603351955307262,0.8023952095808383,0.9112556561085972,0.860 [0.802; 0.911],blockwise_metrics_long_df,,,
logreg,Логистическая регрессия,40.0,burst,cv_oof,mcc,0.6941489556985198,0.575132219865335,0.8001634221460101,0.694 [0.575; 0.800],blockwise_metrics_long_df,,,
rf,Случайный лес,40.0,burst,cv_oof,roc_auc,0.8778683574879227,0.8208075516070029,0.926658831709266,0.878 [0.821; 0.927],blockwise_metrics_long_df,,,
rf,Случайный лес,40.0,burst,cv_oof,pr_auc,0.8895273790031629,0.8185362384429867,0.9461281732674621,0.890 [0.819; 0.946],blockwise_metrics_long_df,,,
rf,Случайный лес,40.0,burst,cv_oof,accuracy,0.8048780487804879,0.7439024390243902,0.8658536585365854,0.805 [0.744; 0.866],blockwise_metrics_long_df,,,
rf,Случайный лес,40.0,burst,cv_oof,balanced_accuracy,0.8019323671497585,0.7377833662663054,0.8612227852852853,0.802 [0.738; 0.861],blockwise_metrics_long_df,,,
rf,Случайный лес,40.0,burst,cv_oof,sensitivity,0.8260869565217391,0.7469357019916399,0.9010989010989011,0.826 [0.747; 0.901],blockwise_metrics_long_df,,,
rf,Случайный лес,40.0,burst,cv_oof,specificity,0.7777777777777778,0.676923076923077,0.8676539955604884,0.778 [0.677; 0.868],blockwise_metrics_long_df,,,
rf,Случайный лес,40.0,burst,cv_oof,precision,0.8260869565217391,0.7446808510638298,0.896551724137931,0.826 [0.745; 0.897],blockwise_metrics_long_df,,,
rf,Случайный лес,40.0,burst,cv_oof,npv,0.7777777777777778,0.6764705882352942,0.8701508169250103,0.778 [0.676; 0.870],blockwise_metrics_long_df,,,
rf,Случайный лес,40.0,burst,cv_oof,f1,0.8260869565217391,0.7612798036465638,0.8803827751196173,0.826 [0.761; 0.880],blockwise_metrics_long_df,,,
rf,Случайный лес,40.0,burst,cv_oof,mcc,0.6038647342995169,0.47568699470064874,0.7202914756894554,0.604 [0.476; 0.720],blockwise_metrics_long_df,,,
svc_rbf,SVM с RBF-ядром,40.0,burst,cv_oof,roc_auc,0.8962862318840579,0.8469808926705478,0.9404819577352472,0.896 [0.847; 0.940],blockwise_metrics_long_df,,,
svc_rbf,SVM с RBF-ядром,40.0,burst,cv_oof,pr_auc,0.9243846106007131,0.877808130249581,0.957928579530873,0.924 [0.878; 0.958],blockwise_metrics_long_df,,,
svc_rbf,SVM с RBF-ядром,40.0,burst,cv_oof,accuracy,0.7865853658536586,0.7195121951219512,0.8475609756097561,0.787 [0.720; 0.848],blockwise_metrics_long_df,,,
svc_rbf,SVM с RBF-ядром,40.0,burst,cv_oof,balanced_accuracy,0.7856280193236715,0.7186534990202155,0.847910159155139,0.786 [0.719; 0.848],blockwise_metrics_long_df,,,
svc_rbf,SVM с RBF-ядром,40.0,burst,cv_oof,sensitivity,0.7934782608695652,0.7,0.875,0.793 [0.700; 0.875],blockwise_metrics_long_df,,,
svc_rbf,SVM с RBF-ядром,40.0,burst,cv_oof,specificity,0.7777777777777778,0.6769117647058824,0.8689053410893703,0.778 [0.677; 0.869],blockwise_metrics_long_df,,,
svc_rbf,SVM с RBF-ядром,40.0,burst,cv_oof,precision,0.8202247191011236,0.7356148732862484,0.8953609496124031,0.820 [0.736; 0.895],blockwise_metrics_long_df,,,
svc_rbf,SVM с RBF-ядром,40.0,burst,cv_oof,npv,0.7466666666666667,0.641,0.845097508125677,0.747 [0.641; 0.845],blockwise_metrics_long_df,,,
svc_rbf,SVM с RBF-ядром,40.0,burst,cv_oof,f1,0.8066298342541437,0.7341561181434599,0.865188810378779,0.807 [0.734; 0.865],blockwise_metrics_long_df,,,
svc_rbf,SVM с RBF-ядром,40.0,burst,cv_oof,mcc,0.5690695277178445,0.43363184628749313,0.6944536493628977,0.569 [0.434; 0.694],blockwise_metrics_long_df,,,
logreg,Логистическая регрессия,172.0,conn,cv_oof,roc_auc,0.9288949275362319,0.8855580837403094,0.9647174688275232,0.929 [0.886; 0.965],blockwise_metrics_long_df,,,
logreg,Логистическая регрессия,172.0,conn,cv_oof,pr_auc,0.9474582105063329,0.9081327071467165,0.9757322795630907,0.947 [0.908; 0.976],blockwise_metrics_long_df,,,
logreg,Логистическая регрессия,172.0,conn,cv_oof,accuracy,0.8597560975609756,0.8048780487804879,0.9085365853658537,0.860 [0.805; 0.909],blockwise_metrics_long_df,,,
logreg,Логистическая регрессия,172.0,conn,cv_oof,balanced_accuracy,0.8614130434782609,0.8042556333194776,0.9125869429455797,0.861 [0.804; 0.913],blockwise_metrics_long_df,,,
logreg,Логистическая регрессия,172.0,conn,cv_oof,sensitivity,0.8478260869565217,0.7666666666666667,0.9204545454545454,0.848 [0.767; 0.920],blockwise_metrics_long_df,,,
logreg,Логистическая регрессия,172.0,conn,cv_oof,specificity,0.875,0.7910267212325469,0.948068598068598,0.875 [0.791; 0.948],blockwise_metrics_long_df,,,
logreg,Логистическая регрессия,172.0,conn,cv_oof,precision,0.896551724137931,0.8260869565217391,0.956989247311828,0.897 [0.826; 0.957],blockwise_metrics_long_df,,,
logreg,Логистическая регрессия,172.0,conn,cv_oof,npv,0.8181818181818182,0.7272456709956711,0.9024474932249322,0.818 [0.727; 0.902],blockwise_metrics_long_df,,,
logreg,Логистическая регрессия,172.0,conn,cv_oof,f1,0.8715083798882681,0.8098086473853345,0.918918918918919,0.872 [0.810; 0.919],blockwise_metrics_long_df,,,
logreg,Логистическая регрессия,172.0,conn,cv_oof,mcc,0.7187684255805606,0.6029952922934199,0.8187083505180042,0.719 [0.603; 0.819],blockwise_metrics_long_df,,,
rf,Случайный лес,172.0,conn,cv_oof,roc_auc,0.9477657004830918,0.9110921696605858,0.9776421188630491,0.948 [0.911; 0.978],blockwise_metrics_long_df,,,
rf,Случайный лес,172.0,conn,cv_oof,pr_auc,0.9499343084385953,0.902996919995727,0.9831684198494566,0.950 [0.903; 0.983],blockwise_metrics_long_df,,,
rf,Случайный лес,172.0,conn,cv_oof,accuracy,0.8780487804878049,0.8292682926829268,0.926829268292683,0.878 [0.829; 0.927],blockwise_metrics_long_df,,,
rf,Случайный лес,172.0,conn,cv_oof,balanced_accuracy,0.8701690821256038,0.815063904494382,0.9185763068314494,0.870 [0.815; 0.919],blockwise_metrics_long_df,,,
rf,Случайный лес,172.0,conn,cv_oof,sensitivity,0.9347826086956522,0.8791208791208791,0.9789473684210527,0.935 [0.879; 0.979],blockwise_metrics_long_df,,,
rf,Случайный лес,172.0,conn,cv_oof,specificity,0.8055555555555556,0.7066666666666667,0.8904163099315068,0.806 [0.707; 0.890],blockwise_metrics_long_df,,,
rf,Случайный лес,172.0,conn,cv_oof,precision,0.86,0.789461612747465,0.9230952380952381,0.860 [0.789; 0.923],blockwise_metrics_long_df,,,
rf,Случайный лес,172.0,conn,cv_oof,npv,0.90625,0.828125,0.9705882352941176,0.906 [0.828; 0.971],blockwise_metrics_long_df,,,
rf,Случайный лес,172.0,conn,cv_oof,f1,0.8958333333333334,0.8465506715506715,0.9378003946692618,0.896 [0.847; 0.938],blockwise_metrics_long_df,,,
rf,Случайный лес,172.0,conn,cv_oof,mcc,0.7531826593579328,0.6486616011316608,0.8450482074522951,0.753 [0.649; 0.845],blockwise_metrics_long_df,,,
svc_rbf,SVM с RBF-ядром,172.0,conn,cv_oof,roc_auc,0.9627868357487922,0.9295275450296397,0.9871418094749862,0.963 [0.930; 0.987],blockwise_metrics_long_df,,,
svc_rbf,SVM с RBF-ядром,172.0,conn,cv_oof,pr_auc,0.964256757252914,0.924035107763335,0.9909490168513972,0.964 [0.924; 0.991],blockwise_metrics_long_df,,,
svc_rbf,SVM с RBF-ядром,172.0,conn,cv_oof,accuracy,0.8963414634146342,0.8475609756097561,0.9390243902439024,0.896 [0.848; 0.939],blockwise_metrics_long_df,,,
svc_rbf,SVM с RBF-ядром,172.0,conn,cv_oof,balanced_accuracy,0.8910024154589372,0.8371535580524344,0.9362480508789005,0.891 [0.837; 0.936],blockwise_metrics_long_df,,,
svc_rbf,SVM с RBF-ядром,172.0,conn,cv_oof,sensitivity,0.9347826086956522,0.8762886597938144,0.9789473684210527,0.935 [0.876; 0.979],blockwise_metrics_long_df,,,
svc_rbf,SVM с RBF-ядром,172.0,conn,cv_oof,specificity,0.8472222222222222,0.7571332046332047,0.9264972293265131,0.847 [0.757; 0.926],blockwise_metrics_long_df,,,
svc_rbf,SVM с RBF-ядром,172.0,conn,cv_oof,precision,0.8865979381443299,0.8191489361702128,0.946236559139785,0.887 [0.819; 0.946],blockwise_metrics_long_df,,,
svc_rbf,SVM с RBF-ядром,172.0,conn,cv_oof,npv,0.9104477611940298,0.8309859154929577,0.9701602282704126,0.910 [0.831; 0.970],blockwise_metrics_long_df,,,
svc_rbf,SVM с RBF-ядром,172.0,conn,cv_oof,f1,0.91005291005291,0.861878453038674,0.9489795918367347,0.910 [0.862; 0.949],blockwise_metrics_long_df,,,
svc_rbf,SVM с RBF-ядром,172.0,conn,cv_oof,mcc,0.7894894472663413,0.6839330559655906,0.87651041524151,0.789 [0.684; 0.877],blockwise_metrics_long_df,,,
logreg,Логистическая регрессия,10.0,dfa,cv_oof,roc_auc,0.7352053140096618,0.6594120553359685,0.8068554700563666,0.735 [0.659; 0.807],blockwise_metrics_long_df,,,
logreg,Логистическая регрессия,10.0,dfa,cv_oof,pr_auc,0.749708345465108,0.6546340796506637,0.8457663496901888,0.750 [0.655; 0.846],blockwise_metrics_long_df,,,
logreg,Логистическая регрессия,10.0,dfa,cv_oof,accuracy,0.6646341463414634,0.5914634146341463,0.7378048780487805,0.665 [0.591; 0.738],blockwise_metrics_long_df,,,
logreg,Логистическая регрессия,10.0,dfa,cv_oof,balanced_accuracy,0.6618357487922706,0.589135599174822,0.732274141611491,0.662 [0.589; 0.732],blockwise_metrics_long_df,,,
logreg,Логистическая регрессия,10.0,dfa,cv_oof,sensitivity,0.6847826086956522,0.5909090909090909,0.7777777777777778,0.685 [0.591; 0.778],blockwise_metrics_long_df,,,
logreg,Логистическая регрессия,10.0,dfa,cv_oof,specificity,0.6388888888888888,0.529390756302521,0.7432432432432432,0.639 [0.529; 0.743],blockwise_metrics_long_df,,,
logreg,Логистическая регрессия,10.0,dfa,cv_oof,precision,0.7078651685393258,0.6144578313253012,0.8,0.708 [0.614; 0.800],blockwise_metrics_long_df,,,
logreg,Логистическая регрессия,10.0,dfa,cv_oof,npv,0.6133333333333333,0.5,0.7229113823715915,0.613 [0.500; 0.723],blockwise_metrics_long_df,,,
logreg,Логистическая регрессия,10.0,dfa,cv_oof,f1,0.6961325966850829,0.6134969325153374,0.76925,0.696 [0.613; 0.769],blockwise_metrics_long_df,,,
logreg,Логистическая регрессия,10.0,dfa,cv_oof,mcc,0.3224326288126476,0.17685665596285388,0.4637910502013653,0.322 [0.177; 0.464],blockwise_metrics_long_df,,,
rf,Случайный лес,10.0,dfa,cv_oof,roc_auc,0.7225241545893719,0.6389031681522717,0.8025029469730774,0.723 [0.639; 0.803],blockwise_metrics_long_df,,,
rf,Случайный лес,10.0,dfa,cv_oof,pr_auc,0.7024275978659977,0.6068131462375651,0.8106594926478098,0.702 [0.607; 0.811],blockwise_metrics_long_df,,,
rf,Случайный лес,10.0,dfa,cv_oof,accuracy,0.6524390243902439,0.5792682926829268,0.725609756097561,0.652 [0.579; 0.726],blockwise_metrics_long_df,,,
rf,Случайный лес,10.0,dfa,cv_oof,balanced_accuracy,0.6464371980676329,0.5748286401951238,0.7187278091344357,0.646 [0.575; 0.719],blockwise_metrics_long_df,,,
rf,Случайный лес,10.0,dfa,cv_oof,sensitivity,0.6956521739130435,0.6022696725317693,0.7872406914893617,0.696 [0.602; 0.787],blockwise_metrics_long_df,,,
rf,Случайный лес,10.0,dfa,cv_oof,specificity,0.5972222222222222,0.4810126582278481,0.7066666666666667,0.597 [0.481; 0.707],blockwise_metrics_long_df,,,
rf,Случайный лес,10.0,dfa,cv_oof,precision,0.6881720430107527,0.5918367346938775,0.782608695652174,0.688 [0.592; 0.783],blockwise_metrics_long_df,,,
rf,Случайный лес,10.0,dfa,cv_oof,npv,0.6056338028169014,0.492518962564228,0.7164179104477612,0.606 [0.493; 0.716],blockwise_metrics_long_df,,,
rf,Случайный лес,10.0,dfa,cv_oof,f1,0.6918918918918919,0.6153846153846154,0.7632850241545893,0.692 [0.615; 0.763],blockwise_metrics_long_df,,,
rf,Случайный лес,10.0,dfa,cv_oof,mcc,0.2933397512744994,0.15146055790265062,0.4371118954259189,0.293 [0.151; 0.437],blockwise_metrics_long_df,,,
svc_rbf,SVM с RBF-ядром,10.0,dfa,cv_oof,roc_auc,0.7436594202898551,0.6651651651651652,0.8161243741739269,0.744 [0.665; 0.816],blockwise_metrics_long_df,,,
svc_rbf,SVM с RBF-ядром,10.0,dfa,cv_oof,pr_auc,0.7398960928667523,0.6442044795450765,0.84355420808767,0.740 [0.644; 0.844],blockwise_metrics_long_df,,,
svc_rbf,SVM с RBF-ядром,10.0,dfa,cv_oof,accuracy,0.6951219512195121,0.6280487804878049,0.7621951219512195,0.695 [0.628; 0.762],blockwise_metrics_long_df,,,
svc_rbf,SVM с RBF-ядром,10.0,dfa,cv_oof,balanced_accuracy,0.6844806763285024,0.6133160010383272,0.7530696553637057,0.684 [0.613; 0.753],blockwise_metrics_long_df,,,
svc_rbf,SVM с RBF-ядром,10.0,dfa,cv_oof,sensitivity,0.7717391304347826,0.6823529411764706,0.8554250334672021,0.772 [0.682; 0.855],blockwise_metrics_long_df,,,
svc_rbf,SVM с RBF-ядром,10.0,dfa,cv_oof,specificity,0.5972222222222222,0.4782274247491639,0.7096774193548387,0.597 [0.478; 0.710],blockwise_metrics_long_df,,,
svc_rbf,SVM с RBF-ядром,10.0,dfa,cv_oof,precision,0.71,0.6176314142678349,0.7959183673469388,0.710 [0.618; 0.796],blockwise_metrics_long_df,,,
svc_rbf,SVM с RBF-ядром,10.0,dfa,cv_oof,npv,0.671875,0.5555555555555556,0.7869100844510679,0.672 [0.556; 0.787],blockwise_metrics_long_df,,,
svc_rbf,SVM с RBF-ядром,10.0,dfa,cv_oof,f1,0.7395833333333334,0.6630419769397069,0.8020833333333334,0.740 [0.663; 0.802],blockwise_metrics_long_df,,,
svc_rbf,SVM с RBF-ядром,10.0,dfa,cv_oof,mcc,0.37536264671100894,0.22896993903797963,0.5105344190023557,0.375 [0.229; 0.511],blockwise_metrics_long_df,,,
logreg,Логистическая регрессия,14.0,event,cv_oof,roc_auc,0.9643719806763285,0.9288308757409881,0.9904466557233197,0.964 [0.929; 0.990],blockwise_metrics_long_df,,,
logreg,Логистическая регрессия,14.0,event,cv_oof,pr_auc,0.9784422083107989,0.957788169885634,0.9930453054539814,0.978 [0.958; 0.993],blockwise_metrics_long_df,,,
logreg,Логистическая регрессия,14.0,event,cv_oof,accuracy,0.926829268292683,0.8780487804878049,0.9634146341463414,0.927 [0.878; 0.963],blockwise_metrics_long_df,,,
logreg,Логистическая регрессия,14.0,event,cv_oof,balanced_accuracy,0.9302536231884058,0.8860454613879272,0.9664420226757751,0.930 [0.886; 0.966],blockwise_metrics_long_df,,,
logreg,Логистическая регрессия,14.0,event,cv_oof,sensitivity,0.9021739130434783,0.8333333333333334,0.9583333333333334,0.902 [0.833; 0.958],blockwise_metrics_long_df,,,
logreg,Логистическая регрессия,14.0,event,cv_oof,specificity,0.9583333333333334,0.9078896761133604,1.0,0.958 [0.908; 1.000],blockwise_metrics_long_df,,,
logreg,Логистическая регрессия,14.0,event,cv_oof,precision,0.9651162790697675,0.9210376794258373,1.0,0.965 [0.921; 1.000],blockwise_metrics_long_df,,,
logreg,Логистическая регрессия,14.0,event,cv_oof,npv,0.8846153846153846,0.807209483093665,0.9500154320987653,0.885 [0.807; 0.950],blockwise_metrics_long_df,,,
logreg,Логистическая регрессия,14.0,event,cv_oof,f1,0.9325842696629213,0.8876990326263294,0.9680851063829787,0.933 [0.888; 0.968],blockwise_metrics_long_df,,,
logreg,Логистическая регрессия,14.0,event,cv_oof,mcc,0.8551024816224644,0.7678207024907531,0.9279761904761905,0.855 [0.768; 0.928],blockwise_metrics_long_df,,,
rf,Случайный лес,14.0,event,cv_oof,roc_auc,0.980072463768116,0.9599940506050119,0.9954566106315311,0.980 [0.960; 0.995],blockwise_metrics_long_df,,,
rf,Случайный лес,14.0,event,cv_oof,pr_auc,0.9845297037836782,0.9672926097575034,0.9966398226372869,0.985 [0.967; 0.997],blockwise_metrics_long_df,,,
rf,Случайный лес,14.0,event,cv_oof,accuracy,0.9390243902439024,0.8963414634146342,0.975609756097561,0.939 [0.896; 0.976],blockwise_metrics_long_df,,,
rf,Случайный лес,14.0,event,cv_oof,balanced_accuracy,0.9396135265700483,0.8990496263659719,0.9755195552910068,0.940 [0.899; 0.976],blockwise_metrics_long_df,,,
rf,Случайный лес,14.0,event,cv_oof,sensitivity,0.9347826086956522,0.8804347826086957,0.9797979797979798,0.935 [0.880; 0.980],blockwise_metrics_long_df,,,
rf,Случайный лес,14.0,event,cv_oof,specificity,0.9444444444444444,0.8888888888888888,0.9873457278481013,0.944 [0.889; 0.987],blockwise_metrics_long_df,,,
rf,Случайный лес,14.0,event,cv_oof,precision,0.9555555555555556,0.9090647857889237,0.9899015151515151,0.956 [0.909; 0.990],blockwise_metrics_long_df,,,
rf,Случайный лес,14.0,event,cv_oof,npv,0.918918918918919,0.8533235294117648,0.9746835443037974,0.919 [0.853; 0.975],blockwise_metrics_long_df,,,
rf,Случайный лес,14.0,event,cv_oof,f1,0.945054945054945,0.9071006481128479,0.978021978021978,0.945 [0.907; 0.978],blockwise_metrics_long_df,,,
rf,Случайный лес,14.0,event,cv_oof,mcc,0.8768475438971286,0.7937214659445498,0.9509218899818449,0.877 [0.794; 0.951],blockwise_metrics_long_df,,,
svc_rbf,SVM с RBF-ядром,14.0,event,cv_oof,roc_auc,0.9821859903381642,0.9640017169371932,0.9950994944852941,0.982 [0.964; 0.995],blockwise_metrics_long_df,,,
svc_rbf,SVM с RBF-ядром,14.0,event,cv_oof,pr_auc,0.9858310918441333,0.9701101764913834,0.9964930505675172,0.986 [0.970; 0.996],blockwise_metrics_long_df,,,
svc_rbf,SVM с RBF-ядром,14.0,event,cv_oof,accuracy,0.9451219512195121,0.9024390243902439,0.975609756097561,0.945 [0.902; 0.976],blockwise_metrics_long_df,,,
svc_rbf,SVM с RBF-ядром,14.0,event,cv_oof,balanced_accuracy,0.9450483091787439,0.9035170117558152,0.9772298657773861,0.945 [0.904; 0.977],blockwise_metrics_long_df,,,
svc_rbf,SVM с RBF-ядром,14.0,event,cv_oof,sensitivity,0.9456521739130435,0.8924731182795699,0.9891304347826086,0.946 [0.892; 0.989],blockwise_metrics_long_df,,,
svc_rbf,SVM с RBF-ядром,14.0,event,cv_oof,specificity,0.9444444444444444,0.8840579710144928,0.9875,0.944 [0.884; 0.988],blockwise_metrics_long_df,,,
svc_rbf,SVM с RBF-ядром,14.0,event,cv_oof,precision,0.9560439560439561,0.9081632653061225,0.9900990099009901,0.956 [0.908; 0.990],blockwise_metrics_long_df,,,
svc_rbf,SVM с RBF-ядром,14.0,event,cv_oof,npv,0.9315068493150684,0.8630008561643836,0.9859154929577465,0.932 [0.863; 0.986],blockwise_metrics_long_df,,,
svc_rbf,SVM с RBF-ядром,14.0,event,cv_oof,f1,0.9508196721311475,0.9124945175438596,0.9801980198019802,0.951 [0.912; 0.980],blockwise_metrics_long_df,,,
svc_rbf,SVM с RBF-ядром,14.0,event,cv_oof,mcc,0.8888228003772927,0.8035886764217297,0.9515203510686345,0.889 [0.804; 0.952],blockwise_metrics_long_df,,,
logreg,Логистическая регрессия,15.0,spec_shape,cv_oof,roc_auc,0.7664553140096619,0.6881534096119302,0.8415886594600814,0.766 [0.688; 0.842],blockwise_metrics_long_df,,,
logreg,Логистическая регрессия,15.0,spec_shape,cv_oof,pr_auc,0.7862207795501468,0.6873810111577698,0.872423651865268,0.786 [0.687; 0.872],blockwise_metrics_long_df,,,
logreg,Логистическая регрессия,15.0,spec_shape,cv_oof,accuracy,0.7195121951219512,0.6522865853658537,0.786737804878048,0.720 [0.652; 0.787],blockwise_metrics_long_df,,,
logreg,Логистическая регрессия,15.0,spec_shape,cv_oof,balanced_accuracy,0.7182971014492754,0.6479007884673633,0.7904841369263436,0.718 [0.648; 0.790],blockwise_metrics_long_df,,,
logreg,Логистическая регрессия,15.0,spec_shape,cv_oof,sensitivity,0.7282608695652174,0.6333333333333333,0.8119138287455118,0.728 [0.633; 0.812],blockwise_metrics_long_df,,,
logreg,Логистическая регрессия,15.0,spec_shape,cv_oof,specificity,0.7083333333333334,0.6,0.8169057025077293,0.708 [0.600; 0.817],blockwise_metrics_long_df,,,
logreg,Логистическая регрессия,15.0,spec_shape,cv_oof,precision,0.7613636363636364,0.6666666666666666,0.8500265957446806,0.761 [0.667; 0.850],blockwise_metrics_long_df,,,
logreg,Логистическая регрессия,15.0,spec_shape,cv_oof,npv,0.6710526315789473,0.5609756097560976,0.7721662830840045,0.671 [0.561; 0.772],blockwise_metrics_long_df,,,
logreg,Логистическая регрессия,15.0,spec_shape,cv_oof,f1,0.7444444444444445,0.6666666666666666,0.8128430393136276,0.744 [0.667; 0.813],blockwise_metrics_long_df,,,
logreg,Логистическая регрессия,15.0,spec_shape,cv_oof,mcc,0.4345002138351125,0.2939792483906227,0.5733597493182071,0.435 [0.294; 0.573],blockwise_metrics_long_df,,,
rf,Случайный лес,15.0,spec_shape,cv_oof,roc_auc,0.7862318840579711,0.7090534677058198,0.8601827457606783,0.786 [0.709; 0.860],blockwise_metrics_long_df,,,
rf,Случайный лес,15.0,spec_shape,cv_oof,pr_auc,0.7848314184760375,0.6878079398797342,0.8824728604298334,0.785 [0.688; 0.882],blockwise_metrics_long_df,,,
rf,Случайный лес,15.0,spec_shape,cv_oof,accuracy,0.7560975609756098,0.6890243902439024,0.823170731707317,0.756 [0.689; 0.823],blockwise_metrics_long_df,,,
rf,Случайный лес,15.0,spec_shape,cv_oof,balanced_accuracy,0.7524154589371981,0.6851048793366946,0.8212709476889656,0.752 [0.685; 0.821],blockwise_metrics_long_df,,,
rf,Случайный лес,15.0,spec_shape,cv_oof,sensitivity,0.782608695652174,0.7010051546391752,0.8627910539215684,0.783 [0.701; 0.863],blockwise_metrics_long_df,,,
rf,Случайный лес,15.0,spec_shape,cv_oof,specificity,0.7222222222222222,0.6128791526239769,0.819672131147541,0.722 [0.613; 0.820],blockwise_metrics_long_df,,,
rf,Случайный лес,15.0,spec_shape,cv_oof,precision,0.782608695652174,0.6966047874938935,0.8666666666666667,0.783 [0.697; 0.867],blockwise_metrics_long_df,,,
rf,Случайный лес,15.0,spec_shape,cv_oof,npv,0.7222222222222222,0.6119195688225539,0.8225857492854226,0.722 [0.612; 0.823],blockwise_metrics_long_df,,,
rf,Случайный лес,15.0,spec_shape,cv_oof,f1,0.782608695652174,0.7142857142857143,0.8469387755102041,0.783 [0.714; 0.847],blockwise_metrics_long_df,,,
rf,Случайный лес,15.0,spec_shape,cv_oof,mcc,0.5048309178743962,0.370857211863965,0.6416032132015308,0.505 [0.371; 0.642],blockwise_metrics_long_df,,,
svc_rbf,SVM с RBF-ядром,15.0,spec_shape,cv_oof,roc_auc,0.7806461352657005,0.706011161184904,0.8531044042144611,0.781 [0.706; 0.853],blockwise_metrics_long_df,,,
svc_rbf,SVM с RBF-ядром,15.0,spec_shape,cv_oof,pr_auc,0.8152427405787598,0.7244981395239819,0.8945563856851604,0.815 [0.724; 0.895],blockwise_metrics_long_df,,,
svc_rbf,SVM с RBF-ядром,15.0,spec_shape,cv_oof,accuracy,0.7378048780487805,0.6707317073170732,0.8048780487804879,0.738 [0.671; 0.805],blockwise_metrics_long_df,,,
svc_rbf,SVM с RBF-ядром,15.0,spec_shape,cv_oof,balanced_accuracy,0.730072463768116,0.6618286088718559,0.8006079027355624,0.730 [0.662; 0.801],blockwise_metrics_long_df,,,
svc_rbf,SVM с RBF-ядром,15.0,spec_shape,cv_oof,sensitivity,0.7934782608695652,0.7108433734939759,0.8735991379310343,0.793 [0.711; 0.874],blockwise_metrics_long_df,,,
svc_rbf,SVM с RBF-ядром,15.0,spec_shape,cv_oof,specificity,0.6666666666666666,0.5529236172080773,0.7746895848776869,0.667 [0.553; 0.775],blockwise_metrics_long_df,,,
svc_rbf,SVM с RBF-ядром,15.0,spec_shape,cv_oof,precision,0.7525773195876289,0.6603679245283018,0.8367346938775511,0.753 [0.660; 0.837],blockwise_metrics_long_df,,,
svc_rbf,SVM с RBF-ядром,15.0,spec_shape,cv_oof,npv,0.7164179104477612,0.6065573770491803,0.8245614035087719,0.716 [0.607; 0.825],blockwise_metrics_long_df,,,
svc_rbf,SVM с RBF-ядром,15.0,spec_shape,cv_oof,f1,0.7724867724867724,0.7015601492447493,0.8333333333333334,0.772 [0.702; 0.833],blockwise_metrics_long_df,,,
svc_rbf,SVM с RBF-ядром,15.0,spec_shape,cv_oof,mcc,0.4645490029474533,0.3268564529713654,0.6048486997975169,0.465 [0.327; 0.605],blockwise_metrics_long_df,,,
logreg,Логистическая регрессия,5.0,tfr,cv_oof,roc_auc,0.7560386473429952,0.6797892337547511,0.8287535272112488,0.756 [0.680; 0.829],blockwise_metrics_long_df,,,
logreg,Логистическая регрессия,5.0,tfr,cv_oof,pr_auc,0.7991882862735269,0.7113433923000243,0.8812409197070018,0.799 [0.711; 0.881],blockwise_metrics_long_df,,,
logreg,Логистическая регрессия,5.0,tfr,cv_oof,accuracy,0.6585365853658537,0.5853658536585366,0.7317073170731707,0.659 [0.585; 0.732],blockwise_metrics_long_df,,,
logreg,Логистическая регрессия,5.0,tfr,cv_oof,balanced_accuracy,0.6548913043478262,0.5793739335132787,0.7286891385767791,0.655 [0.579; 0.729],blockwise_metrics_long_df,,,
logreg,Логистическая регрессия,5.0,tfr,cv_oof,sensitivity,0.6847826086956522,0.5894590643274853,0.7741935483870968,0.685 [0.589; 0.774],blockwise_metrics_long_df,,,
logreg,Логистическая регрессия,5.0,tfr,cv_oof,specificity,0.625,0.5072412737293326,0.7391304347826086,0.625 [0.507; 0.739],blockwise_metrics_long_df,,,
logreg,Логистическая регрессия,5.0,tfr,cv_oof,precision,0.7,0.6039254887027165,0.7931388757675955,0.700 [0.604; 0.793],blockwise_metrics_long_df,,,
logreg,Логистическая регрессия,5.0,tfr,cv_oof,npv,0.6081081081081081,0.4920426065162907,0.7142857142857143,0.608 [0.492; 0.714],blockwise_metrics_long_df,,,
logreg,Логистическая регрессия,5.0,tfr,cv_oof,f1,0.6923076923076923,0.6107784431137725,0.7634503160966121,0.692 [0.611; 0.763],blockwise_metrics_long_df,,,
logreg,Логистическая регрессия,5.0,tfr,cv_oof,mcc,0.30894422391430426,0.15767401926271193,0.45684009255354574,0.309 [0.158; 0.457],blockwise_metrics_long_df,,,
rf,Случайный лес,5.0,tfr,cv_oof,roc_auc,0.8381642512077295,0.7735538235488115,0.8961077806034644,0.838 [0.774; 0.896],blockwise_metrics_long_df,,,
rf,Случайный лес,5.0,tfr,cv_oof,pr_auc,0.8696711038307274,0.8039993724764346,0.9237076337149424,0.870 [0.804; 0.924],blockwise_metrics_long_df,,,
rf,Случайный лес,5.0,tfr,cv_oof,accuracy,0.7560975609756098,0.6890243902439024,0.8172256097560967,0.756 [0.689; 0.817],blockwise_metrics_long_df,,,
rf,Случайный лес,5.0,tfr,cv_oof,balanced_accuracy,0.7493961352657005,0.6818742637927141,0.8142615423577862,0.749 [0.682; 0.814],blockwise_metrics_long_df,,,
rf,Случайный лес,5.0,tfr,cv_oof,sensitivity,0.8043478260869565,0.723404255319149,0.8800108695652173,0.804 [0.723; 0.880],blockwise_metrics_long_df,,,
rf,Случайный лес,5.0,tfr,cv_oof,specificity,0.6944444444444444,0.5833333333333334,0.8,0.694 [0.583; 0.800],blockwise_metrics_long_df,,,
rf,Случайный лес,5.0,tfr,cv_oof,precision,0.7708333333333334,0.6853932584269663,0.8504672897196262,0.771 [0.685; 0.850],blockwise_metrics_long_df,,,
rf,Случайный лес,5.0,tfr,cv_oof,npv,0.7352941176470589,0.6231884057971014,0.8360655737704918,0.735 [0.623; 0.836],blockwise_metrics_long_df,,,
rf,Случайный лес,5.0,tfr,cv_oof,f1,0.7872340425531915,0.7212786885245902,0.8472988505747125,0.787 [0.721; 0.847],blockwise_metrics_long_df,,,
rf,Случайный лес,5.0,tfr,cv_oof,mcc,0.5024464752118182,0.36715047351895375,0.6320148116220773,0.502 [0.367; 0.632],blockwise_metrics_long_df,,,
svc_rbf,SVM с RBF-ядром,5.0,tfr,cv_oof,roc_auc,0.6251509661835749,0.5394467504340363,0.7041980604638719,0.625 [0.539; 0.704],blockwise_metrics_long_df,,,
svc_rbf,SVM с RBF-ядром,5.0,tfr,cv_oof,pr_auc,0.6999457417360666,0.602820493295173,0.8090140481173783,0.700 [0.603; 0.809],blockwise_metrics_long_df,,,
svc_rbf,SVM с RBF-ядром,5.0,tfr,cv_oof,accuracy,0.573170731707317,0.49390243902439024,0.6524390243902439,0.573 [0.494; 0.652],blockwise_metrics_long_df,,,
svc_rbf,SVM с RBF-ядром,5.0,tfr,cv_oof,balanced_accuracy,0.5320048309178744,0.4724264705882353,0.590808847973759,0.532 [0.472; 0.591],blockwise_metrics_long_df,,,
svc_rbf,SVM с RBF-ядром,5.0,tfr,cv_oof,sensitivity,0.8695652173913043,0.7956928152492668,0.9340838509316769,0.870 [0.796; 0.934],blockwise_metrics_long_df,,,
svc_rbf,SVM с RBF-ядром,5.0,tfr,cv_oof,specificity,0.19444444444444445,0.10604066985645934,0.29310344827586204,0.194 [0.106; 0.293],blockwise_metrics_long_df,,,
svc_rbf,SVM с RBF-ядром,5.0,tfr,cv_oof,precision,0.5797101449275363,0.49285189075630254,0.6640667769160584,0.580 [0.493; 0.664],blockwise_metrics_long_df,,,
svc_rbf,SVM с RBF-ядром,5.0,tfr,cv_oof,npv,0.5384615384615384,0.3225518433179723,0.7307692307692307,0.538 [0.323; 0.731],blockwise_metrics_long_df,,,
svc_rbf,SVM с RBF-ядром,5.0,tfr,cv_oof,f1,0.6956521739130435,0.618817774154097,0.7615162382944809,0.696 [0.619; 0.762],blockwise_metrics_long_df,,,
svc_rbf,SVM с RBF-ядром,5.0,tfr,cv_oof,mcc,0.0869720040719762,-0.07326056475204618,0.239093918556775,0.087 [-0.073; 0.239],blockwise_metrics_long_df,,,
logreg,Логистическая регрессия,61.0,spectral_baseline,cv_oof,roc_auc,0.8310688405797101,0.7662452558453229,0.8878397759172216,0.831 [0.766; 0.888],blockwise_metrics_long_df,,,
logreg,Логистическая регрессия,61.0,spectral_baseline,cv_oof,pr_auc,0.8816277947411733,0.8228889408816051,0.9268029238670136,0.882 [0.823; 0.927],blockwise_metrics_long_df,,,
logreg,Логистическая регрессия,61.0,spectral_baseline,cv_oof,accuracy,0.7621951219512195,0.6951219512195121,0.823170731707317,0.762 [0.695; 0.823],blockwise_metrics_long_df,,,
logreg,Логистическая регрессия,61.0,spectral_baseline,cv_oof,balanced_accuracy,0.7653985507246377,0.696214997385,0.8292805799720694,0.765 [0.696; 0.829],blockwise_metrics_long_df,,,
logreg,Логистическая регрессия,61.0,spectral_baseline,cv_oof,sensitivity,0.7391304347826086,0.6447295321637427,0.8227881065400844,0.739 [0.645; 0.823],blockwise_metrics_long_df,,,
logreg,Логистическая регрессия,61.0,spectral_baseline,cv_oof,specificity,0.7916666666666666,0.6966047874938935,0.8805970149253731,0.792 [0.697; 0.881],blockwise_metrics_long_df,,,
logreg,Логистическая регрессия,61.0,spectral_baseline,cv_oof,precision,0.8192771084337349,0.7317073170731707,0.8987341772151899,0.819 [0.732; 0.899],blockwise_metrics_long_df,,,
logreg,Логистическая регрессия,61.0,spectral_baseline,cv_oof,npv,0.7037037037037037,0.6,0.7957339878447871,0.704 [0.600; 0.796],blockwise_metrics_long_df,,,
logreg,Логистическая регрессия,61.0,spectral_baseline,cv_oof,f1,0.7771428571428571,0.6993865030674846,0.8372287904378328,0.777 [0.699; 0.837],blockwise_metrics_long_df,,,
logreg,Логистическая регрессия,61.0,spectral_baseline,cv_oof,mcc,0.5268744624634415,0.3894148031913653,0.6536342651908366,0.527 [0.389; 0.654],blockwise_metrics_long_df,,,
rf,Случайный лес,61.0,spectral_baseline,cv_oof,roc_auc,0.8121980676328503,0.7473103757944183,0.8766660342407625,0.812 [0.747; 0.877],blockwise_metrics_long_df,,,
rf,Случайный лес,61.0,spectral_baseline,cv_oof,pr_auc,0.8563730246604517,0.7863513171204342,0.9164031825812743,0.856 [0.786; 0.916],blockwise_metrics_long_df,,,
rf,Случайный лес,61.0,spectral_baseline,cv_oof,accuracy,0.75,0.6890243902439024,0.8170731707317073,0.750 [0.689; 0.817],blockwise_metrics_long_df,,,
rf,Случайный лес,61.0,spectral_baseline,cv_oof,balanced_accuracy,0.75,0.6859082983354956,0.8170744842546134,0.750 [0.686; 0.817],blockwise_metrics_long_df,,,
rf,Случайный лес,61.0,spectral_baseline,cv_oof,sensitivity,0.75,0.6666666666666666,0.8369628412537917,0.750 [0.667; 0.837],blockwise_metrics_long_df,,,
rf,Случайный лес,61.0,spectral_baseline,cv_oof,specificity,0.75,0.6499837662337663,0.8481108553893363,0.750 [0.650; 0.848],blockwise_metrics_long_df,,,
rf,Случайный лес,61.0,spectral_baseline,cv_oof,precision,0.7931034482758621,0.7051282051282052,0.875,0.793 [0.705; 0.875],blockwise_metrics_long_df,,,
rf,Случайный лес,61.0,spectral_baseline,cv_oof,npv,0.7012987012987013,0.597217039800995,0.8,0.701 [0.597; 0.800],blockwise_metrics_long_df,,,
rf,Случайный лес,61.0,spectral_baseline,cv_oof,f1,0.770949720670391,0.6989214924212982,0.8361581920903954,0.771 [0.699; 0.836],blockwise_metrics_long_df,,,
rf,Случайный лес,61.0,spectral_baseline,cv_oof,mcc,0.4971931966421923,0.37057670952612537,0.6309267359619783,0.497 [0.371; 0.631],blockwise_metrics_long_df,,,
svc_rbf,SVM с RBF-ядром,61.0,spectral_baseline,cv_oof,roc_auc,0.7933272946859903,0.7194291121660233,0.8604703411588447,0.793 [0.719; 0.860],blockwise_metrics_long_df,,,
svc_rbf,SVM с RBF-ядром,61.0,spectral_baseline,cv_oof,pr_auc,0.8448217874954231,0.7690958573960357,0.9068533354595216,0.845 [0.769; 0.907],blockwise_metrics_long_df,,,
svc_rbf,SVM с RBF-ядром,61.0,spectral_baseline,cv_oof,accuracy,0.7073170731707317,0.6341463414634146,0.774390243902439,0.707 [0.634; 0.774],blockwise_metrics_long_df,,,
svc_rbf,SVM с RBF-ядром,61.0,spectral_baseline,cv_oof,balanced_accuracy,0.6998792270531401,0.6259758766942438,0.7682533053314877,0.700 [0.626; 0.768],blockwise_metrics_long_df,,,
svc_rbf,SVM с RBF-ядром,61.0,spectral_baseline,cv_oof,sensitivity,0.7608695652173914,0.6736690283400809,0.8461538461538461,0.761 [0.674; 0.846],blockwise_metrics_long_df,,,
svc_rbf,SVM с RBF-ядром,61.0,spectral_baseline,cv_oof,specificity,0.6388888888888888,0.5211267605633803,0.7532512008539406,0.639 [0.521; 0.753],blockwise_metrics_long_df,,,
svc_rbf,SVM с RBF-ядром,61.0,spectral_baseline,cv_oof,precision,0.7291666666666666,0.6352941176470588,0.8172068858560795,0.729 [0.635; 0.817],blockwise_metrics_long_df,,,
svc_rbf,SVM с RBF-ядром,61.0,spectral_baseline,cv_oof,npv,0.6764705882352942,0.5555128205128206,0.782608695652174,0.676 [0.556; 0.783],blockwise_metrics_long_df,,,
svc_rbf,SVM с RBF-ядром,61.0,spectral_baseline,cv_oof,f1,0.7446808510638298,0.6704545454545454,0.8095357142857142,0.745 [0.670; 0.810],blockwise_metrics_long_df,,,
svc_rbf,SVM с RBF-ядром,61.0,spectral_baseline,cv_oof,mcc,0.40268712662254674,0.25304752260739055,0.5397869096670566,0.403 [0.253; 0.540],blockwise_metrics_long_df,,,
logreg,Логистическая регрессия,10.0,alpha_peak,cv_oof_topk_train_only,roc_auc,0.7743055555555555,0.6957363442205634,0.8421938328488672,0.774 [0.696; 0.842],topk_metrics_long_df,,,
logreg,Логистическая регрессия,10.0,alpha_peak,cv_oof_topk_train_only,pr_auc,0.8022000648069649,0.713520296247823,0.8830609889991684,0.802 [0.714; 0.883],topk_metrics_long_df,,,
logreg,Логистическая регрессия,10.0,alpha_peak,cv_oof_topk_train_only,accuracy,0.725609756097561,0.6524390243902439,0.7926829268292683,0.726 [0.652; 0.793],topk_metrics_long_df,,,
logreg,Логистическая регрессия,10.0,alpha_peak,cv_oof_topk_train_only,balanced_accuracy,0.7252415458937198,0.6526694310310023,0.7919231052569542,0.725 [0.653; 0.792],topk_metrics_long_df,,,
logreg,Логистическая регрессия,10.0,alpha_peak,cv_oof_topk_train_only,sensitivity,0.7282608695652174,0.6299803370786516,0.8131904761904761,0.728 [0.630; 0.813],topk_metrics_long_df,,,
logreg,Логистическая регрессия,10.0,alpha_peak,cv_oof_topk_train_only,specificity,0.7222222222222222,0.6142619047619048,0.825,0.722 [0.614; 0.825],topk_metrics_long_df,,,
logreg,Логистическая регрессия,10.0,alpha_peak,cv_oof_topk_train_only,precision,0.7701149425287356,0.6794642857142857,0.8571428571428571,0.770 [0.679; 0.857],topk_metrics_long_df,,,
logreg,Логистическая регрессия,10.0,alpha_peak,cv_oof_topk_train_only,npv,0.6753246753246753,0.5616271299699299,0.7777777777777778,0.675 [0.562; 0.778],topk_metrics_long_df,,,
logreg,Логистическая регрессия,10.0,alpha_peak,cv_oof_topk_train_only,f1,0.7486033519553073,0.6705882352941176,0.8139564099567606,0.749 [0.671; 0.814],topk_metrics_long_df,,,
logreg,Логистическая регрессия,10.0,alpha_peak,cv_oof_topk_train_only,mcc,0.44795425687811047,0.30469382834453157,0.5805769190848029,0.448 [0.305; 0.581],topk_metrics_long_df,,,
rf,Случайный лес,10.0,alpha_peak,cv_oof_topk_train_only,roc_auc,0.6358695652173912,0.5480991791423776,0.7132303585049579,0.636 [0.548; 0.713],topk_metrics_long_df,,,
rf,Случайный лес,10.0,alpha_peak,cv_oof_topk_train_only,pr_auc,0.6803064062371926,0.5843831243578091,0.7773926504742315,0.680 [0.584; 0.777],topk_metrics_long_df,,,
rf,Случайный лес,10.0,alpha_peak,cv_oof_topk_train_only,accuracy,0.5975609756097561,0.524390243902439,0.6707317073170732,0.598 [0.524; 0.671],topk_metrics_long_df,,,
rf,Случайный лес,10.0,alpha_peak,cv_oof_topk_train_only,balanced_accuracy,0.5899758454106281,0.5157682078101333,0.6611611320622949,0.590 [0.516; 0.661],topk_metrics_long_df,,,
rf,Случайный лес,10.0,alpha_peak,cv_oof_topk_train_only,sensitivity,0.6521739130434783,0.5499862637362638,0.7471295945433876,0.652 [0.550; 0.747],topk_metrics_long_df,,,
rf,Случайный лес,10.0,alpha_peak,cv_oof_topk_train_only,specificity,0.5277777777777778,0.4177215189873418,0.6438356164383562,0.528 [0.418; 0.644],topk_metrics_long_df,,,
rf,Случайный лес,10.0,alpha_peak,cv_oof_topk_train_only,precision,0.6382978723404256,0.5384615384615384,0.7333510638297871,0.638 [0.538; 0.733],topk_metrics_long_df,,,
rf,Случайный лес,10.0,alpha_peak,cv_oof_topk_train_only,npv,0.5428571428571428,0.42617983109786384,0.6527777777777778,0.543 [0.426; 0.653],topk_metrics_long_df,,,
rf,Случайный лес,10.0,alpha_peak,cv_oof_topk_train_only,f1,0.6451612903225806,0.5575757575757576,0.7179687499999999,0.645 [0.558; 0.718],topk_metrics_long_df,,,
rf,Случайный лес,10.0,alpha_peak,cv_oof_topk_train_only,mcc,0.1805523505400934,0.03150460207066068,0.32449442039836807,0.181 [0.032; 0.324],topk_metrics_long_df,,,
svc_rbf,SVM с RBF-ядром,10.0,alpha_peak,cv_oof_topk_train_only,roc_auc,0.6769323671497585,0.5888444283988838,0.7557401460442195,0.677 [0.589; 0.756],topk_metrics_long_df,,,
svc_rbf,SVM с RBF-ядром,10.0,alpha_peak,cv_oof_topk_train_only,pr_auc,0.7052389002705092,0.6065879810695568,0.8098466289900201,0.705 [0.607; 0.810],topk_metrics_long_df,,,
svc_rbf,SVM с RBF-ядром,10.0,alpha_peak,cv_oof_topk_train_only,accuracy,0.6463414634146342,0.573170731707317,0.7195121951219512,0.646 [0.573; 0.720],topk_metrics_long_df,,,
svc_rbf,SVM с RBF-ядром,10.0,alpha_peak,cv_oof_topk_train_only,balanced_accuracy,0.6334541062801933,0.5600260568588792,0.7051854131404831,0.633 [0.560; 0.705],topk_metrics_long_df,,,
svc_rbf,SVM с RBF-ядром,10.0,alpha_peak,cv_oof_topk_train_only,sensitivity,0.7391304347826086,0.6404494382022472,0.8271711366538952,0.739 [0.640; 0.827],topk_metrics_long_df,,,
svc_rbf,SVM с RBF-ядром,10.0,alpha_peak,cv_oof_topk_train_only,specificity,0.5277777777777778,0.41174456083803385,0.6417910447761194,0.528 [0.412; 0.642],topk_metrics_long_df,,,
svc_rbf,SVM с RBF-ядром,10.0,alpha_peak,cv_oof_topk_train_only,precision,0.6666666666666666,0.5714285714285714,0.7551074685193225,0.667 [0.571; 0.755],topk_metrics_long_df,,,
svc_rbf,SVM с RBF-ядром,10.0,alpha_peak,cv_oof_topk_train_only,npv,0.6129032258064516,0.4838709677419355,0.7321428571428571,0.613 [0.484; 0.732],topk_metrics_long_df,,,
svc_rbf,SVM с RBF-ядром,10.0,alpha_peak,cv_oof_topk_train_only,f1,0.7010309278350515,0.6214689265536724,0.7699542253521127,0.701 [0.621; 0.770],topk_metrics_long_df,,,
svc_rbf,SVM с RBF-ядром,10.0,alpha_peak,cv_oof_topk_train_only,mcc,0.2731657011516992,0.12293690586660042,0.41965074356608917,0.273 [0.123; 0.420],topk_metrics_long_df,,,
logreg,Логистическая регрессия,10.0,aper,cv_oof_topk_train_only,roc_auc,0.8165760869565217,0.753164883243187,0.8778857636071069,0.817 [0.753; 0.878],topk_metrics_long_df,,,
logreg,Логистическая регрессия,10.0,aper,cv_oof_topk_train_only,pr_auc,0.8571651467388285,0.7868308705047972,0.9137349104808207,0.857 [0.787; 0.914],topk_metrics_long_df,,,
logreg,Логистическая регрессия,10.0,aper,cv_oof_topk_train_only,accuracy,0.7378048780487805,0.676829268292683,0.8048780487804879,0.738 [0.677; 0.805],topk_metrics_long_df,,,
logreg,Логистическая регрессия,10.0,aper,cv_oof_topk_train_only,balanced_accuracy,0.7330917874396135,0.6687564607271905,0.8022604030104561,0.733 [0.669; 0.802],topk_metrics_long_df,,,
logreg,Логистическая регрессия,10.0,aper,cv_oof_topk_train_only,sensitivity,0.7717391304347826,0.6842105263157895,0.8584142939592151,0.772 [0.684; 0.858],topk_metrics_long_df,,,
logreg,Логистическая регрессия,10.0,aper,cv_oof_topk_train_only,specificity,0.6944444444444444,0.5920913639733135,0.8,0.694 [0.592; 0.800],topk_metrics_long_df,,,
logreg,Логистическая регрессия,10.0,aper,cv_oof_topk_train_only,precision,0.7634408602150538,0.6781609195402298,0.8476242236024845,0.763 [0.678; 0.848],topk_metrics_long_df,,,
logreg,Логистическая регрессия,10.0,aper,cv_oof_topk_train_only,npv,0.704225352112676,0.5921052631578947,0.803030303030303,0.704 [0.592; 0.803],topk_metrics_long_df,,,
logreg,Логистическая регрессия,10.0,aper,cv_oof_topk_train_only,f1,0.7675675675675676,0.6976744186046512,0.8325084602368865,0.768 [0.698; 0.833],topk_metrics_long_df,,,
logreg,Логистическая регрессия,10.0,aper,cv_oof_topk_train_only,mcc,0.4669243051214712,0.33715200065381,0.6086233496810305,0.467 [0.337; 0.609],topk_metrics_long_df,,,
rf,Случайный лес,10.0,aper,cv_oof_topk_train_only,roc_auc,0.7749094202898551,0.7025992509363296,0.844221111024345,0.775 [0.703; 0.844],topk_metrics_long_df,,,
rf,Случайный лес,10.0,aper,cv_oof_topk_train_only,pr_auc,0.809693061047438,0.7242618726022038,0.8839518349714777,0.810 [0.724; 0.884],topk_metrics_long_df,,,
rf,Случайный лес,10.0,aper,cv_oof_topk_train_only,accuracy,0.7012195121951219,0.6339939024390244,0.774390243902439,0.701 [0.634; 0.774],topk_metrics_long_df,,,
rf,Случайный лес,10.0,aper,cv_oof_topk_train_only,balanced_accuracy,0.697463768115942,0.6267193925123932,0.7685945799916312,0.697 [0.627; 0.769],topk_metrics_long_df,,,
rf,Случайный лес,10.0,aper,cv_oof_topk_train_only,sensitivity,0.7282608695652174,0.6320630585898709,0.8173295454545453,0.728 [0.632; 0.817],topk_metrics_long_df,,,
rf,Случайный лес,10.0,aper,cv_oof_topk_train_only,specificity,0.6666666666666666,0.555518018018018,0.7792255538579068,0.667 [0.556; 0.779],topk_metrics_long_df,,,
rf,Случайный лес,10.0,aper,cv_oof_topk_train_only,precision,0.7362637362637363,0.6404494382022472,0.8279723502304147,0.736 [0.640; 0.828],topk_metrics_long_df,,,
rf,Случайный лес,10.0,aper,cv_oof_topk_train_only,npv,0.6575342465753424,0.5394736842105263,0.7605791465209164,0.658 [0.539; 0.761],topk_metrics_long_df,,,
rf,Случайный лес,10.0,aper,cv_oof_topk_train_only,f1,0.73224043715847,0.6540460094844113,0.8020833333333334,0.732 [0.654; 0.802],topk_metrics_long_df,,,
rf,Случайный лес,10.0,aper,cv_oof_topk_train_only,mcc,0.3943623551199114,0.2518350403760737,0.5385412810550633,0.394 [0.252; 0.539],topk_metrics_long_df,,,
svc_rbf,SVM с RBF-ядром,10.0,aper,cv_oof_topk_train_only,roc_auc,0.7732487922705314,0.7014915429741012,0.8461996132678863,0.773 [0.701; 0.846],topk_metrics_long_df,,,
svc_rbf,SVM с RBF-ядром,10.0,aper,cv_oof_topk_train_only,pr_auc,0.7934996636545848,0.7037973563426543,0.8829817984832452,0.793 [0.704; 0.883],topk_metrics_long_df,,,
svc_rbf,SVM с RBF-ядром,10.0,aper,cv_oof_topk_train_only,accuracy,0.7134146341463414,0.6463414634146342,0.7804878048780488,0.713 [0.646; 0.780],topk_metrics_long_df,,,
svc_rbf,SVM с RBF-ядром,10.0,aper,cv_oof_topk_train_only,balanced_accuracy,0.7053140096618358,0.6369330965365961,0.773688828440025,0.705 [0.637; 0.774],topk_metrics_long_df,,,
svc_rbf,SVM с RBF-ядром,10.0,aper,cv_oof_topk_train_only,sensitivity,0.7717391304347826,0.6818056943056943,0.8571428571428571,0.772 [0.682; 0.857],topk_metrics_long_df,,,
svc_rbf,SVM с RBF-ядром,10.0,aper,cv_oof_topk_train_only,specificity,0.6388888888888888,0.525625,0.7530864197530864,0.639 [0.526; 0.753],topk_metrics_long_df,,,
svc_rbf,SVM с RBF-ядром,10.0,aper,cv_oof_topk_train_only,precision,0.7319587628865979,0.642090367428004,0.8181818181818182,0.732 [0.642; 0.818],topk_metrics_long_df,,,
svc_rbf,SVM с RBF-ядром,10.0,aper,cv_oof_topk_train_only,npv,0.6865671641791045,0.5694444444444444,0.7936507936507936,0.687 [0.569; 0.794],topk_metrics_long_df,,,
svc_rbf,SVM с RBF-ядром,10.0,aper,cv_oof_topk_train_only,f1,0.7513227513227513,0.6783526613143027,0.8155436410182099,0.751 [0.678; 0.816],topk_metrics_long_df,,,
svc_rbf,SVM с RBF-ядром,10.0,aper,cv_oof_topk_train_only,mcc,0.41455816535993206,0.2783268421200359,0.5514601492357124,0.415 [0.278; 0.551],topk_metrics_long_df,,,
logreg,Логистическая регрессия,10.0,burst,cv_oof_topk_train_only,roc_auc,0.8069142512077295,0.738370611986775,0.8700634347047006,0.807 [0.738; 0.870],topk_metrics_long_df,,,
logreg,Логистическая регрессия,10.0,burst,cv_oof_topk_train_only,pr_auc,0.8563827973491785,0.7870150143915711,0.9134625414942983,0.856 [0.787; 0.913],topk_metrics_long_df,,,
logreg,Логистическая регрессия,10.0,burst,cv_oof_topk_train_only,accuracy,0.7439024390243902,0.6766768292682928,0.8109756097560976,0.744 [0.677; 0.811],topk_metrics_long_df,,,
logreg,Логистическая регрессия,10.0,burst,cv_oof_topk_train_only,balanced_accuracy,0.7475845410628019,0.6783646600328664,0.8132307372876414,0.748 [0.678; 0.813],topk_metrics_long_df,,,
logreg,Логистическая регрессия,10.0,burst,cv_oof_topk_train_only,sensitivity,0.717391304347826,0.6210435571687841,0.8023255813953488,0.717 [0.621; 0.802],topk_metrics_long_df,,,
logreg,Логистическая регрессия,10.0,burst,cv_oof_topk_train_only,specificity,0.7777777777777778,0.6811594202898551,0.8684318377911993,0.778 [0.681; 0.868],topk_metrics_long_df,,,
logreg,Логистическая регрессия,10.0,burst,cv_oof_topk_train_only,precision,0.8048780487804879,0.7142857142857143,0.8846264367816091,0.805 [0.714; 0.885],topk_metrics_long_df,,,
logreg,Логистическая регрессия,10.0,burst,cv_oof_topk_train_only,npv,0.6829268292682927,0.5795454545454546,0.7790735427363334,0.683 [0.580; 0.779],topk_metrics_long_df,,,
logreg,Логистическая регрессия,10.0,burst,cv_oof_topk_train_only,f1,0.7586206896551724,0.6790067340067341,0.8258760545100584,0.759 [0.679; 0.826],topk_metrics_long_df,,,
logreg,Логистическая регрессия,10.0,burst,cv_oof_topk_train_only,mcc,0.49147318718299043,0.3541672335046615,0.624728567763868,0.491 [0.354; 0.625],topk_metrics_long_df,,,
rf,Случайный лес,10.0,burst,cv_oof_topk_train_only,roc_auc,0.8439009661835748,0.7764584833180774,0.9006490241935311,0.844 [0.776; 0.901],topk_metrics_long_df,,,
rf,Случайный лес,10.0,burst,cv_oof_topk_train_only,pr_auc,0.8722241948201617,0.8023768937302741,0.9294174175870644,0.872 [0.802; 0.929],topk_metrics_long_df,,,
rf,Случайный лес,10.0,burst,cv_oof_topk_train_only,accuracy,0.774390243902439,0.7134146341463414,0.8353658536585366,0.774 [0.713; 0.835],topk_metrics_long_df,,,
rf,Случайный лес,10.0,burst,cv_oof_topk_train_only,balanced_accuracy,0.7732487922705313,0.708003705481398,0.8367099426593098,0.773 [0.708; 0.837],topk_metrics_long_df,,,
rf,Случайный лес,10.0,burst,cv_oof_topk_train_only,sensitivity,0.782608695652174,0.6922872340425532,0.8666666666666667,0.783 [0.692; 0.867],topk_metrics_long_df,,,
rf,Случайный лес,10.0,burst,cv_oof_topk_train_only,specificity,0.7638888888888888,0.6614556962025316,0.8630292652552926,0.764 [0.661; 0.863],topk_metrics_long_df,,,
rf,Случайный лес,10.0,burst,cv_oof_topk_train_only,precision,0.8089887640449438,0.7233914380927967,0.8865979381443299,0.809 [0.723; 0.887],topk_metrics_long_df,,,
rf,Случайный лес,10.0,burst,cv_oof_topk_train_only,npv,0.7333333333333333,0.6233719179371353,0.8307692307692308,0.733 [0.623; 0.831],topk_metrics_long_df,,,
rf,Случайный лес,10.0,burst,cv_oof_topk_train_only,f1,0.7955801104972375,0.7260904384102507,0.8558035714285712,0.796 [0.726; 0.856],topk_metrics_long_df,,,
rf,Случайный лес,10.0,burst,cv_oof_topk_train_only,mcc,0.5444058378273248,0.412210276234603,0.6722871414746535,0.544 [0.412; 0.672],topk_metrics_long_df,,,
svc_rbf,SVM с RBF-ядром,10.0,burst,cv_oof_topk_train_only,roc_auc,0.8811896135265701,0.8232465223259247,0.9297176159778542,0.881 [0.823; 0.930],topk_metrics_long_df,,,
svc_rbf,SVM с RBF-ядром,10.0,burst,cv_oof_topk_train_only,pr_auc,0.9089074456772993,0.8526719184333529,0.9518193972349335,0.909 [0.853; 0.952],topk_metrics_long_df,,,
svc_rbf,SVM с RBF-ядром,10.0,burst,cv_oof_topk_train_only,accuracy,0.823170731707317,0.7621951219512195,0.8780487804878049,0.823 [0.762; 0.878],topk_metrics_long_df,,,
svc_rbf,SVM с RBF-ядром,10.0,burst,cv_oof_topk_train_only,balanced_accuracy,0.8212560386473431,0.7572580946111557,0.8774424478731614,0.821 [0.757; 0.877],topk_metrics_long_df,,,
svc_rbf,SVM с RBF-ядром,10.0,burst,cv_oof_topk_train_only,sensitivity,0.8369565217391305,0.7594822327283819,0.9052631578947369,0.837 [0.759; 0.905],topk_metrics_long_df,,,
svc_rbf,SVM с RBF-ядром,10.0,burst,cv_oof_topk_train_only,specificity,0.8055555555555556,0.7118214197985753,0.8939593301435406,0.806 [0.712; 0.894],topk_metrics_long_df,,,
svc_rbf,SVM с RBF-ядром,10.0,burst,cv_oof_topk_train_only,precision,0.8461538461538461,0.7666666666666667,0.9166881443298968,0.846 [0.767; 0.917],topk_metrics_long_df,,,
svc_rbf,SVM с RBF-ядром,10.0,burst,cv_oof_topk_train_only,npv,0.7945205479452054,0.6956219806763285,0.8823529411764706,0.795 [0.696; 0.882],topk_metrics_long_df,,,
svc_rbf,SVM с RBF-ядром,10.0,burst,cv_oof_topk_train_only,f1,0.8415300546448088,0.7796610169491526,0.8938641491190373,0.842 [0.780; 0.894],topk_metrics_long_df,,,
svc_rbf,SVM с RBF-ядром,10.0,burst,cv_oof_topk_train_only,mcc,0.641592577748602,0.5152255095500168,0.7519171889842687,0.642 [0.515; 0.752],topk_metrics_long_df,,,
logreg,Логистическая регрессия,10.0,conn,cv_oof_topk_train_only,roc_auc,0.9064009661835749,0.8530286236751756,0.9535850349430313,0.906 [0.853; 0.954],topk_metrics_long_df,,,
logreg,Логистическая регрессия,10.0,conn,cv_oof_topk_train_only,pr_auc,0.9186974002960189,0.8617663457291715,0.9671773730421348,0.919 [0.862; 0.967],topk_metrics_long_df,,,
logreg,Логистическая регрессия,10.0,conn,cv_oof_topk_train_only,accuracy,0.8719512195121951,0.8170731707317073,0.9207317073170732,0.872 [0.817; 0.921],topk_metrics_long_df,,,
logreg,Логистическая регрессия,10.0,conn,cv_oof_topk_train_only,balanced_accuracy,0.8707729468599035,0.8160836726537245,0.9195120533777696,0.871 [0.816; 0.920],topk_metrics_long_df,,,
logreg,Логистическая регрессия,10.0,conn,cv_oof_topk_train_only,sensitivity,0.8804347826086957,0.8089660651458404,0.9417503951230526,0.880 [0.809; 0.942],topk_metrics_long_df,,,
logreg,Логистическая регрессия,10.0,conn,cv_oof_topk_train_only,specificity,0.8611111111111112,0.7746150234741783,0.9384848484848484,0.861 [0.775; 0.938],topk_metrics_long_df,,,
logreg,Логистическая регрессия,10.0,conn,cv_oof_topk_train_only,precision,0.8901098901098901,0.8260743174924166,0.9523949579831932,0.890 [0.826; 0.952],topk_metrics_long_df,,,
logreg,Логистическая регрессия,10.0,conn,cv_oof_topk_train_only,npv,0.8493150684931506,0.7575757575757576,0.9254005706760314,0.849 [0.758; 0.925],topk_metrics_long_df,,,
logreg,Логистическая регрессия,10.0,conn,cv_oof_topk_train_only,f1,0.8852459016393442,0.8323699421965318,0.9297297297297298,0.885 [0.832; 0.930],topk_metrics_long_df,,,
logreg,Логистическая регрессия,10.0,conn,cv_oof_topk_train_only,mcc,0.7404846668000783,0.6281502770048405,0.8383660620118449,0.740 [0.628; 0.838],topk_metrics_long_df,,,
rf,Случайный лес,10.0,conn,cv_oof_topk_train_only,roc_auc,0.9246678743961353,0.8780659429743706,0.9637712913206318,0.925 [0.878; 0.964],topk_metrics_long_df,,,
rf,Случайный лес,10.0,conn,cv_oof_topk_train_only,pr_auc,0.9180472241814326,0.8471389983514614,0.9731322581598659,0.918 [0.847; 0.973],topk_metrics_long_df,,,
rf,Случайный лес,10.0,conn,cv_oof_topk_train_only,accuracy,0.823170731707317,0.7621951219512195,0.8780487804878049,0.823 [0.762; 0.878],topk_metrics_long_df,,,
rf,Случайный лес,10.0,conn,cv_oof_topk_train_only,balanced_accuracy,0.8197463768115942,0.7591521872053277,0.8778588876876549,0.820 [0.759; 0.878],topk_metrics_long_df,,,
rf,Случайный лес,10.0,conn,cv_oof_topk_train_only,sensitivity,0.8478260869565217,0.7722772277227723,0.9166666666666666,0.848 [0.772; 0.917],topk_metrics_long_df,,,
rf,Случайный лес,10.0,conn,cv_oof_topk_train_only,specificity,0.7916666666666666,0.6935483870967742,0.8769298245614034,0.792 [0.694; 0.877],topk_metrics_long_df,,,
rf,Случайный лес,10.0,conn,cv_oof_topk_train_only,precision,0.8387096774193549,0.7634408602150538,0.9081632653061225,0.839 [0.763; 0.908],topk_metrics_long_df,,,
rf,Случайный лес,10.0,conn,cv_oof_topk_train_only,npv,0.8028169014084507,0.7073065601345668,0.8889269406392691,0.803 [0.707; 0.889],topk_metrics_long_df,,,
rf,Случайный лес,10.0,conn,cv_oof_topk_train_only,f1,0.8432432432432433,0.7848031330862297,0.8958333333333334,0.843 [0.785; 0.896],topk_metrics_long_df,,,
rf,Случайный лес,10.0,conn,cv_oof_topk_train_only,mcc,0.640508858968443,0.517938804920418,0.7550583697712887,0.641 [0.518; 0.755],topk_metrics_long_df,,,
svc_rbf,SVM с RBF-ядром,10.0,conn,cv_oof_topk_train_only,roc_auc,0.9409722222222223,0.8984727404219789,0.9737482937482937,0.941 [0.898; 0.974],topk_metrics_long_df,,,
svc_rbf,SVM с RBF-ядром,10.0,conn,cv_oof_topk_train_only,pr_auc,0.9426397602722228,0.8913354369335025,0.982087901610202,0.943 [0.891; 0.982],topk_metrics_long_df,,,
svc_rbf,SVM с RBF-ядром,10.0,conn,cv_oof_topk_train_only,accuracy,0.8780487804878049,0.8292682926829268,0.926829268292683,0.878 [0.829; 0.927],topk_metrics_long_df,,,
svc_rbf,SVM с RBF-ядром,10.0,conn,cv_oof_topk_train_only,balanced_accuracy,0.876207729468599,0.8235090869578029,0.925466313660795,0.876 [0.824; 0.925],topk_metrics_long_df,,,
svc_rbf,SVM с RBF-ядром,10.0,conn,cv_oof_topk_train_only,sensitivity,0.8913043478260869,0.8275862068965517,0.9505071830712482,0.891 [0.828; 0.951],topk_metrics_long_df,,,
svc_rbf,SVM с RBF-ядром,10.0,conn,cv_oof_topk_train_only,specificity,0.8611111111111112,0.7733333333333333,0.935064935064935,0.861 [0.773; 0.935],topk_metrics_long_df,,,
svc_rbf,SVM с RBF-ядром,10.0,conn,cv_oof_topk_train_only,precision,0.8913043478260869,0.8228883044554455,0.9504981053660921,0.891 [0.823; 0.950],topk_metrics_long_df,,,
svc_rbf,SVM с RBF-ядром,10.0,conn,cv_oof_topk_train_only,npv,0.8611111111111112,0.7794069900687548,0.9354838709677419,0.861 [0.779; 0.935],topk_metrics_long_df,,,
svc_rbf,SVM с RBF-ядром,10.0,conn,cv_oof_topk_train_only,f1,0.8913043478260869,0.8421052631578947,0.9346760978807079,0.891 [0.842; 0.935],topk_metrics_long_df,,,
svc_rbf,SVM с RBF-ядром,10.0,conn,cv_oof_topk_train_only,mcc,0.7524154589371981,0.6469701747151837,0.8517327073091959,0.752 [0.647; 0.852],topk_metrics_long_df,,,
logreg,Логистическая регрессия,10.0,dfa,cv_oof_topk_train_only,roc_auc,0.7352053140096618,0.6594120553359685,0.8068554700563666,0.735 [0.659; 0.807],topk_metrics_long_df,,,
logreg,Логистическая регрессия,10.0,dfa,cv_oof_topk_train_only,pr_auc,0.749708345465108,0.6546340796506637,0.8457663496901888,0.750 [0.655; 0.846],topk_metrics_long_df,,,
logreg,Логистическая регрессия,10.0,dfa,cv_oof_topk_train_only,accuracy,0.6646341463414634,0.5914634146341463,0.7378048780487805,0.665 [0.591; 0.738],topk_metrics_long_df,,,
logreg,Логистическая регрессия,10.0,dfa,cv_oof_topk_train_only,balanced_accuracy,0.6618357487922706,0.589135599174822,0.732274141611491,0.662 [0.589; 0.732],topk_metrics_long_df,,,
logreg,Логистическая регрессия,10.0,dfa,cv_oof_topk_train_only,sensitivity,0.6847826086956522,0.5909090909090909,0.7777777777777778,0.685 [0.591; 0.778],topk_metrics_long_df,,,
logreg,Логистическая регрессия,10.0,dfa,cv_oof_topk_train_only,specificity,0.6388888888888888,0.529390756302521,0.7432432432432432,0.639 [0.529; 0.743],topk_metrics_long_df,,,
logreg,Логистическая регрессия,10.0,dfa,cv_oof_topk_train_only,precision,0.7078651685393258,0.6144578313253012,0.8,0.708 [0.614; 0.800],topk_metrics_long_df,,,
logreg,Логистическая регрессия,10.0,dfa,cv_oof_topk_train_only,npv,0.6133333333333333,0.5,0.7229113823715915,0.613 [0.500; 0.723],topk_metrics_long_df,,,
logreg,Логистическая регрессия,10.0,dfa,cv_oof_topk_train_only,f1,0.6961325966850829,0.6134969325153374,0.76925,0.696 [0.613; 0.769],topk_metrics_long_df,,,
logreg,Логистическая регрессия,10.0,dfa,cv_oof_topk_train_only,mcc,0.3224326288126476,0.17685665596285388,0.4637910502013653,0.322 [0.177; 0.464],topk_metrics_long_df,,,
rf,Случайный лес,10.0,dfa,cv_oof_topk_train_only,roc_auc,0.7225241545893719,0.6403051232264415,0.8025292835642888,0.723 [0.640; 0.803],topk_metrics_long_df,,,
rf,Случайный лес,10.0,dfa,cv_oof_topk_train_only,pr_auc,0.7064646752361299,0.6070415923575155,0.8121675921105787,0.706 [0.607; 0.812],topk_metrics_long_df,,,
rf,Случайный лес,10.0,dfa,cv_oof_topk_train_only,accuracy,0.6646341463414634,0.5914634146341463,0.7318597560975602,0.665 [0.591; 0.732],topk_metrics_long_df,,,
rf,Случайный лес,10.0,dfa,cv_oof_topk_train_only,balanced_accuracy,0.658816425120773,0.5871853546910755,0.7323845973782771,0.659 [0.587; 0.732],topk_metrics_long_df,,,
rf,Случайный лес,10.0,dfa,cv_oof_topk_train_only,sensitivity,0.7065217391304348,0.6129032258064516,0.7981249999999998,0.707 [0.613; 0.798],topk_metrics_long_df,,,
rf,Случайный лес,10.0,dfa,cv_oof_topk_train_only,specificity,0.6111111111111112,0.493492774830803,0.7206115040953088,0.611 [0.493; 0.721],topk_metrics_long_df,,,
rf,Случайный лес,10.0,dfa,cv_oof_topk_train_only,precision,0.6989247311827957,0.6046447738308203,0.79,0.699 [0.605; 0.790],topk_metrics_long_df,,,
rf,Случайный лес,10.0,dfa,cv_oof_topk_train_only,npv,0.6197183098591549,0.5084745762711864,0.7342255625879042,0.620 [0.508; 0.734],topk_metrics_long_df,,,
rf,Случайный лес,10.0,dfa,cv_oof_topk_train_only,f1,0.7027027027027027,0.6235100387460374,0.7731958762886598,0.703 [0.624; 0.773],topk_metrics_long_df,,,
rf,Случайный лес,10.0,dfa,cv_oof_topk_train_only,mcc,0.31813754468120964,0.17427755898157962,0.46301203005537694,0.318 [0.174; 0.463],topk_metrics_long_df,,,
svc_rbf,SVM с RBF-ядром,10.0,dfa,cv_oof_topk_train_only,roc_auc,0.7436594202898551,0.6651651651651652,0.8161243741739269,0.744 [0.665; 0.816],topk_metrics_long_df,,,
svc_rbf,SVM с RBF-ядром,10.0,dfa,cv_oof_topk_train_only,pr_auc,0.7398960928667523,0.6442044795450765,0.84355420808767,0.740 [0.644; 0.844],topk_metrics_long_df,,,
svc_rbf,SVM с RBF-ядром,10.0,dfa,cv_oof_topk_train_only,accuracy,0.6951219512195121,0.6280487804878049,0.7621951219512195,0.695 [0.628; 0.762],topk_metrics_long_df,,,
svc_rbf,SVM с RBF-ядром,10.0,dfa,cv_oof_topk_train_only,balanced_accuracy,0.6844806763285024,0.6133160010383272,0.7530696553637057,0.684 [0.613; 0.753],topk_metrics_long_df,,,
svc_rbf,SVM с RBF-ядром,10.0,dfa,cv_oof_topk_train_only,sensitivity,0.7717391304347826,0.6823529411764706,0.8554250334672021,0.772 [0.682; 0.855],topk_metrics_long_df,,,
svc_rbf,SVM с RBF-ядром,10.0,dfa,cv_oof_topk_train_only,specificity,0.5972222222222222,0.4782274247491639,0.7096774193548387,0.597 [0.478; 0.710],topk_metrics_long_df,,,
svc_rbf,SVM с RBF-ядром,10.0,dfa,cv_oof_topk_train_only,precision,0.71,0.6176314142678349,0.7959183673469388,0.710 [0.618; 0.796],topk_metrics_long_df,,,
svc_rbf,SVM с RBF-ядром,10.0,dfa,cv_oof_topk_train_only,npv,0.671875,0.5555555555555556,0.7869100844510679,0.672 [0.556; 0.787],topk_metrics_long_df,,,
svc_rbf,SVM с RBF-ядром,10.0,dfa,cv_oof_topk_train_only,f1,0.7395833333333334,0.6630419769397069,0.8020833333333334,0.740 [0.663; 0.802],topk_metrics_long_df,,,
svc_rbf,SVM с RBF-ядром,10.0,dfa,cv_oof_topk_train_only,mcc,0.37536264671100894,0.22896993903797963,0.5105344190023557,0.375 [0.229; 0.511],topk_metrics_long_df,,,
logreg,Логистическая регрессия,10.0,event,cv_oof_topk_train_only,roc_auc,0.9696557971014493,0.9387813449848025,0.9923447910596347,0.970 [0.939; 0.992],topk_metrics_long_df,,,
logreg,Логистическая регрессия,10.0,event,cv_oof_topk_train_only,pr_auc,0.9810764265821834,0.9622713051643679,0.9943695229057066,0.981 [0.962; 0.994],topk_metrics_long_df,,,
logreg,Логистическая регрессия,10.0,event,cv_oof_topk_train_only,accuracy,0.926829268292683,0.8841463414634146,0.9634146341463414,0.927 [0.884; 0.963],topk_metrics_long_df,,,
logreg,Логистическая регрессия,10.0,event,cv_oof_topk_train_only,balanced_accuracy,0.9302536231884058,0.8870624469677327,0.9673921637378655,0.930 [0.887; 0.967],topk_metrics_long_df,,,
logreg,Логистическая регрессия,10.0,event,cv_oof_topk_train_only,sensitivity,0.9021739130434783,0.8367346938775511,0.9591836734693877,0.902 [0.837; 0.959],topk_metrics_long_df,,,
logreg,Логистическая регрессия,10.0,event,cv_oof_topk_train_only,specificity,0.9583333333333334,0.9078896761133604,1.0,0.958 [0.908; 1.000],topk_metrics_long_df,,,
logreg,Логистическая регрессия,10.0,event,cv_oof_topk_train_only,precision,0.9651162790697675,0.9213259703779367,1.0,0.965 [0.921; 1.000],topk_metrics_long_df,,,
logreg,Логистическая регрессия,10.0,event,cv_oof_topk_train_only,npv,0.8846153846153846,0.8064292114695341,0.9512342051131354,0.885 [0.806; 0.951],topk_metrics_long_df,,,
logreg,Логистическая регрессия,10.0,event,cv_oof_topk_train_only,f1,0.9325842696629213,0.8875,0.968754852484472,0.933 [0.887; 0.969],topk_metrics_long_df,,,
logreg,Логистическая регрессия,10.0,event,cv_oof_topk_train_only,mcc,0.8551024816224644,0.7684606187991404,0.927980859797387,0.855 [0.768; 0.928],topk_metrics_long_df,,,
rf,Случайный лес,10.0,event,cv_oof_topk_train_only,roc_auc,0.9788647342995169,0.957412069941613,0.9952891640623885,0.979 [0.957; 0.995],topk_metrics_long_df,,,
rf,Случайный лес,10.0,event,cv_oof_topk_train_only,pr_auc,0.9840011216835377,0.9665402344135946,0.9963617855496257,0.984 [0.967; 0.996],topk_metrics_long_df,,,
rf,Случайный лес,10.0,event,cv_oof_topk_train_only,accuracy,0.9390243902439024,0.8963414634146342,0.975609756097561,0.939 [0.896; 0.976],topk_metrics_long_df,,,
rf,Случайный лес,10.0,event,cv_oof_topk_train_only,balanced_accuracy,0.9396135265700483,0.8990496263659719,0.9755195552910068,0.940 [0.899; 0.976],topk_metrics_long_df,,,
rf,Случайный лес,10.0,event,cv_oof_topk_train_only,sensitivity,0.9347826086956522,0.8804347826086957,0.9797979797979798,0.935 [0.880; 0.980],topk_metrics_long_df,,,
rf,Случайный лес,10.0,event,cv_oof_topk_train_only,specificity,0.9444444444444444,0.8888888888888888,0.9873457278481013,0.944 [0.889; 0.987],topk_metrics_long_df,,,
rf,Случайный лес,10.0,event,cv_oof_topk_train_only,precision,0.9555555555555556,0.9090647857889237,0.9899015151515151,0.956 [0.909; 0.990],topk_metrics_long_df,,,
rf,Случайный лес,10.0,event,cv_oof_topk_train_only,npv,0.918918918918919,0.8533235294117648,0.9746835443037974,0.919 [0.853; 0.975],topk_metrics_long_df,,,
rf,Случайный лес,10.0,event,cv_oof_topk_train_only,f1,0.945054945054945,0.9071006481128479,0.978021978021978,0.945 [0.907; 0.978],topk_metrics_long_df,,,
rf,Случайный лес,10.0,event,cv_oof_topk_train_only,mcc,0.8768475438971286,0.7937214659445498,0.9509218899818449,0.877 [0.794; 0.951],topk_metrics_long_df,,,
svc_rbf,SVM с RBF-ядром,10.0,event,cv_oof_topk_train_only,roc_auc,0.9841485507246377,0.9667429100352248,0.9967159277504105,0.984 [0.967; 0.997],topk_metrics_long_df,,,
svc_rbf,SVM с RBF-ядром,10.0,event,cv_oof_topk_train_only,pr_auc,0.9868632342780557,0.9705246007246093,0.997536703146571,0.987 [0.971; 0.998],topk_metrics_long_df,,,
svc_rbf,SVM с RBF-ядром,10.0,event,cv_oof_topk_train_only,accuracy,0.9390243902439024,0.8963414634146342,0.975609756097561,0.939 [0.896; 0.976],topk_metrics_long_df,,,
svc_rbf,SVM с RBF-ядром,10.0,event,cv_oof_topk_train_only,balanced_accuracy,0.9381038647342995,0.8959786044881701,0.9743820224719101,0.938 [0.896; 0.974],topk_metrics_long_df,,,
svc_rbf,SVM с RBF-ядром,10.0,event,cv_oof_topk_train_only,sensitivity,0.9456521739130435,0.8924731182795699,0.9891304347826086,0.946 [0.892; 0.989],topk_metrics_long_df,,,
svc_rbf,SVM с RBF-ядром,10.0,event,cv_oof_topk_train_only,specificity,0.9305555555555556,0.8648534127347687,0.9855072463768116,0.931 [0.865; 0.986],topk_metrics_long_df,,,
svc_rbf,SVM с RBF-ядром,10.0,event,cv_oof_topk_train_only,precision,0.9456521739130435,0.8936170212765957,0.9888888888888889,0.946 [0.894; 0.989],topk_metrics_long_df,,,
svc_rbf,SVM с RBF-ядром,10.0,event,cv_oof_topk_train_only,npv,0.9305555555555556,0.8611111111111112,0.9857193158953722,0.931 [0.861; 0.986],topk_metrics_long_df,,,
svc_rbf,SVM с RBF-ядром,10.0,event,cv_oof_topk_train_only,f1,0.9456521739130435,0.9068134243848873,0.9775280898876404,0.946 [0.907; 0.978],topk_metrics_long_df,,,
svc_rbf,SVM с RBF-ядром,10.0,event,cv_oof_topk_train_only,mcc,0.876207729468599,0.7904770278911221,0.9493495750266214,0.876 [0.790; 0.949],topk_metrics_long_df,,,
logreg,Логистическая регрессия,10.0,spec_shape,cv_oof_topk_train_only,roc_auc,0.7610205314009661,0.6839154462558718,0.8356822543601146,0.761 [0.684; 0.836],topk_metrics_long_df,,,
logreg,Логистическая регрессия,10.0,spec_shape,cv_oof_topk_train_only,pr_auc,0.7820037866983762,0.6851973495961227,0.874856831369294,0.782 [0.685; 0.875],topk_metrics_long_df,,,
logreg,Логистическая регрессия,10.0,spec_shape,cv_oof_topk_train_only,accuracy,0.6951219512195121,0.6280487804878049,0.7621951219512195,0.695 [0.628; 0.762],topk_metrics_long_df,,,
logreg,Логистическая регрессия,10.0,spec_shape,cv_oof_topk_train_only,balanced_accuracy,0.6935386473429952,0.6225086999360607,0.7641554307116103,0.694 [0.623; 0.764],topk_metrics_long_df,,,
logreg,Логистическая регрессия,10.0,spec_shape,cv_oof_topk_train_only,sensitivity,0.7065217391304348,0.6143905031892275,0.7956989247311828,0.707 [0.614; 0.796],topk_metrics_long_df,,,
logreg,Логистическая регрессия,10.0,spec_shape,cv_oof_topk_train_only,specificity,0.6805555555555556,0.5714285714285714,0.7887323943661971,0.681 [0.571; 0.789],topk_metrics_long_df,,,
logreg,Логистическая регрессия,10.0,spec_shape,cv_oof_topk_train_only,precision,0.7386363636363636,0.6455361489776047,0.8313253012048193,0.739 [0.646; 0.831],topk_metrics_long_df,,,
logreg,Логистическая регрессия,10.0,spec_shape,cv_oof_topk_train_only,npv,0.6447368421052632,0.5333333333333333,0.7468427178815655,0.645 [0.533; 0.747],topk_metrics_long_df,,,
logreg,Логистическая регрессия,10.0,spec_shape,cv_oof_topk_train_only,f1,0.7222222222222222,0.6451524766437511,0.7914438502673797,0.722 [0.645; 0.791],topk_metrics_long_df,,,
logreg,Логистическая регрессия,10.0,spec_shape,cv_oof_topk_train_only,mcc,0.3852207981581011,0.24373786338551648,0.5248843804124632,0.385 [0.244; 0.525],topk_metrics_long_df,,,
rf,Случайный лес,10.0,spec_shape,cv_oof_topk_train_only,roc_auc,0.7910628019323671,0.7143706265623219,0.8624070233460557,0.791 [0.714; 0.862],topk_metrics_long_df,,,
rf,Случайный лес,10.0,spec_shape,cv_oof_topk_train_only,pr_auc,0.7872120208023516,0.6921960888096406,0.8879089405335936,0.787 [0.692; 0.888],topk_metrics_long_df,,,
rf,Случайный лес,10.0,spec_shape,cv_oof_topk_train_only,accuracy,0.7621951219512195,0.7012195121951219,0.8292682926829268,0.762 [0.701; 0.829],topk_metrics_long_df,,,
rf,Случайный лес,10.0,spec_shape,cv_oof_topk_train_only,balanced_accuracy,0.7593599033816425,0.6932591218305504,0.8271581217714359,0.759 [0.693; 0.827],topk_metrics_long_df,,,
rf,Случайный лес,10.0,spec_shape,cv_oof_topk_train_only,sensitivity,0.782608695652174,0.7,0.8636600378787878,0.783 [0.700; 0.864],topk_metrics_long_df,,,
rf,Случайный лес,10.0,spec_shape,cv_oof_topk_train_only,specificity,0.7361111111111112,0.625,0.837847774244833,0.736 [0.625; 0.838],topk_metrics_long_df,,,
rf,Случайный лес,10.0,spec_shape,cv_oof_topk_train_only,precision,0.7912087912087912,0.7065217391304348,0.8735662431941924,0.791 [0.707; 0.874],topk_metrics_long_df,,,
rf,Случайный лес,10.0,spec_shape,cv_oof_topk_train_only,npv,0.726027397260274,0.620253164556962,0.828125,0.726 [0.620; 0.828],topk_metrics_long_df,,,
rf,Случайный лес,10.0,spec_shape,cv_oof_topk_train_only,f1,0.7868852459016393,0.7192090551834837,0.8488528382095523,0.787 [0.719; 0.849],topk_metrics_long_df,,,
rf,Случайный лес,10.0,spec_shape,cv_oof_topk_train_only,mcc,0.5179774664342567,0.38627284364581704,0.6534069167113591,0.518 [0.386; 0.653],topk_metrics_long_df,,,
svc_rbf,SVM с RBF-ядром,10.0,spec_shape,cv_oof_topk_train_only,roc_auc,0.7800422705314011,0.706957946511167,0.849474863248249,0.780 [0.707; 0.849],topk_metrics_long_df,,,
svc_rbf,SVM с RBF-ядром,10.0,spec_shape,cv_oof_topk_train_only,pr_auc,0.800400460342331,0.7120950362076703,0.8923087318070185,0.800 [0.712; 0.892],topk_metrics_long_df,,,
svc_rbf,SVM с RBF-ядром,10.0,spec_shape,cv_oof_topk_train_only,accuracy,0.7012195121951219,0.6341463414634146,0.774390243902439,0.701 [0.634; 0.774],topk_metrics_long_df,,,
svc_rbf,SVM с RBF-ядром,10.0,spec_shape,cv_oof_topk_train_only,balanced_accuracy,0.6959541062801933,0.6279635258358662,0.7680265654648957,0.696 [0.628; 0.768],topk_metrics_long_df,,,
svc_rbf,SVM с RBF-ядром,10.0,spec_shape,cv_oof_topk_train_only,sensitivity,0.7391304347826086,0.6526201372997712,0.8247632462239269,0.739 [0.653; 0.825],topk_metrics_long_df,,,
svc_rbf,SVM с RBF-ядром,10.0,spec_shape,cv_oof_topk_train_only,specificity,0.6527777777777778,0.5374953358208955,0.7631761695906432,0.653 [0.537; 0.763],topk_metrics_long_df,,,
svc_rbf,SVM с RBF-ядром,10.0,spec_shape,cv_oof_topk_train_only,precision,0.7311827956989247,0.6391533230971704,0.8191758307434854,0.731 [0.639; 0.819],topk_metrics_long_df,,,
svc_rbf,SVM с RBF-ядром,10.0,spec_shape,cv_oof_topk_train_only,npv,0.6619718309859155,0.5428450363196126,0.7681159420289855,0.662 [0.543; 0.768],topk_metrics_long_df,,,
svc_rbf,SVM с RBF-ядром,10.0,spec_shape,cv_oof_topk_train_only,f1,0.7351351351351352,0.6625791827102223,0.8023014290461946,0.735 [0.663; 0.802],topk_metrics_long_df,,,
svc_rbf,SVM с RBF-ядром,10.0,spec_shape,cv_oof_topk_train_only,mcc,0.3925309249013404,0.2570139455082353,0.5342959235441624,0.393 [0.257; 0.534],topk_metrics_long_df,,,
logreg,Логистическая регрессия,5.0,tfr,cv_oof_topk_train_only,roc_auc,0.7560386473429952,0.6797892337547511,0.8287535272112488,0.756 [0.680; 0.829],topk_metrics_long_df,,,
logreg,Логистическая регрессия,5.0,tfr,cv_oof_topk_train_only,pr_auc,0.7991882862735269,0.7113433923000243,0.8812409197070018,0.799 [0.711; 0.881],topk_metrics_long_df,,,
logreg,Логистическая регрессия,5.0,tfr,cv_oof_topk_train_only,accuracy,0.6585365853658537,0.5853658536585366,0.7317073170731707,0.659 [0.585; 0.732],topk_metrics_long_df,,,
logreg,Логистическая регрессия,5.0,tfr,cv_oof_topk_train_only,balanced_accuracy,0.6548913043478262,0.5793739335132787,0.7286891385767791,0.655 [0.579; 0.729],topk_metrics_long_df,,,
logreg,Логистическая регрессия,5.0,tfr,cv_oof_topk_train_only,sensitivity,0.6847826086956522,0.5894590643274853,0.7741935483870968,0.685 [0.589; 0.774],topk_metrics_long_df,,,
logreg,Логистическая регрессия,5.0,tfr,cv_oof_topk_train_only,specificity,0.625,0.5072412737293326,0.7391304347826086,0.625 [0.507; 0.739],topk_metrics_long_df,,,
logreg,Логистическая регрессия,5.0,tfr,cv_oof_topk_train_only,precision,0.7,0.6039254887027165,0.7931388757675955,0.700 [0.604; 0.793],topk_metrics_long_df,,,
logreg,Логистическая регрессия,5.0,tfr,cv_oof_topk_train_only,npv,0.6081081081081081,0.4920426065162907,0.7142857142857143,0.608 [0.492; 0.714],topk_metrics_long_df,,,
logreg,Логистическая регрессия,5.0,tfr,cv_oof_topk_train_only,f1,0.6923076923076923,0.6107784431137725,0.7634503160966121,0.692 [0.611; 0.763],topk_metrics_long_df,,,
logreg,Логистическая регрессия,5.0,tfr,cv_oof_topk_train_only,mcc,0.30894422391430426,0.15767401926271193,0.45684009255354574,0.309 [0.158; 0.457],topk_metrics_long_df,,,
rf,Случайный лес,5.0,tfr,cv_oof_topk_train_only,roc_auc,0.8410326086956521,0.7760410436602871,0.8985137385650462,0.841 [0.776; 0.899],topk_metrics_long_df,,,
rf,Случайный лес,5.0,tfr,cv_oof_topk_train_only,pr_auc,0.8704671404978909,0.8038024710787333,0.9251485706012004,0.870 [0.804; 0.925],topk_metrics_long_df,,,
rf,Случайный лес,5.0,tfr,cv_oof_topk_train_only,accuracy,0.7804878048780488,0.7134146341463414,0.8414634146341463,0.780 [0.713; 0.841],topk_metrics_long_df,,,
rf,Случайный лес,5.0,tfr,cv_oof_topk_train_only,balanced_accuracy,0.7756642512077294,0.7083070813422623,0.8354614568599718,0.776 [0.708; 0.835],topk_metrics_long_df,,,
rf,Случайный лес,5.0,tfr,cv_oof_topk_train_only,sensitivity,0.8152173913043478,0.735632183908046,0.8888888888888888,0.815 [0.736; 0.889],topk_metrics_long_df,,,
rf,Случайный лес,5.0,tfr,cv_oof_topk_train_only,specificity,0.7361111111111112,0.6296146953405019,0.8333333333333334,0.736 [0.630; 0.833],topk_metrics_long_df,,,
rf,Случайный лес,5.0,tfr,cv_oof_topk_train_only,precision,0.7978723404255319,0.7113344788087056,0.8750297619047618,0.798 [0.711; 0.875],topk_metrics_long_df,,,
rf,Случайный лес,5.0,tfr,cv_oof_topk_train_only,npv,0.7571428571428571,0.65,0.8518670309653915,0.757 [0.650; 0.852],topk_metrics_long_df,,,
rf,Случайный лес,5.0,tfr,cv_oof_topk_train_only,f1,0.8064516129032258,0.7431615925058549,0.8640776699029126,0.806 [0.743; 0.864],topk_metrics_long_df,,,
rf,Случайный лес,5.0,tfr,cv_oof_topk_train_only,mcc,0.5531687786681385,0.4204764308108642,0.6693472569701414,0.553 [0.420; 0.669],topk_metrics_long_df,,,
svc_rbf,SVM с RBF-ядром,5.0,tfr,cv_oof_topk_train_only,roc_auc,0.6251509661835749,0.5394467504340363,0.7041980604638719,0.625 [0.539; 0.704],topk_metrics_long_df,,,
svc_rbf,SVM с RBF-ядром,5.0,tfr,cv_oof_topk_train_only,pr_auc,0.6999457417360666,0.602820493295173,0.8090140481173783,0.700 [0.603; 0.809],topk_metrics_long_df,,,
svc_rbf,SVM с RBF-ядром,5.0,tfr,cv_oof_topk_train_only,accuracy,0.573170731707317,0.49390243902439024,0.6524390243902439,0.573 [0.494; 0.652],topk_metrics_long_df,,,
svc_rbf,SVM с RBF-ядром,5.0,tfr,cv_oof_topk_train_only,balanced_accuracy,0.5320048309178744,0.4724264705882353,0.590808847973759,0.532 [0.472; 0.591],topk_metrics_long_df,,,
svc_rbf,SVM с RBF-ядром,5.0,tfr,cv_oof_topk_train_only,sensitivity,0.8695652173913043,0.7956928152492668,0.9340838509316769,0.870 [0.796; 0.934],topk_metrics_long_df,,,
svc_rbf,SVM с RBF-ядром,5.0,tfr,cv_oof_topk_train_only,specificity,0.19444444444444445,0.10604066985645934,0.29310344827586204,0.194 [0.106; 0.293],topk_metrics_long_df,,,
svc_rbf,SVM с RBF-ядром,5.0,tfr,cv_oof_topk_train_only,precision,0.5797101449275363,0.49285189075630254,0.6640667769160584,0.580 [0.493; 0.664],topk_metrics_long_df,,,
svc_rbf,SVM с RBF-ядром,5.0,tfr,cv_oof_topk_train_only,npv,0.5384615384615384,0.3225518433179723,0.7307692307692307,0.538 [0.323; 0.731],topk_metrics_long_df,,,
svc_rbf,SVM с RBF-ядром,5.0,tfr,cv_oof_topk_train_only,f1,0.6956521739130435,0.618817774154097,0.7615162382944809,0.696 [0.619; 0.762],topk_metrics_long_df,,,
svc_rbf,SVM с RBF-ядром,5.0,tfr,cv_oof_topk_train_only,mcc,0.0869720040719762,-0.07326056475204618,0.239093918556775,0.087 [-0.073; 0.239],topk_metrics_long_df,,,
logreg,Логистическая регрессия,10.0,spectral_baseline,cv_oof_topk_train_only,roc_auc,0.8067632850241546,0.7378132425594476,0.8695678286982635,0.807 [0.738; 0.870],topk_metrics_long_df,,,
logreg,Логистическая регрессия,10.0,spectral_baseline,cv_oof_topk_train_only,pr_auc,0.8525634970870596,0.781880401637071,0.9107990773230049,0.853 [0.782; 0.911],topk_metrics_long_df,,,
logreg,Логистическая регрессия,10.0,spectral_baseline,cv_oof_topk_train_only,accuracy,0.7134146341463414,0.6402439024390244,0.7804878048780488,0.713 [0.640; 0.780],topk_metrics_long_df,,,
logreg,Логистическая регрессия,10.0,spectral_baseline,cv_oof_topk_train_only,balanced_accuracy,0.7098429951690821,0.6381064393070813,0.780016192109261,0.710 [0.638; 0.780],topk_metrics_long_df,,,
logreg,Логистическая регрессия,10.0,spectral_baseline,cv_oof_topk_train_only,sensitivity,0.7391304347826086,0.6451242120875046,0.8255940343781597,0.739 [0.645; 0.826],topk_metrics_long_df,,,
logreg,Логистическая регрессия,10.0,spectral_baseline,cv_oof_topk_train_only,specificity,0.6805555555555556,0.5714285714285714,0.7903225806451613,0.681 [0.571; 0.790],topk_metrics_long_df,,,
logreg,Логистическая регрессия,10.0,spectral_baseline,cv_oof_topk_train_only,precision,0.7472527472527473,0.6508932155760738,0.8352941176470589,0.747 [0.651; 0.835],topk_metrics_long_df,,,
logreg,Логистическая регрессия,10.0,spectral_baseline,cv_oof_topk_train_only,npv,0.6712328767123288,0.5595063025210084,0.774656690140845,0.671 [0.560; 0.775],topk_metrics_long_df,,,
logreg,Логистическая регрессия,10.0,spectral_baseline,cv_oof_topk_train_only,f1,0.7431693989071039,0.6666666666666666,0.8102564102564103,0.743 [0.667; 0.810],topk_metrics_long_df,,,
logreg,Логистическая регрессия,10.0,spectral_baseline,cv_oof_topk_train_only,mcc,0.41908537738278046,0.2749975612129893,0.5602713572883903,0.419 [0.275; 0.560],topk_metrics_long_df,,,
rf,Случайный лес,10.0,spectral_baseline,cv_oof_topk_train_only,roc_auc,0.7995169082125604,0.729719165282392,0.862928644937072,0.800 [0.730; 0.863],topk_metrics_long_df,,,
rf,Случайный лес,10.0,spectral_baseline,cv_oof_topk_train_only,pr_auc,0.8467350001426273,0.7735935968603525,0.9075892463699503,0.847 [0.774; 0.908],topk_metrics_long_df,,,
rf,Случайный лес,10.0,spectral_baseline,cv_oof_topk_train_only,accuracy,0.7378048780487805,0.6646341463414634,0.8048780487804879,0.738 [0.665; 0.805],topk_metrics_long_df,,,
rf,Случайный лес,10.0,spectral_baseline,cv_oof_topk_train_only,balanced_accuracy,0.7346014492753623,0.6646236028123332,0.8042576318223866,0.735 [0.665; 0.804],topk_metrics_long_df,,,
rf,Случайный лес,10.0,spectral_baseline,cv_oof_topk_train_only,sensitivity,0.7608695652173914,0.6702127659574468,0.8421052631578947,0.761 [0.670; 0.842],topk_metrics_long_df,,,
rf,Случайный лес,10.0,spectral_baseline,cv_oof_topk_train_only,specificity,0.7083333333333334,0.6029411764705882,0.8095238095238095,0.708 [0.603; 0.810],topk_metrics_long_df,,,
rf,Случайный лес,10.0,spectral_baseline,cv_oof_topk_train_only,precision,0.7692307692307693,0.6744120721191533,0.8539325842696629,0.769 [0.674; 0.854],topk_metrics_long_df,,,
rf,Случайный лес,10.0,spectral_baseline,cv_oof_topk_train_only,npv,0.6986301369863014,0.5845833333333333,0.8,0.699 [0.585; 0.800],topk_metrics_long_df,,,
rf,Случайный лес,10.0,spectral_baseline,cv_oof_topk_train_only,f1,0.7650273224043715,0.6885245901639344,0.8298027871096179,0.765 [0.689; 0.830],topk_metrics_long_df,,,
rf,Случайный лес,10.0,spectral_baseline,cv_oof_topk_train_only,mcc,0.4685314219085186,0.3288788583522559,0.60597611597631,0.469 [0.329; 0.606],topk_metrics_long_df,,,
svc_rbf,SVM с RBF-ядром,10.0,spectral_baseline,cv_oof_topk_train_only,roc_auc,0.7712862318840579,0.6985548857637324,0.8402335215033082,0.771 [0.699; 0.840],topk_metrics_long_df,,,
svc_rbf,SVM с RBF-ядром,10.0,spectral_baseline,cv_oof_topk_train_only,pr_auc,0.813754187867127,0.7325127754011258,0.8875437192261973,0.814 [0.733; 0.888],topk_metrics_long_df,,,
svc_rbf,SVM с RBF-ядром,10.0,spectral_baseline,cv_oof_topk_train_only,accuracy,0.725609756097561,0.6585365853658537,0.7926829268292683,0.726 [0.659; 0.793],topk_metrics_long_df,,,
svc_rbf,SVM с RBF-ядром,10.0,spectral_baseline,cv_oof_topk_train_only,balanced_accuracy,0.7222222222222222,0.6530089643419162,0.7895904121493854,0.722 [0.653; 0.790],topk_metrics_long_df,,,
svc_rbf,SVM с RBF-ядром,10.0,spectral_baseline,cv_oof_topk_train_only,sensitivity,0.75,0.6631550343249427,0.8313286855286314,0.750 [0.663; 0.831],topk_metrics_long_df,,,
svc_rbf,SVM с RBF-ядром,10.0,spectral_baseline,cv_oof_topk_train_only,specificity,0.6944444444444444,0.5843574336111649,0.7974683544303798,0.694 [0.584; 0.797],topk_metrics_long_df,,,
svc_rbf,SVM с RBF-ядром,10.0,spectral_baseline,cv_oof_topk_train_only,precision,0.7582417582417582,0.6666666666666666,0.8444642857142856,0.758 [0.667; 0.844],topk_metrics_long_df,,,
svc_rbf,SVM с RBF-ядром,10.0,spectral_baseline,cv_oof_topk_train_only,npv,0.684931506849315,0.5675675675675675,0.782608695652174,0.685 [0.568; 0.783],topk_metrics_long_df,,,
svc_rbf,SVM с RBF-ядром,10.0,spectral_baseline,cv_oof_topk_train_only,f1,0.7540983606557377,0.6826276858048609,0.8186652519016646,0.754 [0.683; 0.819],topk_metrics_long_df,,,
svc_rbf,SVM с RBF-ядром,10.0,spectral_baseline,cv_oof_topk_train_only,mcc,0.4438083996456495,0.3071642387068347,0.5780217644385712,0.444 [0.307; 0.578],topk_metrics_long_df,,,
logreg,Логистическая регрессия,15.0,alpha_peak,holdout,roc_auc,0.8421052631578947,0.6838235294117647,0.962962962962963,0.842 [0.684; 0.963],holdout_block_metrics_long_df,,,
logreg,Логистическая регрессия,15.0,alpha_peak,holdout,pr_auc,0.8987349879989677,0.7683429991813312,0.9795857397783676,0.899 [0.768; 0.980],holdout_block_metrics_long_df,,,
logreg,Логистическая регрессия,15.0,alpha_peak,holdout,accuracy,0.7272727272727273,0.5757575757575758,0.8787878787878788,0.727 [0.576; 0.879],holdout_block_metrics_long_df,,,
logreg,Логистическая регрессия,15.0,alpha_peak,holdout,balanced_accuracy,0.7161654135338347,0.5442307692307693,0.8786764705882353,0.716 [0.544; 0.879],holdout_block_metrics_long_df,,,
logreg,Логистическая регрессия,15.0,alpha_peak,holdout,sensitivity,0.7894736842105263,0.6,0.9500595238095234,0.789 [0.600; 0.950],holdout_block_metrics_long_df,,,
logreg,Логистическая регрессия,15.0,alpha_peak,holdout,specificity,0.6428571428571429,0.35714285714285715,0.9,0.643 [0.357; 0.900],holdout_block_metrics_long_df,,,
logreg,Логистическая регрессия,15.0,alpha_peak,holdout,precision,0.75,0.5416666666666666,0.9411764705882353,0.750 [0.542; 0.941],holdout_block_metrics_long_df,,,
logreg,Логистическая регрессия,15.0,alpha_peak,holdout,npv,0.6923076923076923,0.4117647058823529,0.9333333333333333,0.692 [0.412; 0.933],holdout_block_metrics_long_df,,,
logreg,Логистическая регрессия,15.0,alpha_peak,holdout,f1,0.7692307692307693,0.5944356120826709,0.9047619047619048,0.769 [0.594; 0.905],holdout_block_metrics_long_df,,,
logreg,Логистическая регрессия,15.0,alpha_peak,holdout,mcc,0.4372908076255168,0.08854009638842687,0.7587132020874267,0.437 [0.089; 0.759],holdout_block_metrics_long_df,,,
rf,Случайный лес,15.0,alpha_peak,holdout,roc_auc,0.8308270676691729,0.6691176470588236,0.9522102591036415,0.831 [0.669; 0.952],holdout_block_metrics_long_df,,,
rf,Случайный лес,15.0,alpha_peak,holdout,pr_auc,0.8831224084683678,0.7402995075795382,0.9735681266205152,0.883 [0.740; 0.974],holdout_block_metrics_long_df,,,
rf,Случайный лес,15.0,alpha_peak,holdout,accuracy,0.7272727272727273,0.5757575757575758,0.8787878787878788,0.727 [0.576; 0.879],holdout_block_metrics_long_df,,,
rf,Случайный лес,15.0,alpha_peak,holdout,balanced_accuracy,0.7161654135338347,0.547748161764706,0.8690476190476191,0.716 [0.548; 0.869],holdout_block_metrics_long_df,,,
rf,Случайный лес,15.0,alpha_peak,holdout,sensitivity,0.7894736842105263,0.5882352941176471,0.95,0.789 [0.588; 0.950],holdout_block_metrics_long_df,,,
rf,Случайный лес,15.0,alpha_peak,holdout,specificity,0.6428571428571429,0.3683014354066986,0.9002272727272715,0.643 [0.368; 0.900],holdout_block_metrics_long_df,,,
rf,Случайный лес,15.0,alpha_peak,holdout,precision,0.75,0.5454545454545454,0.9375,0.750 [0.545; 0.938],holdout_block_metrics_long_df,,,
rf,Случайный лес,15.0,alpha_peak,holdout,npv,0.6923076923076923,0.42857142857142855,0.9230769230769231,0.692 [0.429; 0.923],holdout_block_metrics_long_df,,,
rf,Случайный лес,15.0,alpha_peak,holdout,f1,0.7692307692307693,0.5998648648648649,0.9,0.769 [0.600; 0.900],holdout_block_metrics_long_df,,,
rf,Случайный лес,15.0,alpha_peak,holdout,mcc,0.4372908076255168,0.0965415733660592,0.7454993164109748,0.437 [0.097; 0.745],holdout_block_metrics_long_df,,,
svc_rbf,SVM с RBF-ядром,15.0,alpha_peak,holdout,roc_auc,0.8458646616541353,0.6961538461538462,0.9565217391304347,0.846 [0.696; 0.957],holdout_block_metrics_long_df,,,
svc_rbf,SVM с RBF-ядром,15.0,alpha_peak,holdout,pr_auc,0.9080120172225434,0.7940010569223601,0.9777604775744521,0.908 [0.794; 0.978],holdout_block_metrics_long_df,,,
svc_rbf,SVM с RBF-ядром,15.0,alpha_peak,holdout,accuracy,0.696969696969697,0.5454545454545454,0.8484848484848485,0.697 [0.545; 0.848],holdout_block_metrics_long_df,,,
svc_rbf,SVM с RBF-ядром,15.0,alpha_peak,holdout,balanced_accuracy,0.6710526315789473,0.5172916666666667,0.8273908730158729,0.671 [0.517; 0.827],holdout_block_metrics_long_df,,,
svc_rbf,SVM с RBF-ядром,15.0,alpha_peak,holdout,sensitivity,0.8421052631578947,0.6666666666666666,1.0,0.842 [0.667; 1.000],holdout_block_metrics_long_df,,,
svc_rbf,SVM с RBF-ядром,15.0,alpha_peak,holdout,specificity,0.5,0.23076923076923078,0.7857142857142857,0.500 [0.231; 0.786],holdout_block_metrics_long_df,,,
svc_rbf,SVM с RBF-ядром,15.0,alpha_peak,holdout,precision,0.6956521739130435,0.5,0.875,0.696 [0.500; 0.875],holdout_block_metrics_long_df,,,
svc_rbf,SVM с RBF-ядром,15.0,alpha_peak,holdout,npv,0.7,0.38461538461538464,1.0,0.700 [0.385; 1.000],holdout_block_metrics_long_df,,,
svc_rbf,SVM с RBF-ядром,15.0,alpha_peak,holdout,f1,0.7619047619047619,0.6,0.8888888888888888,0.762 [0.600; 0.889],holdout_block_metrics_long_df,,,
svc_rbf,SVM с RBF-ядром,15.0,alpha_peak,holdout,mcc,0.36790581821373103,0.040309265396747396,0.6864527538069264,0.368 [0.040; 0.686],holdout_block_metrics_long_df,,,
logreg,Логистическая регрессия,31.0,aper,holdout,roc_auc,0.9097744360902256,0.7922610294117647,0.9926470588235294,0.910 [0.792; 0.993],holdout_block_metrics_long_df,,,
logreg,Логистическая регрессия,31.0,aper,holdout,pr_auc,0.9490223484142801,0.8726538048927547,0.9952380952380953,0.949 [0.873; 0.995],holdout_block_metrics_long_df,,,
logreg,Логистическая регрессия,31.0,aper,holdout,accuracy,0.8181818181818182,0.6666666666666666,0.9393939393939394,0.818 [0.667; 0.939],holdout_block_metrics_long_df,,,
logreg,Логистическая регрессия,31.0,aper,holdout,balanced_accuracy,0.8139097744360901,0.6630434782608696,0.9375117481203007,0.814 [0.663; 0.938],holdout_block_metrics_long_df,,,
logreg,Логистическая регрессия,31.0,aper,holdout,sensitivity,0.8421052631578947,0.6666666666666666,1.0,0.842 [0.667; 1.000],holdout_block_metrics_long_df,,,
logreg,Логистическая регрессия,31.0,aper,holdout,specificity,0.7857142857142857,0.5454545454545454,1.0,0.786 [0.545; 1.000],holdout_block_metrics_long_df,,,
logreg,Логистическая регрессия,31.0,aper,holdout,precision,0.8421052631578947,0.6666666666666666,1.0,0.842 [0.667; 1.000],holdout_block_metrics_long_df,,,
logreg,Логистическая регрессия,31.0,aper,holdout,npv,0.7857142857142857,0.5384615384615384,1.0,0.786 [0.538; 1.000],holdout_block_metrics_long_df,,,
logreg,Логистическая регрессия,31.0,aper,holdout,f1,0.8421052631578947,0.6923076923076923,0.9473684210526315,0.842 [0.692; 0.947],holdout_block_metrics_long_df,,,
logreg,Логистическая регрессия,31.0,aper,holdout,mcc,0.6278195488721805,0.33210558207753577,0.8759678038661342,0.628 [0.332; 0.876],holdout_block_metrics_long_df,,,
rf,Случайный лес,31.0,aper,holdout,roc_auc,0.8345864661654135,0.6807692307692308,0.9558823529411764,0.835 [0.681; 0.956],holdout_block_metrics_long_df,,,
rf,Случайный лес,31.0,aper,holdout,pr_auc,0.8902671023785156,0.7635394965173045,0.9748116777013834,0.890 [0.764; 0.975],holdout_block_metrics_long_df,,,
rf,Случайный лес,31.0,aper,holdout,accuracy,0.7878787878787878,0.6363636363636364,0.9090909090909091,0.788 [0.636; 0.909],holdout_block_metrics_long_df,,,
rf,Случайный лес,31.0,aper,holdout,balanced_accuracy,0.7875939849624061,0.6363636363636364,0.925,0.788 [0.636; 0.925],holdout_block_metrics_long_df,,,
rf,Случайный лес,31.0,aper,holdout,sensitivity,0.7894736842105263,0.6,0.95,0.789 [0.600; 0.950],holdout_block_metrics_long_df,,,
rf,Случайный лес,31.0,aper,holdout,specificity,0.7857142857142857,0.5384615384615384,1.0,0.786 [0.538; 1.000],holdout_block_metrics_long_df,,,
rf,Случайный лес,31.0,aper,holdout,precision,0.8333333333333334,0.6363636363636364,1.0,0.833 [0.636; 1.000],holdout_block_metrics_long_df,,,
rf,Случайный лес,31.0,aper,holdout,npv,0.7333333333333333,0.5,0.9334374999999995,0.733 [0.500; 0.933],holdout_block_metrics_long_df,,,
rf,Случайный лес,31.0,aper,holdout,f1,0.8108108108108109,0.6486486486486487,0.9302325581395349,0.811 [0.649; 0.930],holdout_block_metrics_long_df,,,
rf,Случайный лес,31.0,aper,holdout,mcc,0.5709114201205474,0.2713923426088397,0.831038506929733,0.571 [0.271; 0.831],holdout_block_metrics_long_df,,,
svc_rbf,SVM с RBF-ядром,31.0,aper,holdout,roc_auc,0.8308270676691729,0.672709801895965,0.9538636363636362,0.831 [0.673; 0.954],holdout_block_metrics_long_df,,,
svc_rbf,SVM с RBF-ядром,31.0,aper,holdout,pr_auc,0.8932925985806057,0.76777286779125,0.9732780108090667,0.893 [0.768; 0.973],holdout_block_metrics_long_df,,,
svc_rbf,SVM с RBF-ядром,31.0,aper,holdout,accuracy,0.7272727272727273,0.5757575757575758,0.8787878787878788,0.727 [0.576; 0.879],holdout_block_metrics_long_df,,,
svc_rbf,SVM с RBF-ядром,31.0,aper,holdout,balanced_accuracy,0.7161654135338347,0.5454545454545454,0.8636363636363636,0.716 [0.545; 0.864],holdout_block_metrics_long_df,,,
svc_rbf,SVM с RBF-ядром,31.0,aper,holdout,sensitivity,0.7894736842105263,0.6,0.95,0.789 [0.600; 0.950],holdout_block_metrics_long_df,,,
svc_rbf,SVM с RBF-ядром,31.0,aper,holdout,specificity,0.6428571428571429,0.38461538461538464,0.9,0.643 [0.385; 0.900],holdout_block_metrics_long_df,,,
svc_rbf,SVM с RBF-ядром,31.0,aper,holdout,precision,0.75,0.55,0.9375919117647054,0.750 [0.550; 0.938],holdout_block_metrics_long_df,,,
svc_rbf,SVM с RBF-ядром,31.0,aper,holdout,npv,0.6923076923076923,0.4,0.9166666666666666,0.692 [0.400; 0.917],holdout_block_metrics_long_df,,,
svc_rbf,SVM с RBF-ядром,31.0,aper,holdout,f1,0.7692307692307693,0.6045348837209302,0.8947368421052632,0.769 [0.605; 0.895],holdout_block_metrics_long_df,,,
svc_rbf,SVM с RBF-ядром,31.0,aper,holdout,mcc,0.4372908076255168,0.09321701292107766,0.7352060597618595,0.437 [0.093; 0.735],holdout_block_metrics_long_df,,,
logreg,Логистическая регрессия,40.0,burst,holdout,roc_auc,0.9135338345864662,0.7894682470639407,0.9962406015037593,0.914 [0.789; 0.996],holdout_block_metrics_long_df,,,
logreg,Логистическая регрессия,40.0,burst,holdout,pr_auc,0.9435040429398422,0.8535410854413837,0.9976190476190476,0.944 [0.854; 0.998],holdout_block_metrics_long_df,,,
logreg,Логистическая регрессия,40.0,burst,holdout,accuracy,0.8181818181818182,0.6666666666666666,0.9393939393939394,0.818 [0.667; 0.939],holdout_block_metrics_long_df,,,
logreg,Логистическая регрессия,40.0,burst,holdout,balanced_accuracy,0.8045112781954887,0.6557692307692308,0.9345238095238095,0.805 [0.656; 0.935],holdout_block_metrics_long_df,,,
logreg,Логистическая регрессия,40.0,burst,holdout,sensitivity,0.8947368421052632,0.7368421052631579,1.0,0.895 [0.737; 1.000],holdout_block_metrics_long_df,,,
logreg,Логистическая регрессия,40.0,burst,holdout,specificity,0.7142857142857143,0.45454545454545453,0.9285714285714286,0.714 [0.455; 0.929],holdout_block_metrics_long_df,,,
logreg,Логистическая регрессия,40.0,burst,holdout,precision,0.8095238095238095,0.6248511904761905,0.9545454545454546,0.810 [0.625; 0.955],holdout_block_metrics_long_df,,,
logreg,Логистическая регрессия,40.0,burst,holdout,npv,0.8333333333333334,0.6,1.0,0.833 [0.600; 1.000],holdout_block_metrics_long_df,,,
logreg,Логистическая регрессия,40.0,burst,holdout,f1,0.85,0.7058823529411765,0.95,0.850 [0.706; 0.950],holdout_block_metrics_long_df,,,
logreg,Логистическая регрессия,40.0,burst,holdout,mcc,0.625711195790084,0.33646793548347737,0.8759398496240601,0.626 [0.336; 0.876],holdout_block_metrics_long_df,,,
rf,Случайный лес,40.0,burst,holdout,roc_auc,0.8458646616541354,0.6859312825221916,0.9666727941176471,0.846 [0.686; 0.967],holdout_block_metrics_long_df,,,
rf,Случайный лес,40.0,burst,holdout,pr_auc,0.8735804048033151,0.7161118615213743,0.9828330062268649,0.874 [0.716; 0.983],holdout_block_metrics_long_df,,,
rf,Случайный лес,40.0,burst,holdout,accuracy,0.7575757575757576,0.6060606060606061,0.8787878787878788,0.758 [0.606; 0.879],holdout_block_metrics_long_df,,,
rf,Случайный лес,40.0,burst,holdout,balanced_accuracy,0.7330827067669172,0.5772783251231527,0.875,0.733 [0.577; 0.875],holdout_block_metrics_long_df,,,
rf,Случайный лес,40.0,burst,holdout,sensitivity,0.8947368421052632,0.7333333333333333,1.0,0.895 [0.733; 1.000],holdout_block_metrics_long_df,,,
rf,Случайный лес,40.0,burst,holdout,specificity,0.5714285714285714,0.29411764705882354,0.8333333333333334,0.571 [0.294; 0.833],holdout_block_metrics_long_df,,,
rf,Случайный лес,40.0,burst,holdout,precision,0.7391304347826086,0.5416666666666666,0.9090909090909091,0.739 [0.542; 0.909],holdout_block_metrics_long_df,,,
rf,Случайный лес,40.0,burst,holdout,npv,0.8,0.5,1.0,0.800 [0.500; 1.000],holdout_block_metrics_long_df,,,
rf,Случайный лес,40.0,burst,holdout,f1,0.8095238095238095,0.6486089030206678,0.92,0.810 [0.649; 0.920],holdout_block_metrics_long_df,,,
rf,Случайный лес,40.0,burst,holdout,mcc,0.5013222138296994,0.1733739086857661,0.7638714954757801,0.501 [0.173; 0.764],holdout_block_metrics_long_df,,,
svc_rbf,SVM с RBF-ядром,40.0,burst,holdout,roc_auc,0.8834586466165414,0.7576923076923078,0.9774436090225564,0.883 [0.758; 0.977],holdout_block_metrics_long_df,,,
svc_rbf,SVM с RBF-ядром,40.0,burst,holdout,pr_auc,0.9247992309834414,0.8240286665468326,0.9868743416512294,0.925 [0.824; 0.987],holdout_block_metrics_long_df,,,
svc_rbf,SVM с RBF-ядром,40.0,burst,holdout,accuracy,0.7272727272727273,0.5757575757575758,0.8787878787878788,0.727 [0.576; 0.879],holdout_block_metrics_long_df,,,
svc_rbf,SVM с RBF-ядром,40.0,burst,holdout,balanced_accuracy,0.68796992481203,0.55,0.8282608695652174,0.688 [0.550; 0.828],holdout_block_metrics_long_df,,,
svc_rbf,SVM с RBF-ядром,40.0,burst,holdout,sensitivity,0.9473684210526315,0.8181818181818182,1.0,0.947 [0.818; 1.000],holdout_block_metrics_long_df,,,
svc_rbf,SVM с RBF-ядром,40.0,burst,holdout,specificity,0.42857142857142855,0.16666666666666666,0.7,0.429 [0.167; 0.700],holdout_block_metrics_long_df,,,
svc_rbf,SVM с RBF-ядром,40.0,burst,holdout,precision,0.6923076923076923,0.5,0.8621081504702192,0.692 [0.500; 0.862],holdout_block_metrics_long_df,,,
svc_rbf,SVM с RBF-ядром,40.0,burst,holdout,npv,0.8571428571428571,0.5,1.0,0.857 [0.500; 1.000],holdout_block_metrics_long_df,,,
svc_rbf,SVM с RBF-ядром,40.0,burst,holdout,f1,0.8,0.6486486486486487,0.9166666666666666,0.800 [0.649; 0.917],holdout_block_metrics_long_df,,,
svc_rbf,SVM с RBF-ядром,40.0,burst,holdout,mcc,0.4544891164112698,0.13357251625379996,0.7149203529842406,0.454 [0.134; 0.715],holdout_block_metrics_long_df,,,
logreg,Логистическая регрессия,172.0,conn,holdout,roc_auc,0.9887218045112782,0.9523809523809523,1.0,0.989 [0.952; 1.000],holdout_block_metrics_long_df,,,
logreg,Логистическая регрессия,172.0,conn,holdout,pr_auc,0.9916743613419514,0.9628540305010895,1.0000000000000002,0.992 [0.963; 1.000],holdout_block_metrics_long_df,,,
logreg,Логистическая регрессия,172.0,conn,holdout,accuracy,0.9090909090909091,0.7878787878787878,1.0,0.909 [0.788; 1.000],holdout_block_metrics_long_df,,,
logreg,Логистическая регрессия,172.0,conn,holdout,balanced_accuracy,0.9210526315789473,0.825,1.0,0.921 [0.825; 1.000],holdout_block_metrics_long_df,,,
logreg,Логистическая регрессия,172.0,conn,holdout,sensitivity,0.8421052631578947,0.65,1.0,0.842 [0.650; 1.000],holdout_block_metrics_long_df,,,
logreg,Логистическая регрессия,172.0,conn,holdout,specificity,1.0,1.0,1.0,1.000 [1.000; 1.000],holdout_block_metrics_long_df,,,
logreg,Логистическая регрессия,172.0,conn,holdout,precision,1.0,1.0,1.0,1.000 [1.000; 1.000],holdout_block_metrics_long_df,,,
logreg,Логистическая регрессия,172.0,conn,holdout,npv,0.8235294117647058,0.6248511904761905,1.0,0.824 [0.625; 1.000],holdout_block_metrics_long_df,,,
logreg,Логистическая регрессия,172.0,conn,holdout,f1,0.9142857142857143,0.7878787878787878,1.0,0.914 [0.788; 1.000],holdout_block_metrics_long_df,,,
logreg,Логистическая регрессия,172.0,conn,holdout,mcc,0.832765544443563,0.65,1.0,0.833 [0.650; 1.000],holdout_block_metrics_long_df,,,
rf,Случайный лес,172.0,conn,holdout,roc_auc,0.9548872180451128,0.8384615384615385,1.0,0.955 [0.838; 1.000],holdout_block_metrics_long_df,,,
rf,Случайный лес,172.0,conn,holdout,pr_auc,0.9536903939849191,0.8369583338740822,1.0000000000000002,0.954 [0.837; 1.000],holdout_block_metrics_long_df,,,
rf,Случайный лес,172.0,conn,holdout,accuracy,0.9696969696969697,0.9090909090909091,1.0,0.970 [0.909; 1.000],holdout_block_metrics_long_df,,,
rf,Случайный лес,172.0,conn,holdout,balanced_accuracy,0.9642857142857143,0.875,1.0,0.964 [0.875; 1.000],holdout_block_metrics_long_df,,,
rf,Случайный лес,172.0,conn,holdout,sensitivity,1.0,1.0,1.0,1.000 [1.000; 1.000],holdout_block_metrics_long_df,,,
rf,Случайный лес,172.0,conn,holdout,specificity,0.9285714285714286,0.75,1.0,0.929 [0.750; 1.000],holdout_block_metrics_long_df,,,
rf,Случайный лес,172.0,conn,holdout,precision,0.95,0.8333333333333334,1.0,0.950 [0.833; 1.000],holdout_block_metrics_long_df,,,
rf,Случайный лес,172.0,conn,holdout,npv,1.0,1.0,1.0,1.000 [1.000; 1.000],holdout_block_metrics_long_df,,,
rf,Случайный лес,172.0,conn,holdout,f1,0.9743589743589743,0.9090909090909091,1.0,0.974 [0.909; 1.000],holdout_block_metrics_long_df,,,
rf,Случайный лес,172.0,conn,holdout,mcc,0.9392246042043708,0.809840272618458,1.0,0.939 [0.810; 1.000],holdout_block_metrics_long_df,,,
svc_rbf,SVM с RBF-ядром,172.0,conn,holdout,roc_auc,0.981203007518797,0.9360902255639098,1.0,0.981 [0.936; 1.000],holdout_block_metrics_long_df,,,
svc_rbf,SVM с RBF-ядром,172.0,conn,holdout,pr_auc,0.9871289067964968,0.9524553571428572,1.0,0.987 [0.952; 1.000],holdout_block_metrics_long_df,,,
svc_rbf,SVM с RBF-ядром,172.0,conn,holdout,accuracy,0.9393939393939394,0.8484848484848485,1.0,0.939 [0.848; 1.000],holdout_block_metrics_long_df,,,
svc_rbf,SVM с RBF-ядром,172.0,conn,holdout,balanced_accuracy,0.9379699248120301,0.8409090909090909,1.0,0.938 [0.841; 1.000],holdout_block_metrics_long_df,,,
svc_rbf,SVM с RBF-ядром,172.0,conn,holdout,sensitivity,0.9473684210526315,0.8181818181818182,1.0,0.947 [0.818; 1.000],holdout_block_metrics_long_df,,,
svc_rbf,SVM с RBF-ядром,172.0,conn,holdout,specificity,0.9285714285714286,0.7692307692307693,1.0,0.929 [0.769; 1.000],holdout_block_metrics_long_df,,,
svc_rbf,SVM с RBF-ядром,172.0,conn,holdout,precision,0.9473684210526315,0.8333333333333334,1.0,0.947 [0.833; 1.000],holdout_block_metrics_long_df,,,
svc_rbf,SVM с RBF-ядром,172.0,conn,holdout,npv,0.9285714285714286,0.7647058823529411,1.0,0.929 [0.765; 1.000],holdout_block_metrics_long_df,,,
svc_rbf,SVM с RBF-ядром,172.0,conn,holdout,f1,0.9473684210526315,0.8571428571428571,1.0,0.947 [0.857; 1.000],holdout_block_metrics_long_df,,,
svc_rbf,SVM с RBF-ядром,172.0,conn,holdout,mcc,0.8759398496240601,0.693687975619296,1.0,0.876 [0.694; 1.000],holdout_block_metrics_long_df,,,
logreg,Логистическая регрессия,10.0,dfa,holdout,roc_auc,0.8007518796992481,0.6307692307692307,0.9448529411764706,0.801 [0.631; 0.945],holdout_block_metrics_long_df,,,
logreg,Логистическая регрессия,10.0,dfa,holdout,pr_auc,0.8617061445289815,0.7015932241525693,0.9673254682253932,0.862 [0.702; 0.967],holdout_block_metrics_long_df,,,
logreg,Логистическая регрессия,10.0,dfa,holdout,accuracy,0.7575757575757576,0.6060606060606061,0.9090909090909091,0.758 [0.606; 0.909],holdout_block_metrics_long_df,,,
logreg,Логистическая регрессия,10.0,dfa,holdout,balanced_accuracy,0.7424812030075187,0.5833333333333333,0.8929315476190471,0.742 [0.583; 0.893],holdout_block_metrics_long_df,,,
logreg,Логистическая регрессия,10.0,dfa,holdout,sensitivity,0.8421052631578947,0.6666666666666666,1.0,0.842 [0.667; 1.000],holdout_block_metrics_long_df,,,
logreg,Логистическая регрессия,10.0,dfa,holdout,specificity,0.6428571428571429,0.36363636363636365,0.8823529411764706,0.643 [0.364; 0.882],holdout_block_metrics_long_df,,,
logreg,Логистическая регрессия,10.0,dfa,holdout,precision,0.7619047619047619,0.5555555555555556,0.9411764705882353,0.762 [0.556; 0.941],holdout_block_metrics_long_df,,,
logreg,Логистическая регрессия,10.0,dfa,holdout,npv,0.75,0.5,1.0,0.750 [0.500; 1.000],holdout_block_metrics_long_df,,,
logreg,Логистическая регрессия,10.0,dfa,holdout,f1,0.8,0.6285714285714286,0.9189459459459458,0.800 [0.629; 0.919],holdout_block_metrics_long_df,,,
logreg,Логистическая регрессия,10.0,dfa,holdout,mcc,0.49825150775877064,0.17328432214632508,0.7926290870042667,0.498 [0.173; 0.793],holdout_block_metrics_long_df,,,
rf,Случайный лес,10.0,dfa,holdout,roc_auc,0.6466165413533834,0.4264705882352941,0.8531798245614035,0.647 [0.426; 0.853],holdout_block_metrics_long_df,,,
rf,Случайный лес,10.0,dfa,holdout,pr_auc,0.6454434374383748,0.4530014870063151,0.9038882304867446,0.645 [0.453; 0.904],holdout_block_metrics_long_df,,,
rf,Случайный лес,10.0,dfa,holdout,accuracy,0.6666666666666666,0.5151515151515151,0.8181818181818182,0.667 [0.515; 0.818],holdout_block_metrics_long_df,,,
rf,Случайный лес,10.0,dfa,holdout,balanced_accuracy,0.6353383458646616,0.47727272727272724,0.7859464285714273,0.635 [0.477; 0.786],holdout_block_metrics_long_df,,,
rf,Случайный лес,10.0,dfa,holdout,sensitivity,0.8421052631578947,0.6666666666666666,1.0,0.842 [0.667; 1.000],holdout_block_metrics_long_df,,,
rf,Случайный лес,10.0,dfa,holdout,specificity,0.42857142857142855,0.17622549019607844,0.7142857142857143,0.429 [0.176; 0.714],holdout_block_metrics_long_df,,,
rf,Случайный лес,10.0,dfa,holdout,precision,0.6666666666666666,0.46153846153846156,0.8636363636363636,0.667 [0.462; 0.864],holdout_block_metrics_long_df,,,
rf,Случайный лес,10.0,dfa,holdout,npv,0.6666666666666666,0.3333333333333333,1.0,0.667 [0.333; 1.000],holdout_block_metrics_long_df,,,
rf,Случайный лес,10.0,dfa,holdout,f1,0.7441860465116279,0.5714285714285714,0.875,0.744 [0.571; 0.875],holdout_block_metrics_long_df,,,
rf,Случайный лес,10.0,dfa,holdout,mcc,0.30037570459305535,-0.04950737714883372,0.6196773353931867,0.300 [-0.050; 0.620],holdout_block_metrics_long_df,,,
svc_rbf,SVM с RBF-ядром,10.0,dfa,holdout,roc_auc,0.763157894736842,0.5676303361710061,0.9231203007518795,0.763 [0.568; 0.923],holdout_block_metrics_long_df,,,
svc_rbf,SVM с RBF-ядром,10.0,dfa,holdout,pr_auc,0.8012943843994456,0.6223138502138922,0.9567361683347708,0.801 [0.622; 0.957],holdout_block_metrics_long_df,,,
svc_rbf,SVM с RBF-ядром,10.0,dfa,holdout,accuracy,0.6666666666666666,0.5151515151515151,0.8181818181818182,0.667 [0.515; 0.818],holdout_block_metrics_long_df,,,
svc_rbf,SVM с RBF-ядром,10.0,dfa,holdout,balanced_accuracy,0.6447368421052632,0.4793233082706767,0.8055555555555556,0.645 [0.479; 0.806],holdout_block_metrics_long_df,,,
svc_rbf,SVM с RBF-ядром,10.0,dfa,holdout,sensitivity,0.7894736842105263,0.5789473684210527,0.9523809523809523,0.789 [0.579; 0.952],holdout_block_metrics_long_df,,,
svc_rbf,SVM с RBF-ядром,10.0,dfa,holdout,specificity,0.5,0.2495192307692308,0.7692307692307693,0.500 [0.250; 0.769],holdout_block_metrics_long_df,,,
svc_rbf,SVM с RBF-ядром,10.0,dfa,holdout,precision,0.6818181818181818,0.47619047619047616,0.8695652173913043,0.682 [0.476; 0.870],holdout_block_metrics_long_df,,,
svc_rbf,SVM с RBF-ядром,10.0,dfa,holdout,npv,0.6363636363636364,0.3333333333333333,0.9090909090909091,0.636 [0.333; 0.909],holdout_block_metrics_long_df,,,
svc_rbf,SVM с RBF-ядром,10.0,dfa,holdout,f1,0.7317073170731707,0.5454545454545454,0.8679245283018868,0.732 [0.545; 0.868],holdout_block_metrics_long_df,,,
svc_rbf,SVM с RBF-ядром,10.0,dfa,holdout,mcc,0.303488489333442,-0.043355498476206,0.6203855298918347,0.303 [-0.043; 0.620],holdout_block_metrics_long_df,,,
logreg,Логистическая регрессия,14.0,event,holdout,roc_auc,0.8834586466165413,0.7360967630853995,0.9846153846153847,0.883 [0.736; 0.985],holdout_block_metrics_long_df,,,
logreg,Логистическая регрессия,14.0,event,holdout,pr_auc,0.9342906955445656,0.8377845933682332,0.9902580741626796,0.934 [0.838; 0.990],holdout_block_metrics_long_df,,,
logreg,Логистическая регрессия,14.0,event,holdout,accuracy,0.8181818181818182,0.6666666666666666,0.9393939393939394,0.818 [0.667; 0.939],holdout_block_metrics_long_df,,,
logreg,Логистическая регрессия,14.0,event,holdout,balanced_accuracy,0.8233082706766917,0.6805555555555556,0.9444444444444444,0.823 [0.681; 0.944],holdout_block_metrics_long_df,,,
logreg,Логистическая регрессия,14.0,event,holdout,sensitivity,0.7894736842105263,0.5833333333333334,0.95,0.789 [0.583; 0.950],holdout_block_metrics_long_df,,,
logreg,Логистическая регрессия,14.0,event,holdout,specificity,0.8571428571428571,0.6428571428571429,1.0,0.857 [0.643; 1.000],holdout_block_metrics_long_df,,,
logreg,Логистическая регрессия,14.0,event,holdout,precision,0.8823529411764706,0.7142857142857143,1.0,0.882 [0.714; 1.000],holdout_block_metrics_long_df,,,
logreg,Логистическая регрессия,14.0,event,holdout,npv,0.75,0.5,0.9411764705882353,0.750 [0.500; 0.941],holdout_block_metrics_long_df,,,
logreg,Логистическая регрессия,14.0,event,holdout,f1,0.8333333333333334,0.6814393939393939,0.9474342105263154,0.833 [0.681; 0.947],holdout_block_metrics_long_df,,,
logreg,Логистическая регрессия,14.0,event,holdout,mcc,0.6394449716263073,0.35883578891077916,0.8806305718527109,0.639 [0.359; 0.881],holdout_block_metrics_long_df,,,
rf,Случайный лес,14.0,event,holdout,roc_auc,0.9022556390977443,0.7665257352941177,1.0,0.902 [0.767; 1.000],holdout_block_metrics_long_df,,,
rf,Случайный лес,14.0,event,holdout,pr_auc,0.9235778462721593,0.8010249384743456,1.0,0.924 [0.801; 1.000],holdout_block_metrics_long_df,,,
rf,Случайный лес,14.0,event,holdout,accuracy,0.8484848484848485,0.7272727272727273,0.9696969696969697,0.848 [0.727; 0.970],holdout_block_metrics_long_df,,,
rf,Случайный лес,14.0,event,holdout,balanced_accuracy,0.849624060150376,0.7161654135338347,0.9687959558823527,0.850 [0.716; 0.969],holdout_block_metrics_long_df,,,
rf,Случайный лес,14.0,event,holdout,sensitivity,0.8421052631578947,0.65,1.0,0.842 [0.650; 1.000],holdout_block_metrics_long_df,,,
rf,Случайный лес,14.0,event,holdout,specificity,0.8571428571428571,0.6428571428571429,1.0,0.857 [0.643; 1.000],holdout_block_metrics_long_df,,,
rf,Случайный лес,14.0,event,holdout,precision,0.8888888888888888,0.7331818181818182,1.0,0.889 [0.733; 1.000],holdout_block_metrics_long_df,,,
rf,Случайный лес,14.0,event,holdout,npv,0.8,0.5625,1.0,0.800 [0.562; 1.000],holdout_block_metrics_long_df,,,
rf,Случайный лес,14.0,event,holdout,f1,0.8648648648648649,0.7272727272727273,0.9697402597402596,0.865 [0.727; 0.970],holdout_block_metrics_long_df,,,
rf,Случайный лес,14.0,event,holdout,mcc,0.6940491774014498,0.42173311110169653,0.9376144618769908,0.694 [0.422; 0.938],holdout_block_metrics_long_df,,,
svc_rbf,SVM с RBF-ядром,14.0,event,holdout,roc_auc,0.9285714285714286,0.8270676691729324,0.9925925925925926,0.929 [0.827; 0.993],holdout_block_metrics_long_df,,,
svc_rbf,SVM с RBF-ядром,14.0,event,holdout,pr_auc,0.9485420214531237,0.8637862554112554,0.9960536962250099,0.949 [0.864; 0.996],holdout_block_metrics_long_df,,,
svc_rbf,SVM с RBF-ядром,14.0,event,holdout,accuracy,0.8484848484848485,0.7272727272727273,0.9696969696969697,0.848 [0.727; 0.970],holdout_block_metrics_long_df,,,
svc_rbf,SVM с RBF-ядром,14.0,event,holdout,balanced_accuracy,0.8402255639097744,0.6992301525873508,0.9615384615384616,0.840 [0.699; 0.962],holdout_block_metrics_long_df,,,
svc_rbf,SVM с RBF-ядром,14.0,event,holdout,sensitivity,0.8947368421052632,0.7368421052631579,1.0,0.895 [0.737; 1.000],holdout_block_metrics_long_df,,,
svc_rbf,SVM с RBF-ядром,14.0,event,holdout,specificity,0.7857142857142857,0.5384615384615384,1.0,0.786 [0.538; 1.000],holdout_block_metrics_long_df,,,
svc_rbf,SVM с RBF-ядром,14.0,event,holdout,precision,0.85,0.6666666666666666,1.0,0.850 [0.667; 1.000],holdout_block_metrics_long_df,,,
svc_rbf,SVM с RBF-ядром,14.0,event,holdout,npv,0.8461538461538461,0.6153846153846154,1.0,0.846 [0.615; 1.000],holdout_block_metrics_long_df,,,
svc_rbf,SVM с RBF-ядром,14.0,event,holdout,f1,0.8717948717948718,0.7333333333333333,0.9714285714285714,0.872 [0.733; 0.971],holdout_block_metrics_long_df,,,
svc_rbf,SVM с RBF-ядром,14.0,event,holdout,mcc,0.6882577059149438,0.40987872061240227,0.9354143466934854,0.688 [0.410; 0.935],holdout_block_metrics_long_df,,,
logreg,Логистическая регрессия,15.0,spec_shape,holdout,roc_auc,0.7556390977443608,0.5740604575163398,0.9135801041064197,0.756 [0.574; 0.914],holdout_block_metrics_long_df,,,
logreg,Логистическая регрессия,15.0,spec_shape,holdout,pr_auc,0.7928387155292782,0.6073808765468249,0.9565038693224289,0.793 [0.607; 0.957],holdout_block_metrics_long_df,,,
logreg,Логистическая регрессия,15.0,spec_shape,holdout,accuracy,0.7272727272727273,0.5757575757575758,0.8787878787878788,0.727 [0.576; 0.879],holdout_block_metrics_long_df,,,
logreg,Логистическая регрессия,15.0,spec_shape,holdout,balanced_accuracy,0.7349624060150376,0.5692307692307692,0.8777777777777778,0.735 [0.569; 0.878],holdout_block_metrics_long_df,,,
logreg,Логистическая регрессия,15.0,spec_shape,holdout,sensitivity,0.6842105263157895,0.47058823529411764,0.8888888888888888,0.684 [0.471; 0.889],holdout_block_metrics_long_df,,,
logreg,Логистическая регрессия,15.0,spec_shape,holdout,specificity,0.7857142857142857,0.5384615384615384,1.0,0.786 [0.538; 1.000],holdout_block_metrics_long_df,,,
logreg,Логистическая регрессия,15.0,spec_shape,holdout,precision,0.8125,0.6,1.0,0.812 [0.600; 1.000],holdout_block_metrics_long_df,,,
logreg,Логистическая регрессия,15.0,spec_shape,holdout,npv,0.6470588235294118,0.4,0.8666666666666667,0.647 [0.400; 0.867],holdout_block_metrics_long_df,,,
logreg,Логистическая регрессия,15.0,spec_shape,holdout,f1,0.7428571428571429,0.5517241379310345,0.8823871409028725,0.743 [0.552; 0.882],holdout_block_metrics_long_df,,,
logreg,Логистическая регрессия,15.0,spec_shape,holdout,mcc,0.4647129154260954,0.13904693239779645,0.7462969924812023,0.465 [0.139; 0.746],holdout_block_metrics_long_df,,,
rf,Случайный лес,15.0,spec_shape,holdout,roc_auc,0.8270676691729323,0.6807612781954887,0.9538461538461538,0.827 [0.681; 0.954],holdout_block_metrics_long_df,,,
rf,Случайный лес,15.0,spec_shape,holdout,pr_auc,0.8741610728452833,0.7291637627488727,0.9745239953724437,0.874 [0.729; 0.975],holdout_block_metrics_long_df,,,
rf,Случайный лес,15.0,spec_shape,holdout,accuracy,0.7272727272727273,0.5757575757575758,0.8787878787878788,0.727 [0.576; 0.879],holdout_block_metrics_long_df,,,
rf,Случайный лес,15.0,spec_shape,holdout,balanced_accuracy,0.744360902255639,0.5941875,0.8768841911764703,0.744 [0.594; 0.877],holdout_block_metrics_long_df,,,
rf,Случайный лес,15.0,spec_shape,holdout,sensitivity,0.631578947368421,0.4117647058823529,0.8421052631578947,0.632 [0.412; 0.842],holdout_block_metrics_long_df,,,
rf,Случайный лес,15.0,spec_shape,holdout,specificity,0.8571428571428571,0.6426948051948053,1.0,0.857 [0.643; 1.000],holdout_block_metrics_long_df,,,
rf,Случайный лес,15.0,spec_shape,holdout,precision,0.8571428571428571,0.6428571428571429,1.0,0.857 [0.643; 1.000],holdout_block_metrics_long_df,,,
rf,Случайный лес,15.0,spec_shape,holdout,npv,0.631578947368421,0.4,0.8421052631578947,0.632 [0.400; 0.842],holdout_block_metrics_long_df,,,
rf,Случайный лес,15.0,spec_shape,holdout,f1,0.7272727272727273,0.5294117647058824,0.875,0.727 [0.529; 0.875],holdout_block_metrics_long_df,,,
rf,Случайный лес,15.0,spec_shape,holdout,mcc,0.48872180451127817,0.18391755980290644,0.7531708838213974,0.489 [0.184; 0.753],holdout_block_metrics_long_df,,,
svc_rbf,SVM с RBF-ядром,15.0,spec_shape,holdout,roc_auc,0.7067669172932329,0.5039652014652014,0.889737671384343,0.707 [0.504; 0.890],holdout_block_metrics_long_df,,,
svc_rbf,SVM с RBF-ядром,15.0,spec_shape,holdout,pr_auc,0.840884349666037,0.6861794901868794,0.9499640752765752,0.841 [0.686; 0.950],holdout_block_metrics_long_df,,,
svc_rbf,SVM с RBF-ядром,15.0,spec_shape,holdout,accuracy,0.696969696969697,0.5454545454545454,0.8484848484848485,0.697 [0.545; 0.848],holdout_block_metrics_long_df,,,
svc_rbf,SVM с RBF-ядром,15.0,spec_shape,holdout,balanced_accuracy,0.6992481203007519,0.5307440476190476,0.8590225563909775,0.699 [0.531; 0.859],holdout_block_metrics_long_df,,,
svc_rbf,SVM с RBF-ядром,15.0,spec_shape,holdout,sensitivity,0.6842105263157895,0.47058823529411764,0.8888888888888888,0.684 [0.471; 0.889],holdout_block_metrics_long_df,,,
svc_rbf,SVM с RBF-ядром,15.0,spec_shape,holdout,specificity,0.7142857142857143,0.4542929292929293,0.9334374999999995,0.714 [0.454; 0.933],holdout_block_metrics_long_df,,,
svc_rbf,SVM с RBF-ядром,15.0,spec_shape,holdout,precision,0.7647058823529411,0.55,0.95,0.765 [0.550; 0.950],holdout_block_metrics_long_df,,,
svc_rbf,SVM с RBF-ядром,15.0,spec_shape,holdout,npv,0.625,0.3683014354066986,0.8571428571428571,0.625 [0.368; 0.857],holdout_block_metrics_long_df,,,
svc_rbf,SVM с RBF-ядром,15.0,spec_shape,holdout,f1,0.7222222222222222,0.5294117647058824,0.8695652173913043,0.722 [0.529; 0.870],holdout_block_metrics_long_df,,,
svc_rbf,SVM с RBF-ядром,15.0,spec_shape,holdout,mcc,0.39407655228132893,0.058405223285929814,0.7069467841755195,0.394 [0.058; 0.707],holdout_block_metrics_long_df,,,
logreg,Логистическая регрессия,5.0,tfr,holdout,roc_auc,0.7819548872180451,0.5925925925925926,0.9210635058721184,0.782 [0.593; 0.921],holdout_block_metrics_long_df,,,
logreg,Логистическая регрессия,5.0,tfr,holdout,pr_auc,0.8348330659334833,0.6547563396127766,0.9586957333882938,0.835 [0.655; 0.959],holdout_block_metrics_long_df,,,
logreg,Логистическая регрессия,5.0,tfr,holdout,accuracy,0.696969696969697,0.5454545454545454,0.8484848484848485,0.697 [0.545; 0.848],holdout_block_metrics_long_df,,,
logreg,Логистическая регрессия,5.0,tfr,holdout,balanced_accuracy,0.6898496240601504,0.5206062030075188,0.8455882352941176,0.690 [0.521; 0.846],holdout_block_metrics_long_df,,,
logreg,Логистическая регрессия,5.0,tfr,holdout,sensitivity,0.7368421052631579,0.5263157894736842,0.923214285714285,0.737 [0.526; 0.923],holdout_block_metrics_long_df,,,
logreg,Логистическая регрессия,5.0,tfr,holdout,specificity,0.6428571428571429,0.36363636363636365,0.8888888888888888,0.643 [0.364; 0.889],holdout_block_metrics_long_df,,,
logreg,Логистическая регрессия,5.0,tfr,holdout,precision,0.7368421052631579,0.5263157894736842,0.9285714285714286,0.737 [0.526; 0.929],holdout_block_metrics_long_df,,,
logreg,Логистическая регрессия,5.0,tfr,holdout,npv,0.6428571428571429,0.375,0.8888888888888888,0.643 [0.375; 0.889],holdout_block_metrics_long_df,,,
logreg,Логистическая регрессия,5.0,tfr,holdout,f1,0.7368421052631579,0.5554597701149425,0.875,0.737 [0.555; 0.875],holdout_block_metrics_long_df,,,
logreg,Логистическая регрессия,5.0,tfr,holdout,mcc,0.37969924812030076,0.036735871838041494,0.6920602346769048,0.380 [0.037; 0.692],holdout_block_metrics_long_df,,,
rf,Случайный лес,5.0,tfr,holdout,roc_auc,0.8684210526315789,0.706766917293233,0.9816424232736571,0.868 [0.707; 0.982],holdout_block_metrics_long_df,,,
rf,Случайный лес,5.0,tfr,holdout,pr_auc,0.8831120942588271,0.7241546029005395,0.9901493517447464,0.883 [0.724; 0.990],holdout_block_metrics_long_df,,,
rf,Случайный лес,5.0,tfr,holdout,accuracy,0.7878787878787878,0.6363636363636364,0.9090909090909091,0.788 [0.636; 0.909],holdout_block_metrics_long_df,,,
rf,Случайный лес,5.0,tfr,holdout,balanced_accuracy,0.7875939849624061,0.6326923076923077,0.9115384615384616,0.788 [0.633; 0.912],holdout_block_metrics_long_df,,,
rf,Случайный лес,5.0,tfr,holdout,sensitivity,0.7894736842105263,0.6,0.9500595238095234,0.789 [0.600; 0.950],holdout_block_metrics_long_df,,,
rf,Случайный лес,5.0,tfr,holdout,specificity,0.7857142857142857,0.5384615384615384,1.0,0.786 [0.538; 1.000],holdout_block_metrics_long_df,,,
rf,Случайный лес,5.0,tfr,holdout,precision,0.8333333333333334,0.6428571428571429,1.0,0.833 [0.643; 1.000],holdout_block_metrics_long_df,,,
rf,Случайный лес,5.0,tfr,holdout,npv,0.7333333333333333,0.4666666666666667,0.9375,0.733 [0.467; 0.938],holdout_block_metrics_long_df,,,
rf,Случайный лес,5.0,tfr,holdout,f1,0.8108108108108109,0.6451612903225806,0.926829268292683,0.811 [0.645; 0.927],holdout_block_metrics_long_df,,,
rf,Случайный лес,5.0,tfr,holdout,mcc,0.5709114201205474,0.2603680971506046,0.8191937691245882,0.571 [0.260; 0.819],holdout_block_metrics_long_df,,,
svc_rbf,SVM с RBF-ядром,5.0,tfr,holdout,roc_auc,0.2857142857142857,0.12307539682539682,0.4849624060150376,0.286 [0.123; 0.485],holdout_block_metrics_long_df,,,
svc_rbf,SVM с RBF-ядром,5.0,tfr,holdout,pr_auc,0.4743409666295128,0.3233137831414441,0.7158392318316956,0.474 [0.323; 0.716],holdout_block_metrics_long_df,,,
svc_rbf,SVM с RBF-ядром,5.0,tfr,holdout,accuracy,0.5757575757575758,0.3939393939393939,0.7272727272727273,0.576 [0.394; 0.727],holdout_block_metrics_long_df,,,
svc_rbf,SVM с RBF-ядром,5.0,tfr,holdout,balanced_accuracy,0.5,0.5,0.5,0.500 [0.500; 0.500],holdout_block_metrics_long_df,,,
svc_rbf,SVM с RBF-ядром,5.0,tfr,holdout,sensitivity,1.0,1.0,1.0,1.000 [1.000; 1.000],holdout_block_metrics_long_df,,,
svc_rbf,SVM с RBF-ядром,5.0,tfr,holdout,specificity,0.0,0.0,0.0,0.000 [0.000; 0.000],holdout_block_metrics_long_df,,,
svc_rbf,SVM с RBF-ядром,5.0,tfr,holdout,precision,0.5757575757575758,0.3939393939393939,0.7272727272727273,0.576 [0.394; 0.727],holdout_block_metrics_long_df,,,
svc_rbf,SVM с RBF-ядром,5.0,tfr,holdout,npv,,,,nan [nan; nan],holdout_block_metrics_long_df,,,
svc_rbf,SVM с RBF-ядром,5.0,tfr,holdout,f1,0.7307692307692307,0.5652173913043478,0.8421052631578947,0.731 [0.565; 0.842],holdout_block_metrics_long_df,,,
svc_rbf,SVM с RBF-ядром,5.0,tfr,holdout,mcc,0.0,0.0,0.0,0.000 [0.000; 0.000],holdout_block_metrics_long_df,,,
logreg,Логистическая регрессия,61.0,spectral_baseline,holdout,roc_auc,0.8834586466165414,0.7443609022556391,0.9890148420479301,0.883 [0.744; 0.989],holdout_block_metrics_long_df,,,
logreg,Логистическая регрессия,61.0,spectral_baseline,holdout,pr_auc,0.9185258820594955,0.7937405001080506,0.9934671945701358,0.919 [0.794; 0.993],holdout_block_metrics_long_df,,,
logreg,Логистическая регрессия,61.0,spectral_baseline,holdout,accuracy,0.8484848484848485,0.7272727272727273,0.9696969696969697,0.848 [0.727; 0.970],holdout_block_metrics_long_df,,,
logreg,Логистическая регрессия,61.0,spectral_baseline,holdout,balanced_accuracy,0.8402255639097744,0.7045454545454546,0.9616071428571425,0.840 [0.705; 0.962],holdout_block_metrics_long_df,,,
logreg,Логистическая регрессия,61.0,spectral_baseline,holdout,sensitivity,0.8947368421052632,0.7368421052631579,1.0,0.895 [0.737; 1.000],holdout_block_metrics_long_df,,,
logreg,Логистическая регрессия,61.0,spectral_baseline,holdout,specificity,0.7857142857142857,0.5384615384615384,1.0,0.786 [0.538; 1.000],holdout_block_metrics_long_df,,,
logreg,Логистическая регрессия,61.0,spectral_baseline,holdout,precision,0.85,0.6818181818181818,1.0,0.850 [0.682; 1.000],holdout_block_metrics_long_df,,,
logreg,Логистическая регрессия,61.0,spectral_baseline,holdout,npv,0.8461538461538461,0.6153846153846154,1.0,0.846 [0.615; 1.000],holdout_block_metrics_long_df,,,
logreg,Логистическая регрессия,61.0,spectral_baseline,holdout,f1,0.8717948717948718,0.7428571428571429,0.9714285714285714,0.872 [0.743; 0.971],holdout_block_metrics_long_df,,,
logreg,Логистическая регрессия,61.0,spectral_baseline,holdout,mcc,0.6882577059149438,0.42192650784464586,0.9354143466934854,0.688 [0.422; 0.935],holdout_block_metrics_long_df,,,
rf,Случайный лес,61.0,spectral_baseline,holdout,roc_auc,0.8721804511278196,0.7384615384615385,0.9682783882783883,0.872 [0.738; 0.968],holdout_block_metrics_long_df,,,
rf,Случайный лес,61.0,spectral_baseline,holdout,pr_auc,0.9214393663872458,0.8234312959985904,0.9839040765203523,0.921 [0.823; 0.984],holdout_block_metrics_long_df,,,
rf,Случайный лес,61.0,spectral_baseline,holdout,accuracy,0.7878787878787878,0.6363636363636364,0.9090909090909091,0.788 [0.636; 0.909],holdout_block_metrics_long_df,,,
rf,Случайный лес,61.0,spectral_baseline,holdout,balanced_accuracy,0.7969924812030075,0.6458333333333333,0.9250892857142853,0.797 [0.646; 0.925],holdout_block_metrics_long_df,,,
rf,Случайный лес,61.0,spectral_baseline,holdout,sensitivity,0.7368421052631579,0.5293343653250774,0.9166666666666666,0.737 [0.529; 0.917],holdout_block_metrics_long_df,,,
rf,Случайный лес,61.0,spectral_baseline,holdout,specificity,0.8571428571428571,0.6663043478260869,1.0,0.857 [0.666; 1.000],holdout_block_metrics_long_df,,,
rf,Случайный лес,61.0,spectral_baseline,holdout,precision,0.875,0.6923076923076923,1.0,0.875 [0.692; 1.000],holdout_block_metrics_long_df,,,
rf,Случайный лес,61.0,spectral_baseline,holdout,npv,0.7058823529411765,0.4704901960784314,0.9047619047619048,0.706 [0.470; 0.905],holdout_block_metrics_long_df,,,
rf,Случайный лес,61.0,spectral_baseline,holdout,f1,0.8,0.631578947368421,0.926829268292683,0.800 [0.632; 0.927],holdout_block_metrics_long_df,,,
rf,Случайный лес,61.0,spectral_baseline,holdout,mcc,0.5873971250985845,0.28578699785818873,0.831038506929733,0.587 [0.286; 0.831],holdout_block_metrics_long_df,,,
svc_rbf,SVM с RBF-ядром,61.0,spectral_baseline,holdout,roc_auc,0.8045112781954887,0.6321994293585202,0.9380276541640177,0.805 [0.632; 0.938],holdout_block_metrics_long_df,,,
svc_rbf,SVM с RBF-ядром,61.0,spectral_baseline,holdout,pr_auc,0.8810647153873372,0.7502662999860641,0.9657894736842105,0.881 [0.750; 0.966],holdout_block_metrics_long_df,,,
svc_rbf,SVM с RBF-ядром,61.0,spectral_baseline,holdout,accuracy,0.7272727272727273,0.5757575757575758,0.8787878787878788,0.727 [0.576; 0.879],holdout_block_metrics_long_df,,,
svc_rbf,SVM с RBF-ядром,61.0,spectral_baseline,holdout,balanced_accuracy,0.7161654135338347,0.5454292929292929,0.8636363636363636,0.716 [0.545; 0.864],holdout_block_metrics_long_df,,,
svc_rbf,SVM с RBF-ядром,61.0,spectral_baseline,holdout,sensitivity,0.7894736842105263,0.5789473684210527,0.95,0.789 [0.579; 0.950],holdout_block_metrics_long_df,,,
svc_rbf,SVM с RBF-ядром,61.0,spectral_baseline,holdout,specificity,0.6428571428571429,0.36363636363636365,0.9090909090909091,0.643 [0.364; 0.909],holdout_block_metrics_long_df,,,
svc_rbf,SVM с RBF-ядром,61.0,spectral_baseline,holdout,precision,0.75,0.5498863636363637,0.9411764705882353,0.750 [0.550; 0.941],holdout_block_metrics_long_df,,,
svc_rbf,SVM с RBF-ядром,61.0,spectral_baseline,holdout,npv,0.6923076923076923,0.4166666666666667,0.9166666666666666,0.692 [0.417; 0.917],holdout_block_metrics_long_df,,,
svc_rbf,SVM с RBF-ядром,61.0,spectral_baseline,holdout,f1,0.7692307692307693,0.5945945945945946,0.8979591836734694,0.769 [0.595; 0.898],holdout_block_metrics_long_df,,,
svc_rbf,SVM с RBF-ядром,61.0,spectral_baseline,holdout,mcc,0.4372908076255168,0.09182866950780605,0.7216878364870322,0.437 [0.092; 0.722],holdout_block_metrics_long_df,,,
logreg,Логистическая регрессия,2.0,event_compact,cv_oof,roc_auc,0.9762983091787439,0.9483695652173914,0.9957812500000001,0.976 [0.948; 0.996],event_metrics_df,,,
logreg,Логистическая регрессия,2.0,event_compact,cv_oof,pr_auc,0.9851805501532599,0.969013634989136,0.9967910921466225,0.985 [0.969; 0.997],event_metrics_df,,,
logreg,Логистическая регрессия,2.0,event_compact,cv_oof,accuracy,0.926829268292683,0.8841463414634146,0.9634146341463414,0.927 [0.884; 0.963],event_metrics_df,,,
logreg,Логистическая регрессия,2.0,event_compact,cv_oof,balanced_accuracy,0.9287439613526569,0.8844918431826845,0.9671985176282051,0.929 [0.884; 0.967],event_metrics_df,,,
logreg,Логистическая регрессия,2.0,event_compact,cv_oof,sensitivity,0.9130434782608695,0.8494623655913979,0.967391304347826,0.913 [0.849; 0.967],event_metrics_df,,,
logreg,Логистическая регрессия,2.0,event_compact,cv_oof,specificity,0.9444444444444444,0.8840344438170525,0.9871794871794872,0.944 [0.884; 0.987],event_metrics_df,,,
logreg,Логистическая регрессия,2.0,event_compact,cv_oof,precision,0.9545454545454546,0.9052631578947369,0.9893617021276596,0.955 [0.905; 0.989],event_metrics_df,,,
logreg,Логистическая регрессия,2.0,event_compact,cv_oof,npv,0.8947368421052632,0.8181818181818182,0.9605263157894737,0.895 [0.818; 0.961],event_metrics_df,,,
logreg,Логистическая регрессия,2.0,event_compact,cv_oof,f1,0.9333333333333333,0.8913015318765487,0.9693877551020408,0.933 [0.891; 0.969],event_metrics_df,,,
logreg,Логистическая регрессия,2.0,event_compact,cv_oof,mcc,0.8533752470897092,0.7643261927183838,0.9285991508047688,0.853 [0.764; 0.929],event_metrics_df,,,
logreg,Логистическая регрессия,2.0,event_compact,holdout,roc_auc,0.8609022556390977,0.710421888053467,0.9740788398692809,0.861 [0.710; 0.974],event_metrics_df,,,
logreg,Логистическая регрессия,2.0,event_compact,holdout,pr_auc,0.9204898472700329,0.8120189634518254,0.98582995951417,0.920 [0.812; 0.986],event_metrics_df,,,
logreg,Логистическая регрессия,2.0,event_compact,holdout,accuracy,0.8181818181818182,0.6666666666666666,0.9393939393939394,0.818 [0.667; 0.939],event_metrics_df,,,
logreg,Логистическая регрессия,2.0,event_compact,holdout,balanced_accuracy,0.8233082706766917,0.6805555555555556,0.9444444444444444,0.823 [0.681; 0.944],event_metrics_df,,,
logreg,Логистическая регрессия,2.0,event_compact,holdout,sensitivity,0.7894736842105263,0.5833333333333334,0.95,0.789 [0.583; 0.950],event_metrics_df,,,
logreg,Логистическая регрессия,2.0,event_compact,holdout,specificity,0.8571428571428571,0.6428571428571429,1.0,0.857 [0.643; 1.000],event_metrics_df,,,
logreg,Логистическая регрессия,2.0,event_compact,holdout,precision,0.8823529411764706,0.7142857142857143,1.0,0.882 [0.714; 1.000],event_metrics_df,,,
logreg,Логистическая регрессия,2.0,event_compact,holdout,npv,0.75,0.5,0.9411764705882353,0.750 [0.500; 0.941],event_metrics_df,,,
logreg,Логистическая регрессия,2.0,event_compact,holdout,f1,0.8333333333333334,0.6814393939393939,0.9474342105263154,0.833 [0.681; 0.947],event_metrics_df,,,
logreg,Логистическая регрессия,2.0,event_compact,holdout,mcc,0.6394449716263073,0.35883578891077916,0.8806305718527109,0.639 [0.359; 0.881],event_metrics_df,,,
rf,Случайный лес,2.0,event_compact,cv_oof,roc_auc,0.9820350241545894,0.9636358832894159,0.9957862907744627,0.982 [0.964; 0.996],event_metrics_df,,,
rf,Случайный лес,2.0,event_compact,cv_oof,pr_auc,0.9859635745163486,0.9707186616161868,0.9968356185629378,0.986 [0.971; 0.997],event_metrics_df,,,
rf,Случайный лес,2.0,event_compact,cv_oof,accuracy,0.9451219512195121,0.9085365853658537,0.975609756097561,0.945 [0.909; 0.976],event_metrics_df,,,
rf,Случайный лес,2.0,event_compact,cv_oof,balanced_accuracy,0.9450483091787439,0.9072939211312947,0.9788805751173709,0.945 [0.907; 0.979],event_metrics_df,,,
rf,Случайный лес,2.0,event_compact,cv_oof,sensitivity,0.9456521739130435,0.8953335373317014,0.9887640449438202,0.946 [0.895; 0.989],event_metrics_df,,,
rf,Случайный лес,2.0,event_compact,cv_oof,specificity,0.9444444444444444,0.8888888888888888,0.9873457278481013,0.944 [0.889; 0.987],event_metrics_df,,,
rf,Случайный лес,2.0,event_compact,cv_oof,precision,0.9560439560439561,0.9110861423220974,0.9900024752475247,0.956 [0.911; 0.990],event_metrics_df,,,
rf,Случайный лес,2.0,event_compact,cv_oof,npv,0.9315068493150684,0.8701298701298701,0.9857142857142858,0.932 [0.870; 0.986],event_metrics_df,,,
rf,Случайный лес,2.0,event_compact,cv_oof,f1,0.9508196721311475,0.9154186693650392,0.9805871919342793,0.951 [0.915; 0.981],event_metrics_df,,,
rf,Случайный лес,2.0,event_compact,cv_oof,mcc,0.8888228003772927,0.8127873324657651,0.9523532664857335,0.889 [0.813; 0.952],event_metrics_df,,,
rf,Случайный лес,2.0,event_compact,holdout,roc_auc,0.9154135338345863,0.7995535714285715,1.0,0.915 [0.800; 1.000],event_metrics_df,,,
rf,Случайный лес,2.0,event_compact,holdout,pr_auc,0.9413628776688059,0.8434793687514811,1.0,0.941 [0.843; 1.000],event_metrics_df,,,
rf,Случайный лес,2.0,event_compact,holdout,accuracy,0.8484848484848485,0.7272727272727273,0.9696969696969697,0.848 [0.727; 0.970],event_metrics_df,,,
rf,Случайный лес,2.0,event_compact,holdout,balanced_accuracy,0.849624060150376,0.7161654135338347,0.96875,0.850 [0.716; 0.969],event_metrics_df,,,
rf,Случайный лес,2.0,event_compact,holdout,sensitivity,0.8421052631578947,0.65,1.0,0.842 [0.650; 1.000],event_metrics_df,,,
rf,Случайный лес,2.0,event_compact,holdout,specificity,0.8571428571428571,0.6428571428571429,1.0,0.857 [0.643; 1.000],event_metrics_df,,,
rf,Случайный лес,2.0,event_compact,holdout,precision,0.8888888888888888,0.7272727272727273,1.0,0.889 [0.727; 1.000],event_metrics_df,,,
rf,Случайный лес,2.0,event_compact,holdout,npv,0.8,0.5714285714285714,1.0,0.800 [0.571; 1.000],event_metrics_df,,,
rf,Случайный лес,2.0,event_compact,holdout,f1,0.8648648648648649,0.7272727272727273,0.9714285714285714,0.865 [0.727; 0.971],event_metrics_df,,,
rf,Случайный лес,2.0,event_compact,holdout,mcc,0.6940491774014498,0.4259829453048118,0.9376144618769908,0.694 [0.426; 0.938],event_metrics_df,,,
svc_rbf,SVM с RBF-ядром,2.0,event_compact,cv_oof,roc_auc,0.9769021739130435,0.949708712723951,0.9973166368515206,0.977 [0.950; 0.997],event_metrics_df,,,
svc_rbf,SVM с RBF-ядром,2.0,event_compact,cv_oof,pr_auc,0.976692436735645,0.9428285653751327,0.998058315853952,0.977 [0.943; 0.998],event_metrics_df,,,
svc_rbf,SVM с RBF-ядром,2.0,event_compact,cv_oof,accuracy,0.9451219512195121,0.9085365853658537,0.9817073170731707,0.945 [0.909; 0.982],event_metrics_df,,,
svc_rbf,SVM с RBF-ядром,2.0,event_compact,cv_oof,balanced_accuracy,0.9450483091787439,0.9062886657216512,0.9806763285024154,0.945 [0.906; 0.981],event_metrics_df,,,
svc_rbf,SVM с RBF-ядром,2.0,event_compact,cv_oof,sensitivity,0.9456521739130435,0.8935980243161094,0.9891304347826086,0.946 [0.894; 0.989],event_metrics_df,,,
svc_rbf,SVM с RBF-ядром,2.0,event_compact,cv_oof,specificity,0.9444444444444444,0.8840344438170525,0.9871794871794872,0.944 [0.884; 0.987],event_metrics_df,,,
svc_rbf,SVM с RBF-ядром,2.0,event_compact,cv_oof,precision,0.9560439560439561,0.9090677179962894,0.9897959183673469,0.956 [0.909; 0.990],event_metrics_df,,,
svc_rbf,SVM с RBF-ядром,2.0,event_compact,cv_oof,npv,0.9315068493150684,0.868421052631579,0.9859154929577465,0.932 [0.868; 0.986],event_metrics_df,,,
svc_rbf,SVM с RBF-ядром,2.0,event_compact,cv_oof,f1,0.9508196721311475,0.9139072847682119,0.9824561403508771,0.951 [0.914; 0.982],event_metrics_df,,,
svc_rbf,SVM с RBF-ядром,2.0,event_compact,cv_oof,mcc,0.8888228003772927,0.8109298378284199,0.962311434911926,0.889 [0.811; 0.962],event_metrics_df,,,
svc_rbf,SVM с RBF-ядром,2.0,event_compact,holdout,roc_auc,0.8721804511278195,0.7222117794486216,0.9849624060150376,0.872 [0.722; 0.985],event_metrics_df,,,
svc_rbf,SVM с RBF-ядром,2.0,event_compact,holdout,pr_auc,0.8936868308548283,0.754911522856663,0.9920714285714286,0.894 [0.755; 0.992],event_metrics_df,,,
svc_rbf,SVM с RBF-ядром,2.0,event_compact,holdout,accuracy,0.8484848484848485,0.7272727272727273,0.9696969696969697,0.848 [0.727; 0.970],event_metrics_df,,,
svc_rbf,SVM с RBF-ядром,2.0,event_compact,holdout,balanced_accuracy,0.849624060150376,0.7194802222948675,0.9616071428571425,0.850 [0.719; 0.962],event_metrics_df,,,
svc_rbf,SVM с RBF-ядром,2.0,event_compact,holdout,sensitivity,0.8421052631578947,0.6666666666666666,1.0,0.842 [0.667; 1.000],event_metrics_df,,,
svc_rbf,SVM с RBF-ядром,2.0,event_compact,holdout,specificity,0.8571428571428571,0.6428571428571429,1.0,0.857 [0.643; 1.000],event_metrics_df,,,
svc_rbf,SVM с RBF-ядром,2.0,event_compact,holdout,precision,0.8888888888888888,0.7333333333333333,1.0,0.889 [0.733; 1.000],event_metrics_df,,,
svc_rbf,SVM с RBF-ядром,2.0,event_compact,holdout,npv,0.8,0.5714285714285714,1.0,0.800 [0.571; 1.000],event_metrics_df,,,
svc_rbf,SVM с RBF-ядром,2.0,event_compact,holdout,f1,0.8648648648648649,0.7272727272727273,0.967741935483871,0.865 [0.727; 0.968],event_metrics_df,,,
svc_rbf,SVM с RBF-ядром,2.0,event_compact,holdout,mcc,0.6940491774014498,0.43355498476206,0.9354143466934854,0.694 [0.434; 0.935],event_metrics_df,,,
logreg,Логистическая регрессия,61.0,spectral_baseline,cv_oof,roc_auc,0.8310688405797101,0.7662452558453229,0.8878397759172216,0.831 [0.766; 0.888],baseline_vs_event_metrics_df,spectral_baseline,,
logreg,Логистическая регрессия,61.0,spectral_baseline,cv_oof,pr_auc,0.8816277947411733,0.8228889408816051,0.9268029238670136,0.882 [0.823; 0.927],baseline_vs_event_metrics_df,spectral_baseline,,
logreg,Логистическая регрессия,61.0,spectral_baseline,cv_oof,accuracy,0.7621951219512195,0.6951219512195121,0.823170731707317,0.762 [0.695; 0.823],baseline_vs_event_metrics_df,spectral_baseline,,
logreg,Логистическая регрессия,61.0,spectral_baseline,cv_oof,balanced_accuracy,0.7653985507246377,0.696214997385,0.8292805799720694,0.765 [0.696; 0.829],baseline_vs_event_metrics_df,spectral_baseline,,
logreg,Логистическая регрессия,61.0,spectral_baseline,cv_oof,sensitivity,0.7391304347826086,0.6447295321637427,0.8227881065400844,0.739 [0.645; 0.823],baseline_vs_event_metrics_df,spectral_baseline,,
logreg,Логистическая регрессия,61.0,spectral_baseline,cv_oof,specificity,0.7916666666666666,0.6966047874938935,0.8805970149253731,0.792 [0.697; 0.881],baseline_vs_event_metrics_df,spectral_baseline,,
logreg,Логистическая регрессия,61.0,spectral_baseline,cv_oof,precision,0.8192771084337349,0.7317073170731707,0.8987341772151899,0.819 [0.732; 0.899],baseline_vs_event_metrics_df,spectral_baseline,,
logreg,Логистическая регрессия,61.0,spectral_baseline,cv_oof,npv,0.7037037037037037,0.6,0.7957339878447871,0.704 [0.600; 0.796],baseline_vs_event_metrics_df,spectral_baseline,,
logreg,Логистическая регрессия,61.0,spectral_baseline,cv_oof,f1,0.7771428571428571,0.6993865030674846,0.8372287904378328,0.777 [0.699; 0.837],baseline_vs_event_metrics_df,spectral_baseline,,
logreg,Логистическая регрессия,61.0,spectral_baseline,cv_oof,mcc,0.5268744624634415,0.3894148031913653,0.6536342651908366,0.527 [0.389; 0.654],baseline_vs_event_metrics_df,spectral_baseline,,
logreg,Логистическая регрессия,61.0,spectral_baseline,holdout,roc_auc,0.8834586466165414,0.7443609022556391,0.9890148420479301,0.883 [0.744; 0.989],baseline_vs_event_metrics_df,spectral_baseline,,
logreg,Логистическая регрессия,61.0,spectral_baseline,holdout,pr_auc,0.9185258820594955,0.7937405001080506,0.9934671945701358,0.919 [0.794; 0.993],baseline_vs_event_metrics_df,spectral_baseline,,
logreg,Логистическая регрессия,61.0,spectral_baseline,holdout,accuracy,0.8484848484848485,0.7272727272727273,0.9696969696969697,0.848 [0.727; 0.970],baseline_vs_event_metrics_df,spectral_baseline,,
logreg,Логистическая регрессия,61.0,spectral_baseline,holdout,balanced_accuracy,0.8402255639097744,0.7045454545454546,0.9616071428571425,0.840 [0.705; 0.962],baseline_vs_event_metrics_df,spectral_baseline,,
logreg,Логистическая регрессия,61.0,spectral_baseline,holdout,sensitivity,0.8947368421052632,0.7368421052631579,1.0,0.895 [0.737; 1.000],baseline_vs_event_metrics_df,spectral_baseline,,
logreg,Логистическая регрессия,61.0,spectral_baseline,holdout,specificity,0.7857142857142857,0.5384615384615384,1.0,0.786 [0.538; 1.000],baseline_vs_event_metrics_df,spectral_baseline,,
logreg,Логистическая регрессия,61.0,spectral_baseline,holdout,precision,0.85,0.6818181818181818,1.0,0.850 [0.682; 1.000],baseline_vs_event_metrics_df,spectral_baseline,,
logreg,Логистическая регрессия,61.0,spectral_baseline,holdout,npv,0.8461538461538461,0.6153846153846154,1.0,0.846 [0.615; 1.000],baseline_vs_event_metrics_df,spectral_baseline,,
logreg,Логистическая регрессия,61.0,spectral_baseline,holdout,f1,0.8717948717948718,0.7428571428571429,0.9714285714285714,0.872 [0.743; 0.971],baseline_vs_event_metrics_df,spectral_baseline,,
logreg,Логистическая регрессия,61.0,spectral_baseline,holdout,mcc,0.6882577059149438,0.42192650784464586,0.9354143466934854,0.688 [0.422; 0.935],baseline_vs_event_metrics_df,spectral_baseline,,
rf,Случайный лес,61.0,spectral_baseline,cv_oof,roc_auc,0.8121980676328503,0.7473103757944183,0.8766660342407625,0.812 [0.747; 0.877],baseline_vs_event_metrics_df,spectral_baseline,,
rf,Случайный лес,61.0,spectral_baseline,cv_oof,pr_auc,0.8563730246604517,0.7863513171204342,0.9164031825812743,0.856 [0.786; 0.916],baseline_vs_event_metrics_df,spectral_baseline,,
rf,Случайный лес,61.0,spectral_baseline,cv_oof,accuracy,0.75,0.6890243902439024,0.8170731707317073,0.750 [0.689; 0.817],baseline_vs_event_metrics_df,spectral_baseline,,
rf,Случайный лес,61.0,spectral_baseline,cv_oof,balanced_accuracy,0.75,0.6859082983354956,0.8170744842546134,0.750 [0.686; 0.817],baseline_vs_event_metrics_df,spectral_baseline,,
rf,Случайный лес,61.0,spectral_baseline,cv_oof,sensitivity,0.75,0.6666666666666666,0.8369628412537917,0.750 [0.667; 0.837],baseline_vs_event_metrics_df,spectral_baseline,,
rf,Случайный лес,61.0,spectral_baseline,cv_oof,specificity,0.75,0.6499837662337663,0.8481108553893363,0.750 [0.650; 0.848],baseline_vs_event_metrics_df,spectral_baseline,,
rf,Случайный лес,61.0,spectral_baseline,cv_oof,precision,0.7931034482758621,0.7051282051282052,0.875,0.793 [0.705; 0.875],baseline_vs_event_metrics_df,spectral_baseline,,
rf,Случайный лес,61.0,spectral_baseline,cv_oof,npv,0.7012987012987013,0.597217039800995,0.8,0.701 [0.597; 0.800],baseline_vs_event_metrics_df,spectral_baseline,,
rf,Случайный лес,61.0,spectral_baseline,cv_oof,f1,0.770949720670391,0.6989214924212982,0.8361581920903954,0.771 [0.699; 0.836],baseline_vs_event_metrics_df,spectral_baseline,,
rf,Случайный лес,61.0,spectral_baseline,cv_oof,mcc,0.4971931966421923,0.37057670952612537,0.6309267359619783,0.497 [0.371; 0.631],baseline_vs_event_metrics_df,spectral_baseline,,
rf,Случайный лес,61.0,spectral_baseline,holdout,roc_auc,0.8721804511278196,0.7384615384615385,0.9682783882783883,0.872 [0.738; 0.968],baseline_vs_event_metrics_df,spectral_baseline,,
rf,Случайный лес,61.0,spectral_baseline,holdout,pr_auc,0.9214393663872458,0.8234312959985904,0.9839040765203523,0.921 [0.823; 0.984],baseline_vs_event_metrics_df,spectral_baseline,,
rf,Случайный лес,61.0,spectral_baseline,holdout,accuracy,0.7878787878787878,0.6363636363636364,0.9090909090909091,0.788 [0.636; 0.909],baseline_vs_event_metrics_df,spectral_baseline,,
rf,Случайный лес,61.0,spectral_baseline,holdout,balanced_accuracy,0.7969924812030075,0.6458333333333333,0.9250892857142853,0.797 [0.646; 0.925],baseline_vs_event_metrics_df,spectral_baseline,,
rf,Случайный лес,61.0,spectral_baseline,holdout,sensitivity,0.7368421052631579,0.5293343653250774,0.9166666666666666,0.737 [0.529; 0.917],baseline_vs_event_metrics_df,spectral_baseline,,
rf,Случайный лес,61.0,spectral_baseline,holdout,specificity,0.8571428571428571,0.6663043478260869,1.0,0.857 [0.666; 1.000],baseline_vs_event_metrics_df,spectral_baseline,,
rf,Случайный лес,61.0,spectral_baseline,holdout,precision,0.875,0.6923076923076923,1.0,0.875 [0.692; 1.000],baseline_vs_event_metrics_df,spectral_baseline,,
rf,Случайный лес,61.0,spectral_baseline,holdout,npv,0.7058823529411765,0.4704901960784314,0.9047619047619048,0.706 [0.470; 0.905],baseline_vs_event_metrics_df,spectral_baseline,,
rf,Случайный лес,61.0,spectral_baseline,holdout,f1,0.8,0.631578947368421,0.926829268292683,0.800 [0.632; 0.927],baseline_vs_event_metrics_df,spectral_baseline,,
rf,Случайный лес,61.0,spectral_baseline,holdout,mcc,0.5873971250985845,0.28578699785818873,0.831038506929733,0.587 [0.286; 0.831],baseline_vs_event_metrics_df,spectral_baseline,,
svc_rbf,SVM с RBF-ядром,61.0,spectral_baseline,cv_oof,roc_auc,0.7933272946859903,0.7194291121660233,0.8604703411588447,0.793 [0.719; 0.860],baseline_vs_event_metrics_df,spectral_baseline,,
svc_rbf,SVM с RBF-ядром,61.0,spectral_baseline,cv_oof,pr_auc,0.8448217874954231,0.7690958573960357,0.9068533354595216,0.845 [0.769; 0.907],baseline_vs_event_metrics_df,spectral_baseline,,
svc_rbf,SVM с RBF-ядром,61.0,spectral_baseline,cv_oof,accuracy,0.7073170731707317,0.6341463414634146,0.774390243902439,0.707 [0.634; 0.774],baseline_vs_event_metrics_df,spectral_baseline,,
svc_rbf,SVM с RBF-ядром,61.0,spectral_baseline,cv_oof,balanced_accuracy,0.6998792270531401,0.6259758766942438,0.7682533053314877,0.700 [0.626; 0.768],baseline_vs_event_metrics_df,spectral_baseline,,
svc_rbf,SVM с RBF-ядром,61.0,spectral_baseline,cv_oof,sensitivity,0.7608695652173914,0.6736690283400809,0.8461538461538461,0.761 [0.674; 0.846],baseline_vs_event_metrics_df,spectral_baseline,,
svc_rbf,SVM с RBF-ядром,61.0,spectral_baseline,cv_oof,specificity,0.6388888888888888,0.5211267605633803,0.7532512008539406,0.639 [0.521; 0.753],baseline_vs_event_metrics_df,spectral_baseline,,
svc_rbf,SVM с RBF-ядром,61.0,spectral_baseline,cv_oof,precision,0.7291666666666666,0.6352941176470588,0.8172068858560795,0.729 [0.635; 0.817],baseline_vs_event_metrics_df,spectral_baseline,,
svc_rbf,SVM с RBF-ядром,61.0,spectral_baseline,cv_oof,npv,0.6764705882352942,0.5555128205128206,0.782608695652174,0.676 [0.556; 0.783],baseline_vs_event_metrics_df,spectral_baseline,,
svc_rbf,SVM с RBF-ядром,61.0,spectral_baseline,cv_oof,f1,0.7446808510638298,0.6704545454545454,0.8095357142857142,0.745 [0.670; 0.810],baseline_vs_event_metrics_df,spectral_baseline,,
svc_rbf,SVM с RBF-ядром,61.0,spectral_baseline,cv_oof,mcc,0.40268712662254674,0.25304752260739055,0.5397869096670566,0.403 [0.253; 0.540],baseline_vs_event_metrics_df,spectral_baseline,,
svc_rbf,SVM с RBF-ядром,61.0,spectral_baseline,holdout,roc_auc,0.8045112781954887,0.6321994293585202,0.9380276541640177,0.805 [0.632; 0.938],baseline_vs_event_metrics_df,spectral_baseline,,
svc_rbf,SVM с RBF-ядром,61.0,spectral_baseline,holdout,pr_auc,0.8810647153873372,0.7502662999860641,0.9657894736842105,0.881 [0.750; 0.966],baseline_vs_event_metrics_df,spectral_baseline,,
svc_rbf,SVM с RBF-ядром,61.0,spectral_baseline,holdout,accuracy,0.7272727272727273,0.5757575757575758,0.8787878787878788,0.727 [0.576; 0.879],baseline_vs_event_metrics_df,spectral_baseline,,
svc_rbf,SVM с RBF-ядром,61.0,spectral_baseline,holdout,balanced_accuracy,0.7161654135338347,0.5454292929292929,0.8636363636363636,0.716 [0.545; 0.864],baseline_vs_event_metrics_df,spectral_baseline,,
svc_rbf,SVM с RBF-ядром,61.0,spectral_baseline,holdout,sensitivity,0.7894736842105263,0.5789473684210527,0.95,0.789 [0.579; 0.950],baseline_vs_event_metrics_df,spectral_baseline,,
svc_rbf,SVM с RBF-ядром,61.0,spectral_baseline,holdout,specificity,0.6428571428571429,0.36363636363636365,0.9090909090909091,0.643 [0.364; 0.909],baseline_vs_event_metrics_df,spectral_baseline,,
svc_rbf,SVM с RBF-ядром,61.0,spectral_baseline,holdout,precision,0.75,0.5498863636363637,0.9411764705882353,0.750 [0.550; 0.941],baseline_vs_event_metrics_df,spectral_baseline,,
svc_rbf,SVM с RBF-ядром,61.0,spectral_baseline,holdout,npv,0.6923076923076923,0.4166666666666667,0.9166666666666666,0.692 [0.417; 0.917],baseline_vs_event_metrics_df,spectral_baseline,,
svc_rbf,SVM с RBF-ядром,61.0,spectral_baseline,holdout,f1,0.7692307692307693,0.5945945945945946,0.8979591836734694,0.769 [0.595; 0.898],baseline_vs_event_metrics_df,spectral_baseline,,
svc_rbf,SVM с RBF-ядром,61.0,spectral_baseline,holdout,mcc,0.4372908076255168,0.09182866950780605,0.7216878364870322,0.437 [0.092; 0.722],baseline_vs_event_metrics_df,spectral_baseline,,
logreg,Логистическая регрессия,2.0,event_compact,cv_oof,roc_auc,0.9762983091787439,0.9483695652173914,0.9957812500000001,0.976 [0.948; 0.996],baseline_vs_event_metrics_df,event_compact,,
logreg,Логистическая регрессия,2.0,event_compact,cv_oof,pr_auc,0.9851805501532599,0.969013634989136,0.9967910921466225,0.985 [0.969; 0.997],baseline_vs_event_metrics_df,event_compact,,
logreg,Логистическая регрессия,2.0,event_compact,cv_oof,accuracy,0.926829268292683,0.8841463414634146,0.9634146341463414,0.927 [0.884; 0.963],baseline_vs_event_metrics_df,event_compact,,
logreg,Логистическая регрессия,2.0,event_compact,cv_oof,balanced_accuracy,0.9287439613526569,0.8844918431826845,0.9671985176282051,0.929 [0.884; 0.967],baseline_vs_event_metrics_df,event_compact,,
logreg,Логистическая регрессия,2.0,event_compact,cv_oof,sensitivity,0.9130434782608695,0.8494623655913979,0.967391304347826,0.913 [0.849; 0.967],baseline_vs_event_metrics_df,event_compact,,
logreg,Логистическая регрессия,2.0,event_compact,cv_oof,specificity,0.9444444444444444,0.8840344438170525,0.9871794871794872,0.944 [0.884; 0.987],baseline_vs_event_metrics_df,event_compact,,
logreg,Логистическая регрессия,2.0,event_compact,cv_oof,precision,0.9545454545454546,0.9052631578947369,0.9893617021276596,0.955 [0.905; 0.989],baseline_vs_event_metrics_df,event_compact,,
logreg,Логистическая регрессия,2.0,event_compact,cv_oof,npv,0.8947368421052632,0.8181818181818182,0.9605263157894737,0.895 [0.818; 0.961],baseline_vs_event_metrics_df,event_compact,,
logreg,Логистическая регрессия,2.0,event_compact,cv_oof,f1,0.9333333333333333,0.8913015318765487,0.9693877551020408,0.933 [0.891; 0.969],baseline_vs_event_metrics_df,event_compact,,
logreg,Логистическая регрессия,2.0,event_compact,cv_oof,mcc,0.8533752470897092,0.7643261927183838,0.9285991508047688,0.853 [0.764; 0.929],baseline_vs_event_metrics_df,event_compact,,
logreg,Логистическая регрессия,2.0,event_compact,holdout,roc_auc,0.8609022556390977,0.710421888053467,0.9740788398692809,0.861 [0.710; 0.974],baseline_vs_event_metrics_df,event_compact,,
logreg,Логистическая регрессия,2.0,event_compact,holdout,pr_auc,0.9204898472700329,0.8120189634518254,0.98582995951417,0.920 [0.812; 0.986],baseline_vs_event_metrics_df,event_compact,,
logreg,Логистическая регрессия,2.0,event_compact,holdout,accuracy,0.8181818181818182,0.6666666666666666,0.9393939393939394,0.818 [0.667; 0.939],baseline_vs_event_metrics_df,event_compact,,
logreg,Логистическая регрессия,2.0,event_compact,holdout,balanced_accuracy,0.8233082706766917,0.6805555555555556,0.9444444444444444,0.823 [0.681; 0.944],baseline_vs_event_metrics_df,event_compact,,
logreg,Логистическая регрессия,2.0,event_compact,holdout,sensitivity,0.7894736842105263,0.5833333333333334,0.95,0.789 [0.583; 0.950],baseline_vs_event_metrics_df,event_compact,,
logreg,Логистическая регрессия,2.0,event_compact,holdout,specificity,0.8571428571428571,0.6428571428571429,1.0,0.857 [0.643; 1.000],baseline_vs_event_metrics_df,event_compact,,
logreg,Логистическая регрессия,2.0,event_compact,holdout,precision,0.8823529411764706,0.7142857142857143,1.0,0.882 [0.714; 1.000],baseline_vs_event_metrics_df,event_compact,,
logreg,Логистическая регрессия,2.0,event_compact,holdout,npv,0.75,0.5,0.9411764705882353,0.750 [0.500; 0.941],baseline_vs_event_metrics_df,event_compact,,
logreg,Логистическая регрессия,2.0,event_compact,holdout,f1,0.8333333333333334,0.6814393939393939,0.9474342105263154,0.833 [0.681; 0.947],baseline_vs_event_metrics_df,event_compact,,
logreg,Логистическая регрессия,2.0,event_compact,holdout,mcc,0.6394449716263073,0.35883578891077916,0.8806305718527109,0.639 [0.359; 0.881],baseline_vs_event_metrics_df,event_compact,,
rf,Случайный лес,2.0,event_compact,cv_oof,roc_auc,0.9820350241545894,0.9636358832894159,0.9957862907744627,0.982 [0.964; 0.996],baseline_vs_event_metrics_df,event_compact,,
rf,Случайный лес,2.0,event_compact,cv_oof,pr_auc,0.9859635745163486,0.9707186616161868,0.9968356185629378,0.986 [0.971; 0.997],baseline_vs_event_metrics_df,event_compact,,
rf,Случайный лес,2.0,event_compact,cv_oof,accuracy,0.9451219512195121,0.9085365853658537,0.975609756097561,0.945 [0.909; 0.976],baseline_vs_event_metrics_df,event_compact,,
rf,Случайный лес,2.0,event_compact,cv_oof,balanced_accuracy,0.9450483091787439,0.9072939211312947,0.9788805751173709,0.945 [0.907; 0.979],baseline_vs_event_metrics_df,event_compact,,
rf,Случайный лес,2.0,event_compact,cv_oof,sensitivity,0.9456521739130435,0.8953335373317014,0.9887640449438202,0.946 [0.895; 0.989],baseline_vs_event_metrics_df,event_compact,,
rf,Случайный лес,2.0,event_compact,cv_oof,specificity,0.9444444444444444,0.8888888888888888,0.9873457278481013,0.944 [0.889; 0.987],baseline_vs_event_metrics_df,event_compact,,
rf,Случайный лес,2.0,event_compact,cv_oof,precision,0.9560439560439561,0.9110861423220974,0.9900024752475247,0.956 [0.911; 0.990],baseline_vs_event_metrics_df,event_compact,,
rf,Случайный лес,2.0,event_compact,cv_oof,npv,0.9315068493150684,0.8701298701298701,0.9857142857142858,0.932 [0.870; 0.986],baseline_vs_event_metrics_df,event_compact,,
rf,Случайный лес,2.0,event_compact,cv_oof,f1,0.9508196721311475,0.9154186693650392,0.9805871919342793,0.951 [0.915; 0.981],baseline_vs_event_metrics_df,event_compact,,
rf,Случайный лес,2.0,event_compact,cv_oof,mcc,0.8888228003772927,0.8127873324657651,0.9523532664857335,0.889 [0.813; 0.952],baseline_vs_event_metrics_df,event_compact,,
rf,Случайный лес,2.0,event_compact,holdout,roc_auc,0.9154135338345863,0.7995535714285715,1.0,0.915 [0.800; 1.000],baseline_vs_event_metrics_df,event_compact,,
rf,Случайный лес,2.0,event_compact,holdout,pr_auc,0.9413628776688059,0.8434793687514811,1.0,0.941 [0.843; 1.000],baseline_vs_event_metrics_df,event_compact,,
rf,Случайный лес,2.0,event_compact,holdout,accuracy,0.8484848484848485,0.7272727272727273,0.9696969696969697,0.848 [0.727; 0.970],baseline_vs_event_metrics_df,event_compact,,
rf,Случайный лес,2.0,event_compact,holdout,balanced_accuracy,0.849624060150376,0.7161654135338347,0.96875,0.850 [0.716; 0.969],baseline_vs_event_metrics_df,event_compact,,
rf,Случайный лес,2.0,event_compact,holdout,sensitivity,0.8421052631578947,0.65,1.0,0.842 [0.650; 1.000],baseline_vs_event_metrics_df,event_compact,,
rf,Случайный лес,2.0,event_compact,holdout,specificity,0.8571428571428571,0.6428571428571429,1.0,0.857 [0.643; 1.000],baseline_vs_event_metrics_df,event_compact,,
rf,Случайный лес,2.0,event_compact,holdout,precision,0.8888888888888888,0.7272727272727273,1.0,0.889 [0.727; 1.000],baseline_vs_event_metrics_df,event_compact,,
rf,Случайный лес,2.0,event_compact,holdout,npv,0.8,0.5714285714285714,1.0,0.800 [0.571; 1.000],baseline_vs_event_metrics_df,event_compact,,
rf,Случайный лес,2.0,event_compact,holdout,f1,0.8648648648648649,0.7272727272727273,0.9714285714285714,0.865 [0.727; 0.971],baseline_vs_event_metrics_df,event_compact,,
rf,Случайный лес,2.0,event_compact,holdout,mcc,0.6940491774014498,0.4259829453048118,0.9376144618769908,0.694 [0.426; 0.938],baseline_vs_event_metrics_df,event_compact,,
svc_rbf,SVM с RBF-ядром,2.0,event_compact,cv_oof,roc_auc,0.9769021739130435,0.949708712723951,0.9973166368515206,0.977 [0.950; 0.997],baseline_vs_event_metrics_df,event_compact,,
svc_rbf,SVM с RBF-ядром,2.0,event_compact,cv_oof,pr_auc,0.976692436735645,0.9428285653751327,0.998058315853952,0.977 [0.943; 0.998],baseline_vs_event_metrics_df,event_compact,,
svc_rbf,SVM с RBF-ядром,2.0,event_compact,cv_oof,accuracy,0.9451219512195121,0.9085365853658537,0.9817073170731707,0.945 [0.909; 0.982],baseline_vs_event_metrics_df,event_compact,,
svc_rbf,SVM с RBF-ядром,2.0,event_compact,cv_oof,balanced_accuracy,0.9450483091787439,0.9062886657216512,0.9806763285024154,0.945 [0.906; 0.981],baseline_vs_event_metrics_df,event_compact,,
svc_rbf,SVM с RBF-ядром,2.0,event_compact,cv_oof,sensitivity,0.9456521739130435,0.8935980243161094,0.9891304347826086,0.946 [0.894; 0.989],baseline_vs_event_metrics_df,event_compact,,
svc_rbf,SVM с RBF-ядром,2.0,event_compact,cv_oof,specificity,0.9444444444444444,0.8840344438170525,0.9871794871794872,0.944 [0.884; 0.987],baseline_vs_event_metrics_df,event_compact,,
svc_rbf,SVM с RBF-ядром,2.0,event_compact,cv_oof,precision,0.9560439560439561,0.9090677179962894,0.9897959183673469,0.956 [0.909; 0.990],baseline_vs_event_metrics_df,event_compact,,
svc_rbf,SVM с RBF-ядром,2.0,event_compact,cv_oof,npv,0.9315068493150684,0.868421052631579,0.9859154929577465,0.932 [0.868; 0.986],baseline_vs_event_metrics_df,event_compact,,
svc_rbf,SVM с RBF-ядром,2.0,event_compact,cv_oof,f1,0.9508196721311475,0.9139072847682119,0.9824561403508771,0.951 [0.914; 0.982],baseline_vs_event_metrics_df,event_compact,,
svc_rbf,SVM с RBF-ядром,2.0,event_compact,cv_oof,mcc,0.8888228003772927,0.8109298378284199,0.962311434911926,0.889 [0.811; 0.962],baseline_vs_event_metrics_df,event_compact,,
svc_rbf,SVM с RBF-ядром,2.0,event_compact,holdout,roc_auc,0.8721804511278195,0.7222117794486216,0.9849624060150376,0.872 [0.722; 0.985],baseline_vs_event_metrics_df,event_compact,,
svc_rbf,SVM с RBF-ядром,2.0,event_compact,holdout,pr_auc,0.8936868308548283,0.754911522856663,0.9920714285714286,0.894 [0.755; 0.992],baseline_vs_event_metrics_df,event_compact,,
svc_rbf,SVM с RBF-ядром,2.0,event_compact,holdout,accuracy,0.8484848484848485,0.7272727272727273,0.9696969696969697,0.848 [0.727; 0.970],baseline_vs_event_metrics_df,event_compact,,
svc_rbf,SVM с RBF-ядром,2.0,event_compact,holdout,balanced_accuracy,0.849624060150376,0.7194802222948675,0.9616071428571425,0.850 [0.719; 0.962],baseline_vs_event_metrics_df,event_compact,,
svc_rbf,SVM с RBF-ядром,2.0,event_compact,holdout,sensitivity,0.8421052631578947,0.6666666666666666,1.0,0.842 [0.667; 1.000],baseline_vs_event_metrics_df,event_compact,,
svc_rbf,SVM с RBF-ядром,2.0,event_compact,holdout,specificity,0.8571428571428571,0.6428571428571429,1.0,0.857 [0.643; 1.000],baseline_vs_event_metrics_df,event_compact,,
svc_rbf,SVM с RBF-ядром,2.0,event_compact,holdout,precision,0.8888888888888888,0.7333333333333333,1.0,0.889 [0.733; 1.000],baseline_vs_event_metrics_df,event_compact,,
svc_rbf,SVM с RBF-ядром,2.0,event_compact,holdout,npv,0.8,0.5714285714285714,1.0,0.800 [0.571; 1.000],baseline_vs_event_metrics_df,event_compact,,
svc_rbf,SVM с RBF-ядром,2.0,event_compact,holdout,f1,0.8648648648648649,0.7272727272727273,0.967741935483871,0.865 [0.727; 0.968],baseline_vs_event_metrics_df,event_compact,,
svc_rbf,SVM с RBF-ядром,2.0,event_compact,holdout,mcc,0.6940491774014498,0.43355498476206,0.9354143466934854,0.694 [0.434; 0.935],baseline_vs_event_metrics_df,event_compact,,
logreg,Логистическая регрессия,,,,roc_auc,,0.0824614415671632,0.21680267589014418,,baseline_vs_event_diff_df,,0.14522946859903385,0.0
logreg,Логистическая регрессия,,,,balanced_accuracy,,0.08556841491720545,0.24493981655242336,,baseline_vs_event_diff_df,,0.16334541062801922,0.0
logreg,Логистическая регрессия,,,,brier_score_negative,,0.07524302201928154,0.16453498907588246,,baseline_vs_event_diff_df,,0.11924100599999203,0.0
rf,Случайный лес,,,,roc_auc,,0.1008362002738437,0.2377313034126218,,baseline_vs_event_diff_df,,0.16983695652173914,0.0
rf,Случайный лес,,,,balanced_accuracy,,0.11869973542457989,0.26854383786571134,,baseline_vs_event_diff_df,,0.19504830917874394,0.0
rf,Случайный лес,,,,brier_score_negative,,0.088312124501328,0.16588248211970283,,baseline_vs_event_diff_df,,0.12922491787185827,0.0
svc_rbf,SVM с RBF-ядром,,,,roc_auc,,0.10784697308152245,0.26383205933427445,,baseline_vs_event_diff_df,,0.18357487922705318,0.0
svc_rbf,SVM с RBF-ядром,,,,balanced_accuracy,,0.1580401110440921,0.3279382202146564,,baseline_vs_event_diff_df,,0.24516908212560384,0.0
svc_rbf,SVM с RBF-ядром,,,,brier_score_negative,,0.10116709966524762,0.1798514545811802,,baseline_vs_event_diff_df,,0.14195642205269043,0.0
logreg,Логистическая регрессия,2.0,event_top2_train_only,nested_cv_top2_event,roc_auc,0.9690519323671497,0.9355642964335251,0.9951385380070791,0.969 [0.936; 0.995],nested_event_metrics_df,,,
logreg,Логистическая регрессия,2.0,event_top2_train_only,nested_cv_top2_event,pr_auc,0.9822524544518174,0.9639709167579212,0.9959850141409207,0.982 [0.964; 0.996],nested_event_metrics_df,,,
logreg,Логистическая регрессия,2.0,event_top2_train_only,nested_cv_top2_event,accuracy,0.926829268292683,0.8841463414634146,0.9634146341463414,0.927 [0.884; 0.963],nested_event_metrics_df,,,
logreg,Логистическая регрессия,2.0,event_top2_train_only,nested_cv_top2_event,balanced_accuracy,0.9287439613526569,0.8861160317568206,0.9671932479354354,0.929 [0.886; 0.967],nested_event_metrics_df,,,
logreg,Логистическая регрессия,2.0,event_top2_train_only,nested_cv_top2_event,sensitivity,0.9130434782608695,0.8488284002818887,0.9680851063829787,0.913 [0.849; 0.968],nested_event_metrics_df,,,
logreg,Логистическая регрессия,2.0,event_top2_train_only,nested_cv_top2_event,specificity,0.9444444444444444,0.8840344438170525,0.9871794871794872,0.944 [0.884; 0.987],nested_event_metrics_df,,,
logreg,Логистическая регрессия,2.0,event_top2_train_only,nested_cv_top2_event,precision,0.9545454545454546,0.9058823529411765,0.9894736842105263,0.955 [0.906; 0.989],nested_event_metrics_df,,,
logreg,Логистическая регрессия,2.0,event_top2_train_only,nested_cv_top2_event,npv,0.8947368421052632,0.8194444444444444,0.9605391319207108,0.895 [0.819; 0.961],nested_event_metrics_df,,,
logreg,Логистическая регрессия,2.0,event_top2_train_only,nested_cv_top2_event,f1,0.9333333333333333,0.8903206136900079,0.969395485466914,0.933 [0.890; 0.969],nested_event_metrics_df,,,
logreg,Логистическая регрессия,2.0,event_top2_train_only,nested_cv_top2_event,mcc,0.8533752470897092,0.765542619071237,0.9294016222362012,0.853 [0.766; 0.929],nested_event_metrics_df,,,
rf,Случайный лес,2.0,event_top2_train_only,nested_cv_top2_event,roc_auc,0.9756944444444445,0.952592493172107,0.9936788766264439,0.976 [0.953; 0.994],nested_event_metrics_df,,,
rf,Случайный лес,2.0,event_top2_train_only,nested_cv_top2_event,pr_auc,0.980254173283382,0.9594043287238324,0.9956317972656092,0.980 [0.959; 0.996],nested_event_metrics_df,,,
rf,Случайный лес,2.0,event_top2_train_only,nested_cv_top2_event,accuracy,0.9451219512195121,0.9085365853658537,0.975609756097561,0.945 [0.909; 0.976],nested_event_metrics_df,,,
rf,Случайный лес,2.0,event_top2_train_only,nested_cv_top2_event,balanced_accuracy,0.9450483091787439,0.9072939211312947,0.9788805751173709,0.945 [0.907; 0.979],nested_event_metrics_df,,,
rf,Случайный лес,2.0,event_top2_train_only,nested_cv_top2_event,sensitivity,0.9456521739130435,0.8953335373317014,0.9887640449438202,0.946 [0.895; 0.989],nested_event_metrics_df,,,
rf,Случайный лес,2.0,event_top2_train_only,nested_cv_top2_event,specificity,0.9444444444444444,0.8888888888888888,0.9873457278481013,0.944 [0.889; 0.987],nested_event_metrics_df,,,
rf,Случайный лес,2.0,event_top2_train_only,nested_cv_top2_event,precision,0.9560439560439561,0.9110861423220974,0.9900024752475247,0.956 [0.911; 0.990],nested_event_metrics_df,,,
rf,Случайный лес,2.0,event_top2_train_only,nested_cv_top2_event,npv,0.9315068493150684,0.8701298701298701,0.9857142857142858,0.932 [0.870; 0.986],nested_event_metrics_df,,,
rf,Случайный лес,2.0,event_top2_train_only,nested_cv_top2_event,f1,0.9508196721311475,0.9154186693650392,0.9805871919342793,0.951 [0.915; 0.981],nested_event_metrics_df,,,
rf,Случайный лес,2.0,event_top2_train_only,nested_cv_top2_event,mcc,0.8888228003772927,0.8127873324657651,0.9523532664857335,0.889 [0.813; 0.952],nested_event_metrics_df,,,
svc_rbf,SVM с RBF-ядром,2.0,event_top2_train_only,nested_cv_top2_event,roc_auc,0.9758454106280192,0.9486210396277704,0.9961369167126993,0.976 [0.949; 0.996],nested_event_metrics_df,,,
svc_rbf,SVM с RBF-ядром,2.0,event_top2_train_only,nested_cv_top2_event,pr_auc,0.9821231502048197,0.9603535224874542,0.9976372538427403,0.982 [0.960; 0.998],nested_event_metrics_df,,,
svc_rbf,SVM с RBF-ядром,2.0,event_top2_train_only,nested_cv_top2_event,accuracy,0.9451219512195121,0.9085365853658537,0.9817073170731707,0.945 [0.909; 0.982],nested_event_metrics_df,,,
svc_rbf,SVM с RBF-ядром,2.0,event_top2_train_only,nested_cv_top2_event,balanced_accuracy,0.9450483091787439,0.9062886657216512,0.9806763285024154,0.945 [0.906; 0.981],nested_event_metrics_df,,,
svc_rbf,SVM с RBF-ядром,2.0,event_top2_train_only,nested_cv_top2_event,sensitivity,0.9456521739130435,0.8935980243161094,0.9891304347826086,0.946 [0.894; 0.989],nested_event_metrics_df,,,
svc_rbf,SVM с RBF-ядром,2.0,event_top2_train_only,nested_cv_top2_event,specificity,0.9444444444444444,0.8840344438170525,0.9871794871794872,0.944 [0.884; 0.987],nested_event_metrics_df,,,
svc_rbf,SVM с RBF-ядром,2.0,event_top2_train_only,nested_cv_top2_event,precision,0.9560439560439561,0.9090677179962894,0.9897959183673469,0.956 [0.909; 0.990],nested_event_metrics_df,,,
svc_rbf,SVM с RBF-ядром,2.0,event_top2_train_only,nested_cv_top2_event,npv,0.9315068493150684,0.868421052631579,0.9859154929577465,0.932 [0.868; 0.986],nested_event_metrics_df,,,
svc_rbf,SVM с RBF-ядром,2.0,event_top2_train_only,nested_cv_top2_event,f1,0.9508196721311475,0.9139072847682119,0.9824561403508771,0.951 [0.914; 0.982],nested_event_metrics_df,,,
svc_rbf,SVM с RBF-ядром,2.0,event_top2_train_only,nested_cv_top2_event,mcc,0.8888228003772927,0.8109298378284199,0.962311434911926,0.889 [0.811; 0.962],nested_event_metrics_df,,,
logreg,Логистическая регрессия,1.0,negative_control_n_records_only,cv_oof,roc_auc,1.0,1.0,1.0,1.000 [1.000; 1.000],negative_control_metrics_df,,,
logreg,Логистическая регрессия,1.0,negative_control_n_records_only,cv_oof,pr_auc,1.0,0.9999999999999999,1.0000000000000002,1.000 [1.000; 1.000],negative_control_metrics_df,,,
logreg,Логистическая регрессия,1.0,negative_control_n_records_only,cv_oof,accuracy,1.0,1.0,1.0,1.000 [1.000; 1.000],negative_control_metrics_df,,,
logreg,Логистическая регрессия,1.0,negative_control_n_records_only,cv_oof,balanced_accuracy,1.0,1.0,1.0,1.000 [1.000; 1.000],negative_control_metrics_df,,,
logreg,Логистическая регрессия,1.0,negative_control_n_records_only,cv_oof,sensitivity,1.0,1.0,1.0,1.000 [1.000; 1.000],negative_control_metrics_df,,,
logreg,Логистическая регрессия,1.0,negative_control_n_records_only,cv_oof,specificity,1.0,1.0,1.0,1.000 [1.000; 1.000],negative_control_metrics_df,,,
logreg,Логистическая регрессия,1.0,negative_control_n_records_only,cv_oof,precision,1.0,1.0,1.0,1.000 [1.000; 1.000],negative_control_metrics_df,,,
logreg,Логистическая регрессия,1.0,negative_control_n_records_only,cv_oof,npv,1.0,1.0,1.0,1.000 [1.000; 1.000],negative_control_metrics_df,,,
logreg,Логистическая регрессия,1.0,negative_control_n_records_only,cv_oof,f1,1.0,1.0,1.0,1.000 [1.000; 1.000],negative_control_metrics_df,,,
logreg,Логистическая регрессия,1.0,negative_control_n_records_only,cv_oof,mcc,1.0,1.0,1.0,1.000 [1.000; 1.000],negative_control_metrics_df,,,
rf,Случайный лес,1.0,negative_control_n_records_only,cv_oof,roc_auc,1.0,1.0,1.0,1.000 [1.000; 1.000],negative_control_metrics_df,,,
rf,Случайный лес,1.0,negative_control_n_records_only,cv_oof,pr_auc,1.0,1.0,1.0,1.000 [1.000; 1.000],negative_control_metrics_df,,,
rf,Случайный лес,1.0,negative_control_n_records_only,cv_oof,accuracy,1.0,1.0,1.0,1.000 [1.000; 1.000],negative_control_metrics_df,,,
rf,Случайный лес,1.0,negative_control_n_records_only,cv_oof,balanced_accuracy,1.0,1.0,1.0,1.000 [1.000; 1.000],negative_control_metrics_df,,,
rf,Случайный лес,1.0,negative_control_n_records_only,cv_oof,sensitivity,1.0,1.0,1.0,1.000 [1.000; 1.000],negative_control_metrics_df,,,
rf,Случайный лес,1.0,negative_control_n_records_only,cv_oof,specificity,1.0,1.0,1.0,1.000 [1.000; 1.000],negative_control_metrics_df,,,
rf,Случайный лес,1.0,negative_control_n_records_only,cv_oof,precision,1.0,1.0,1.0,1.000 [1.000; 1.000],negative_control_metrics_df,,,
rf,Случайный лес,1.0,negative_control_n_records_only,cv_oof,npv,1.0,1.0,1.0,1.000 [1.000; 1.000],negative_control_metrics_df,,,
rf,Случайный лес,1.0,negative_control_n_records_only,cv_oof,f1,1.0,1.0,1.0,1.000 [1.000; 1.000],negative_control_metrics_df,,,
rf,Случайный лес,1.0,negative_control_n_records_only,cv_oof,mcc,1.0,1.0,1.0,1.000 [1.000; 1.000],negative_control_metrics_df,,,
svc_rbf,SVM с RBF-ядром,1.0,negative_control_n_records_only,cv_oof,roc_auc,1.0,0.9999999999999999,1.0,1.000 [1.000; 1.000],negative_control_metrics_df,,,
svc_rbf,SVM с RBF-ядром,1.0,negative_control_n_records_only,cv_oof,pr_auc,0.9999999999999999,0.9999999999999999,1.0,1.000 [1.000; 1.000],negative_control_metrics_df,,,
svc_rbf,SVM с RBF-ядром,1.0,negative_control_n_records_only,cv_oof,accuracy,1.0,1.0,1.0,1.000 [1.000; 1.000],negative_control_metrics_df,,,
svc_rbf,SVM с RBF-ядром,1.0,negative_control_n_records_only,cv_oof,balanced_accuracy,1.0,1.0,1.0,1.000 [1.000; 1.000],negative_control_metrics_df,,,
svc_rbf,SVM с RBF-ядром,1.0,negative_control_n_records_only,cv_oof,sensitivity,1.0,1.0,1.0,1.000 [1.000; 1.000],negative_control_metrics_df,,,
svc_rbf,SVM с RBF-ядром,1.0,negative_control_n_records_only,cv_oof,specificity,1.0,1.0,1.0,1.000 [1.000; 1.000],negative_control_metrics_df,,,
svc_rbf,SVM с RBF-ядром,1.0,negative_control_n_records_only,cv_oof,precision,1.0,1.0,1.0,1.000 [1.000; 1.000],negative_control_metrics_df,,,
svc_rbf,SVM с RBF-ядром,1.0,negative_control_n_records_only,cv_oof,npv,1.0,1.0,1.0,1.000 [1.000; 1.000],negative_control_metrics_df,,,
svc_rbf,SVM с RBF-ядром,1.0,negative_control_n_records_only,cv_oof,f1,1.0,1.0,1.0,1.000 [1.000; 1.000],negative_control_metrics_df,,,
svc_rbf,SVM с RBF-ядром,1.0,negative_control_n_records_only,cv_oof,mcc,1.0,1.0,1.0,1.000 [1.000; 1.000],negative_control_metrics_df,,,
logreg,Логистическая регрессия,2.0,event_compact_no_single_record_subjects,cv_oof,roc_auc,0.9834474885844748,0.961662372381623,0.998461729812476,0.983 [0.962; 0.998],sens_metrics_df,,,
logreg,Логистическая регрессия,2.0,event_compact_no_single_record_subjects,cv_oof,pr_auc,0.986125678369551,0.9676812349316507,0.9984745061470794,0.986 [0.968; 0.998],sens_metrics_df,,,
logreg,Логистическая регрессия,2.0,event_compact_no_single_record_subjects,cv_oof,accuracy,0.9517241379310345,0.9172413793103448,0.9862068965517241,0.952 [0.917; 0.986],sens_metrics_df,,,
logreg,Логистическая регрессия,2.0,event_compact_no_single_record_subjects,cv_oof,balanced_accuracy,0.951769406392694,0.9161872612681436,0.9860146604938271,0.952 [0.916; 0.986],sens_metrics_df,,,
logreg,Логистическая регрессия,2.0,event_compact_no_single_record_subjects,cv_oof,sensitivity,0.9452054794520548,0.8875,0.988515325670498,0.945 [0.887; 0.989],sens_metrics_df,,,
logreg,Логистическая регрессия,2.0,event_compact_no_single_record_subjects,cv_oof,specificity,0.9583333333333334,0.9076923076923077,1.0,0.958 [0.908; 1.000],sens_metrics_df,,,
logreg,Логистическая регрессия,2.0,event_compact_no_single_record_subjects,cv_oof,precision,0.9583333333333334,0.9102564102564102,1.0,0.958 [0.910; 1.000],sens_metrics_df,,,
logreg,Логистическая регрессия,2.0,event_compact_no_single_record_subjects,cv_oof,npv,0.9452054794520548,0.8873239436619719,0.9882352941176471,0.945 [0.887; 0.988],sens_metrics_df,,,
logreg,Логистическая регрессия,2.0,event_compact_no_single_record_subjects,cv_oof,f1,0.9517241379310345,0.9117647058823529,0.9848541383989144,0.952 [0.912; 0.985],sens_metrics_df,,,
logreg,Логистическая регрессия,2.0,event_compact_no_single_record_subjects,cv_oof,mcc,0.9035388127853882,0.8334869258102446,0.9721172564250096,0.904 [0.833; 0.972],sens_metrics_df,,,
rf,Случайный лес,2.0,event_compact_no_single_record_subjects,cv_oof,roc_auc,0.9868721461187214,0.9710682819990842,0.9984618029029794,0.987 [0.971; 0.998],sens_metrics_df,,,
rf,Случайный лес,2.0,event_compact_no_single_record_subjects,cv_oof,pr_auc,0.9860038992864995,0.9681909951676949,0.9987496354003543,0.986 [0.968; 0.999],sens_metrics_df,,,
rf,Случайный лес,2.0,event_compact_no_single_record_subjects,cv_oof,accuracy,0.9586206896551724,0.9241379310344827,0.9862068965517241,0.959 [0.924; 0.986],sens_metrics_df,,,
rf,Случайный лес,2.0,event_compact_no_single_record_subjects,cv_oof,balanced_accuracy,0.958523592085236,0.9241764075598847,0.987012987012987,0.959 [0.924; 0.987],sens_metrics_df,,,
rf,Случайный лес,2.0,event_compact_no_single_record_subjects,cv_oof,sensitivity,0.9726027397260274,0.9305555555555556,1.0,0.973 [0.931; 1.000],sens_metrics_df,,,
rf,Случайный лес,2.0,event_compact_no_single_record_subjects,cv_oof,specificity,0.9444444444444444,0.8873239436619719,0.9875,0.944 [0.887; 0.988],sens_metrics_df,,,
rf,Случайный лес,2.0,event_compact_no_single_record_subjects,cv_oof,precision,0.9466666666666667,0.8922972972972973,0.9882352941176471,0.947 [0.892; 0.988],sens_metrics_df,,,
rf,Случайный лес,2.0,event_compact_no_single_record_subjects,cv_oof,npv,0.9714285714285714,0.9285714285714286,1.0,0.971 [0.929; 1.000],sens_metrics_df,,,
rf,Случайный лес,2.0,event_compact_no_single_record_subjects,cv_oof,f1,0.9594594594594594,0.9242424242424242,0.9873457278481013,0.959 [0.924; 0.987],sens_metrics_df,,,
rf,Случайный лес,2.0,event_compact_no_single_record_subjects,cv_oof,mcc,0.91757106149636,0.8490609337692899,0.9727271745481458,0.918 [0.849; 0.973],sens_metrics_df,,,
svc_rbf,SVM с RBF-ядром,2.0,event_compact_no_single_record_subjects,cv_oof,roc_auc,0.9701293759512938,0.9357321004224608,0.9977200773984077,0.970 [0.936; 0.998],sens_metrics_df,,,
svc_rbf,SVM с RBF-ядром,2.0,event_compact_no_single_record_subjects,cv_oof,pr_auc,0.9669849085255208,0.9234003861417452,0.9976979464112055,0.967 [0.923; 0.998],sens_metrics_df,,,
svc_rbf,SVM с RBF-ядром,2.0,event_compact_no_single_record_subjects,cv_oof,accuracy,0.9517241379310345,0.9172413793103448,0.9862068965517241,0.952 [0.917; 0.986],sens_metrics_df,,,
svc_rbf,SVM с RBF-ядром,2.0,event_compact_no_single_record_subjects,cv_oof,balanced_accuracy,0.951769406392694,0.9161872612681436,0.9860146604938271,0.952 [0.916; 0.986],sens_metrics_df,,,
svc_rbf,SVM с RBF-ядром,2.0,event_compact_no_single_record_subjects,cv_oof,sensitivity,0.9452054794520548,0.8875,0.988515325670498,0.945 [0.887; 0.989],sens_metrics_df,,,
svc_rbf,SVM с RBF-ядром,2.0,event_compact_no_single_record_subjects,cv_oof,specificity,0.9583333333333334,0.9076923076923077,1.0,0.958 [0.908; 1.000],sens_metrics_df,,,
svc_rbf,SVM с RBF-ядром,2.0,event_compact_no_single_record_subjects,cv_oof,precision,0.9583333333333334,0.9102564102564102,1.0,0.958 [0.910; 1.000],sens_metrics_df,,,
svc_rbf,SVM с RBF-ядром,2.0,event_compact_no_single_record_subjects,cv_oof,npv,0.9452054794520548,0.8873239436619719,0.9882352941176471,0.945 [0.887; 0.988],sens_metrics_df,,,
svc_rbf,SVM с RBF-ядром,2.0,event_compact_no_single_record_subjects,cv_oof,f1,0.9517241379310345,0.9117647058823529,0.9848541383989144,0.952 [0.912; 0.985],sens_metrics_df,,,
svc_rbf,SVM с RBF-ядром,2.0,event_compact_no_single_record_subjects,cv_oof,mcc,0.9035388127853882,0.8334869258102446,0.9721172564250096,0.904 [0.833; 0.972],sens_metrics_df,,,
logreg,Логистическая регрессия,2.0,event_compact_matched_records_2_4,cv_oof,roc_auc,0.9865598345825795,0.96641168261563,0.9997415352804342,0.987 [0.966; 1.000],matched_sensitivity_metrics_df,,,
logreg,Логистическая регрессия,2.0,event_compact_matched_records_2_4,cv_oof,pr_auc,0.9914066087767601,0.9787339731360176,0.9998045158316718,0.991 [0.979; 1.000],matched_sensitivity_metrics_df,,,
logreg,Логистическая регрессия,2.0,event_compact_matched_records_2_4,cv_oof,accuracy,0.9523809523809523,0.9126984126984127,0.9841269841269841,0.952 [0.913; 0.984],matched_sensitivity_metrics_df,,,
logreg,Логистическая регрессия,2.0,event_compact_matched_records_2_4,cv_oof,balanced_accuracy,0.9537348151977255,0.9142622791060291,0.9863013698630136,0.954 [0.914; 0.986],matched_sensitivity_metrics_df,,,
logreg,Логистическая регрессия,2.0,event_compact_matched_records_2_4,cv_oof,sensitivity,0.9452054794520548,0.8840344438170525,0.9875,0.945 [0.884; 0.988],matched_sensitivity_metrics_df,,,
logreg,Логистическая регрессия,2.0,event_compact_matched_records_2_4,cv_oof,specificity,0.9622641509433962,0.9,1.0,0.962 [0.900; 1.000],matched_sensitivity_metrics_df,,,
logreg,Логистическая регрессия,2.0,event_compact_matched_records_2_4,cv_oof,precision,0.971830985915493,0.9259259259259259,1.0,0.972 [0.926; 1.000],matched_sensitivity_metrics_df,,,
logreg,Логистическая регрессия,2.0,event_compact_matched_records_2_4,cv_oof,npv,0.9272727272727272,0.8518518518518519,0.9836065573770492,0.927 [0.852; 0.984],matched_sensitivity_metrics_df,,,
logreg,Логистическая регрессия,2.0,event_compact_matched_records_2_4,cv_oof,f1,0.9583333333333334,0.921983045212766,0.9871794871794872,0.958 [0.922; 0.987],matched_sensitivity_metrics_df,,,
logreg,Логистическая регрессия,2.0,event_compact_matched_records_2_4,cv_oof,mcc,0.9032769864742994,0.8230047070091903,0.9685549789436587,0.903 [0.823; 0.969],matched_sensitivity_metrics_df,,,
rf,Случайный лес,2.0,event_compact_matched_records_2_4,cv_oof,roc_auc,0.9870767640217111,0.9626202185285067,1.0,0.987 [0.963; 1.000],matched_sensitivity_metrics_df,,,
rf,Случайный лес,2.0,event_compact_matched_records_2_4,cv_oof,pr_auc,0.9879630721855426,0.9632242679428713,1.0,0.988 [0.963; 1.000],matched_sensitivity_metrics_df,,,
rf,Случайный лес,2.0,event_compact_matched_records_2_4,cv_oof,accuracy,0.9682539682539683,0.9365079365079365,0.9920634920634921,0.968 [0.937; 0.992],matched_sensitivity_metrics_df,,,
rf,Случайный лес,2.0,event_compact_matched_records_2_4,cv_oof,balanced_accuracy,0.9674334453347118,0.9321113449543822,0.9936708860759493,0.967 [0.932; 0.994],matched_sensitivity_metrics_df,,,
rf,Случайный лес,2.0,event_compact_matched_records_2_4,cv_oof,sensitivity,0.9726027397260274,0.9264705882352942,1.0,0.973 [0.926; 1.000],matched_sensitivity_metrics_df,,,
rf,Случайный лес,2.0,event_compact_matched_records_2_4,cv_oof,specificity,0.9622641509433962,0.9074074074074074,1.0,0.962 [0.907; 1.000],matched_sensitivity_metrics_df,,,
rf,Случайный лес,2.0,event_compact_matched_records_2_4,cv_oof,precision,0.9726027397260274,0.9305555555555556,1.0,0.973 [0.931; 1.000],matched_sensitivity_metrics_df,,,
rf,Случайный лес,2.0,event_compact_matched_records_2_4,cv_oof,npv,0.9622641509433962,0.9019607843137255,1.0,0.962 [0.902; 1.000],matched_sensitivity_metrics_df,,,
rf,Случайный лес,2.0,event_compact_matched_records_2_4,cv_oof,f1,0.9726027397260274,0.9419165085388994,0.9937907251457532,0.973 [0.942; 0.994],matched_sensitivity_metrics_df,,,
rf,Случайный лес,2.0,event_compact_matched_records_2_4,cv_oof,mcc,0.9348668906694236,0.8682028615035684,0.9842431058001557,0.935 [0.868; 0.984],matched_sensitivity_metrics_df,,,
svc_rbf,SVM с RBF-ядром,2.0,event_compact_matched_records_2_4,cv_oof,roc_auc,0.9767381752390798,0.9426196929324056,0.9997415352804342,0.977 [0.943; 1.000],matched_sensitivity_metrics_df,,,
svc_rbf,SVM с RBF-ядром,2.0,event_compact_matched_records_2_4,cv_oof,pr_auc,0.9833202858856507,0.9569087735698139,0.9998045158316718,0.983 [0.957; 1.000],matched_sensitivity_metrics_df,,,
svc_rbf,SVM с RBF-ядром,2.0,event_compact_matched_records_2_4,cv_oof,accuracy,0.9444444444444444,0.8968253968253969,0.9841269841269841,0.944 [0.897; 0.984],matched_sensitivity_metrics_df,,,
svc_rbf,SVM с RBF-ядром,2.0,event_compact_matched_records_2_4,cv_oof,balanced_accuracy,0.9443008529335746,0.9002713477008294,0.9837167226673559,0.944 [0.900; 0.984],matched_sensitivity_metrics_df,,,
svc_rbf,SVM с RBF-ядром,2.0,event_compact_matched_records_2_4,cv_oof,sensitivity,0.9452054794520548,0.8840344438170525,0.9875,0.945 [0.884; 0.988],matched_sensitivity_metrics_df,,,
svc_rbf,SVM с RBF-ядром,2.0,event_compact_matched_records_2_4,cv_oof,specificity,0.9433962264150944,0.8703703703703703,1.0,0.943 [0.870; 1.000],matched_sensitivity_metrics_df,,,
svc_rbf,SVM с RBF-ядром,2.0,event_compact_matched_records_2_4,cv_oof,precision,0.9583333333333334,0.9054054054054054,1.0,0.958 [0.905; 1.000],matched_sensitivity_metrics_df,,,
svc_rbf,SVM с RBF-ядром,2.0,event_compact_matched_records_2_4,cv_oof,npv,0.9259259259259259,0.8478168754605748,0.9833333333333333,0.926 [0.848; 0.983],matched_sensitivity_metrics_df,,,
svc_rbf,SVM с RBF-ядром,2.0,event_compact_matched_records_2_4,cv_oof,f1,0.9517241379310345,0.9104477611940298,0.9857193158953722,0.952 [0.910; 0.986],matched_sensitivity_metrics_df,,,
svc_rbf,SVM с RBF-ядром,2.0,event_compact_matched_records_2_4,cv_oof,mcc,0.8864278234614477,0.7964517704890756,0.9674334453347118,0.886 [0.796; 0.967],matched_sensitivity_metrics_df,,,
logreg,Логистическая регрессия,3.0,event_compact_plus_n_records_control_covariate,cv_oof,roc_auc,0.9919987922705313,0.9736602239788321,1.0,0.992 [0.974; 1.000],adjusted_covariate_metrics_df,,,
logreg,Логистическая регрессия,3.0,event_compact_plus_n_records_control_covariate,cv_oof,pr_auc,0.9960269865067467,0.9865322868300166,1.0000000000000002,0.996 [0.987; 1.000],adjusted_covariate_metrics_df,,,
logreg,Логистическая регрессия,3.0,event_compact_plus_n_records_control_covariate,cv_oof,accuracy,0.9939024390243902,0.9817073170731707,1.0,0.994 [0.982; 1.000],adjusted_covariate_metrics_df,,,
logreg,Логистическая регрессия,3.0,event_compact_plus_n_records_control_covariate,cv_oof,balanced_accuracy,0.9945652173913043,0.9827586206896552,1.0,0.995 [0.983; 1.000],adjusted_covariate_metrics_df,,,
logreg,Логистическая регрессия,3.0,event_compact_plus_n_records_control_covariate,cv_oof,sensitivity,0.9891304347826086,0.9655172413793104,1.0,0.989 [0.966; 1.000],adjusted_covariate_metrics_df,,,
logreg,Логистическая регрессия,3.0,event_compact_plus_n_records_control_covariate,cv_oof,specificity,1.0,1.0,1.0,1.000 [1.000; 1.000],adjusted_covariate_metrics_df,,,
logreg,Логистическая регрессия,3.0,event_compact_plus_n_records_control_covariate,cv_oof,precision,1.0,1.0,1.0,1.000 [1.000; 1.000],adjusted_covariate_metrics_df,,,
logreg,Логистическая регрессия,3.0,event_compact_plus_n_records_control_covariate,cv_oof,npv,0.9863013698630136,0.9565217391304348,1.0,0.986 [0.957; 1.000],adjusted_covariate_metrics_df,,,
logreg,Логистическая регрессия,3.0,event_compact_plus_n_records_control_covariate,cv_oof,f1,0.994535519125683,0.9824561403508771,1.0,0.995 [0.982; 1.000],adjusted_covariate_metrics_df,,,
logreg,Логистическая регрессия,3.0,event_compact_plus_n_records_control_covariate,cv_oof,mcc,0.987714889428769,0.9629332590589817,1.0,0.988 [0.963; 1.000],adjusted_covariate_metrics_df,,,
rf,Случайный лес,3.0,event_compact_plus_n_records_control_covariate,cv_oof,roc_auc,0.9996980676328502,0.9986211697302979,1.0,1.000 [0.999; 1.000],adjusted_covariate_metrics_df,,,
rf,Случайный лес,3.0,event_compact_plus_n_records_control_covariate,cv_oof,pr_auc,0.9997687326549491,0.9988794262662484,1.0,1.000 [0.999; 1.000],adjusted_covariate_metrics_df,,,
rf,Случайный лес,3.0,event_compact_plus_n_records_control_covariate,cv_oof,accuracy,0.9817073170731707,0.9573170731707317,1.0,0.982 [0.957; 1.000],adjusted_covariate_metrics_df,,,
rf,Случайный лес,3.0,event_compact_plus_n_records_control_covariate,cv_oof,balanced_accuracy,0.9806763285024154,0.9564879564879565,1.0,0.981 [0.956; 1.000],adjusted_covariate_metrics_df,,,
rf,Случайный лес,3.0,event_compact_plus_n_records_control_covariate,cv_oof,sensitivity,0.9891304347826086,0.9655172413793104,1.0,0.989 [0.966; 1.000],adjusted_covariate_metrics_df,,,
rf,Случайный лес,3.0,event_compact_plus_n_records_control_covariate,cv_oof,specificity,0.9722222222222222,0.9285714285714286,1.0,0.972 [0.929; 1.000],adjusted_covariate_metrics_df,,,
rf,Случайный лес,3.0,event_compact_plus_n_records_control_covariate,cv_oof,precision,0.978494623655914,0.945637243191591,1.0,0.978 [0.946; 1.000],adjusted_covariate_metrics_df,,,
rf,Случайный лес,3.0,event_compact_plus_n_records_control_covariate,cv_oof,npv,0.9859154929577465,0.9552238805970149,1.0,0.986 [0.955; 1.000],adjusted_covariate_metrics_df,,,
rf,Случайный лес,3.0,event_compact_plus_n_records_control_covariate,cv_oof,f1,0.9837837837837838,0.9629629629629629,1.0,0.984 [0.963; 1.000],adjusted_covariate_metrics_df,,,
rf,Случайный лес,3.0,event_compact_plus_n_records_control_covariate,cv_oof,mcc,0.9628801732556763,0.9145627906480652,1.0,0.963 [0.915; 1.000],adjusted_covariate_metrics_df,,,
svc_rbf,SVM с RBF-ядром,3.0,event_compact_plus_n_records_control_covariate,cv_oof,roc_auc,0.9998490338164252,0.9991043439319302,1.0,1.000 [0.999; 1.000],adjusted_covariate_metrics_df,,,
svc_rbf,SVM с RBF-ядром,3.0,event_compact_plus_n_records_control_covariate,cv_oof,pr_auc,0.9998831229546519,0.9993349276481355,1.0000000000000002,1.000 [0.999; 1.000],adjusted_covariate_metrics_df,,,
svc_rbf,SVM с RBF-ядром,3.0,event_compact_plus_n_records_control_covariate,cv_oof,accuracy,0.9939024390243902,0.9817073170731707,1.0,0.994 [0.982; 1.000],adjusted_covariate_metrics_df,,,
svc_rbf,SVM с RBF-ядром,3.0,event_compact_plus_n_records_control_covariate,cv_oof,balanced_accuracy,0.9930555555555556,0.9776119402985075,1.0,0.993 [0.978; 1.000],adjusted_covariate_metrics_df,,,
svc_rbf,SVM с RBF-ядром,3.0,event_compact_plus_n_records_control_covariate,cv_oof,sensitivity,1.0,1.0,1.0,1.000 [1.000; 1.000],adjusted_covariate_metrics_df,,,
svc_rbf,SVM с RBF-ядром,3.0,event_compact_plus_n_records_control_covariate,cv_oof,specificity,0.9861111111111112,0.9552238805970149,1.0,0.986 [0.955; 1.000],adjusted_covariate_metrics_df,,,
svc_rbf,SVM с RBF-ядром,3.0,event_compact_plus_n_records_control_covariate,cv_oof,precision,0.989247311827957,0.9659090909090909,1.0,0.989 [0.966; 1.000],adjusted_covariate_metrics_df,,,
svc_rbf,SVM с RBF-ядром,3.0,event_compact_plus_n_records_control_covariate,cv_oof,npv,1.0,1.0,1.0,1.000 [1.000; 1.000],adjusted_covariate_metrics_df,,,
svc_rbf,SVM с RBF-ядром,3.0,event_compact_plus_n_records_control_covariate,cv_oof,f1,0.9945945945945946,0.9826589595375722,1.0,0.995 [0.983; 1.000],adjusted_covariate_metrics_df,,,
svc_rbf,SVM с RBF-ядром,3.0,event_compact_plus_n_records_control_covariate,cv_oof,mcc,0.9876779666623866,0.9625835881517535,1.0,0.988 [0.963; 1.000],adjusted_covariate_metrics_df,,,
logreg,Логистическая регрессия,1.0,z_peak_only,cv_oof,roc_auc,0.9648248792270531,0.9269988126180518,0.995965061499251,0.965 [0.927; 0.996],ablation_metrics_long_df,,,
logreg,Логистическая регрессия,1.0,z_peak_only,cv_oof,pr_auc,0.9819720444793094,0.963064444746377,0.9966791453776577,0.982 [0.963; 0.997],ablation_metrics_long_df,,,
logreg,Логистическая регрессия,1.0,z_peak_only,cv_oof,accuracy,0.9451219512195121,0.9085365853658537,0.9817073170731707,0.945 [0.909; 0.982],ablation_metrics_long_df,,,
logreg,Логистическая регрессия,1.0,z_peak_only,cv_oof,balanced_accuracy,0.9465579710144928,0.9087471844750558,0.9806786510590857,0.947 [0.909; 0.981],ablation_metrics_long_df,,,
logreg,Логистическая регрессия,1.0,z_peak_only,cv_oof,sensitivity,0.9347826086956522,0.8804347826086957,0.9797979797979798,0.935 [0.880; 0.980],ablation_metrics_long_df,,,
logreg,Логистическая регрессия,1.0,z_peak_only,cv_oof,specificity,0.9583333333333334,0.9076923076923077,1.0,0.958 [0.908; 1.000],ablation_metrics_long_df,,,
logreg,Логистическая регрессия,1.0,z_peak_only,cv_oof,precision,0.9662921348314607,0.9247311827956989,1.0,0.966 [0.925; 1.000],ablation_metrics_long_df,,,
logreg,Логистическая регрессия,1.0,z_peak_only,cv_oof,npv,0.92,0.855072463768116,0.975,0.920 [0.855; 0.975],ablation_metrics_long_df,,,
logreg,Логистическая регрессия,1.0,z_peak_only,cv_oof,f1,0.9502762430939227,0.9142857142857143,0.9820464334488916,0.950 [0.914; 0.982],ablation_metrics_long_df,,,
logreg,Логистическая регрессия,1.0,z_peak_only,cv_oof,mcc,0.8896974962946004,0.8138360925819085,0.9621373989845088,0.890 [0.814; 0.962],ablation_metrics_long_df,,,
rf,Случайный лес,1.0,z_peak_only,cv_oof,roc_auc,0.9845259661835749,0.9695423425780568,0.9960502913162489,0.985 [0.970; 0.996],ablation_metrics_long_df,,,
rf,Случайный лес,1.0,z_peak_only,cv_oof,pr_auc,0.987916378433112,0.9754896848838837,0.9970056142633343,0.988 [0.975; 0.997],ablation_metrics_long_df,,,
rf,Случайный лес,1.0,z_peak_only,cv_oof,accuracy,0.9451219512195121,0.9085365853658537,0.975609756097561,0.945 [0.909; 0.976],ablation_metrics_long_df,,,
rf,Случайный лес,1.0,z_peak_only,cv_oof,balanced_accuracy,0.9450483091787439,0.9072939211312947,0.9788805751173709,0.945 [0.907; 0.979],ablation_metrics_long_df,,,
rf,Случайный лес,1.0,z_peak_only,cv_oof,sensitivity,0.9456521739130435,0.8953335373317014,0.9887640449438202,0.946 [0.895; 0.989],ablation_metrics_long_df,,,
rf,Случайный лес,1.0,z_peak_only,cv_oof,specificity,0.9444444444444444,0.8888888888888888,0.9873457278481013,0.944 [0.889; 0.987],ablation_metrics_long_df,,,
rf,Случайный лес,1.0,z_peak_only,cv_oof,precision,0.9560439560439561,0.9110861423220974,0.9900024752475247,0.956 [0.911; 0.990],ablation_metrics_long_df,,,
rf,Случайный лес,1.0,z_peak_only,cv_oof,npv,0.9315068493150684,0.8701298701298701,0.9857142857142858,0.932 [0.870; 0.986],ablation_metrics_long_df,,,
rf,Случайный лес,1.0,z_peak_only,cv_oof,f1,0.9508196721311475,0.9154186693650392,0.9805871919342793,0.951 [0.915; 0.981],ablation_metrics_long_df,,,
rf,Случайный лес,1.0,z_peak_only,cv_oof,mcc,0.8888228003772927,0.8127873324657651,0.9523532664857335,0.889 [0.813; 0.952],ablation_metrics_long_df,,,
svc_rbf,SVM с RBF-ядром,1.0,z_peak_only,cv_oof,roc_auc,0.9818840579710145,0.9623228289430505,0.9973132715966119,0.982 [0.962; 0.997],ablation_metrics_long_df,,,
svc_rbf,SVM с RBF-ядром,1.0,z_peak_only,cv_oof,pr_auc,0.9870354409145076,0.9718784497583698,0.997854927847988,0.987 [0.972; 0.998],ablation_metrics_long_df,,,
svc_rbf,SVM с RBF-ядром,1.0,z_peak_only,cv_oof,accuracy,0.9451219512195121,0.9085365853658537,0.9757621951219504,0.945 [0.909; 0.976],ablation_metrics_long_df,,,
svc_rbf,SVM с RBF-ядром,1.0,z_peak_only,cv_oof,balanced_accuracy,0.9450483091787439,0.9071700991609458,0.979171875,0.945 [0.907; 0.979],ablation_metrics_long_df,,,
svc_rbf,SVM с RBF-ядром,1.0,z_peak_only,cv_oof,sensitivity,0.9456521739130435,0.8935980243161094,0.9891304347826086,0.946 [0.894; 0.989],ablation_metrics_long_df,,,
svc_rbf,SVM с RBF-ядром,1.0,z_peak_only,cv_oof,specificity,0.9444444444444444,0.8888888888888888,0.9873457278481013,0.944 [0.889; 0.987],ablation_metrics_long_df,,,
svc_rbf,SVM с RBF-ядром,1.0,z_peak_only,cv_oof,precision,0.9560439560439561,0.9100868232890705,0.9900024752475247,0.956 [0.910; 0.990],ablation_metrics_long_df,,,
svc_rbf,SVM с RBF-ядром,1.0,z_peak_only,cv_oof,npv,0.9315068493150684,0.868421052631579,0.9857142857142858,0.932 [0.868; 0.986],ablation_metrics_long_df,,,
svc_rbf,SVM с RBF-ядром,1.0,z_peak_only,cv_oof,f1,0.9508196721311475,0.9139767143772698,0.9805962630518409,0.951 [0.914; 0.981],ablation_metrics_long_df,,,
svc_rbf,SVM с RBF-ядром,1.0,z_peak_only,cv_oof,mcc,0.8888228003772927,0.8125881207742228,0.9525346596668641,0.889 [0.813; 0.953],ablation_metrics_long_df,,,
logreg,Логистическая регрессия,1.0,propagation_only,cv_oof,roc_auc,0.9399154589371981,0.8984763710533588,0.9740281126655207,0.940 [0.898; 0.974],ablation_metrics_long_df,,,
logreg,Логистическая регрессия,1.0,propagation_only,cv_oof,pr_auc,0.9584649270009902,0.9255754479285617,0.9827564322903777,0.958 [0.926; 0.983],ablation_metrics_long_df,,,
logreg,Логистическая регрессия,1.0,propagation_only,cv_oof,accuracy,0.8902439024390244,0.8353658536585366,0.9329268292682927,0.890 [0.835; 0.933],ablation_metrics_long_df,,,
logreg,Логистическая регрессия,1.0,propagation_only,cv_oof,balanced_accuracy,0.8916062801932367,0.8400400631551126,0.9371947176956369,0.892 [0.840; 0.937],ablation_metrics_long_df,,,
logreg,Логистическая регрессия,1.0,propagation_only,cv_oof,sensitivity,0.8804347826086957,0.8111036036036036,0.946236559139785,0.880 [0.811; 0.946],ablation_metrics_long_df,,,
logreg,Логистическая регрессия,1.0,propagation_only,cv_oof,specificity,0.9027777777777778,0.8285714285714286,0.9692307692307692,0.903 [0.829; 0.969],ablation_metrics_long_df,,,
logreg,Логистическая регрессия,1.0,propagation_only,cv_oof,precision,0.9204545454545454,0.8571428571428571,0.9743670886075949,0.920 [0.857; 0.974],ablation_metrics_long_df,,,
logreg,Логистическая регрессия,1.0,propagation_only,cv_oof,npv,0.8552631578947368,0.77106952399763,0.9324324324324325,0.855 [0.771; 0.932],ablation_metrics_long_df,,,
logreg,Логистическая регрессия,1.0,propagation_only,cv_oof,f1,0.9,0.8469309502942282,0.9425323962222709,0.900 [0.847; 0.943],ablation_metrics_long_df,,,
logreg,Логистическая регрессия,1.0,propagation_only,cv_oof,mcc,0.7794561235741921,0.6772960778987939,0.8681936811298602,0.779 [0.677; 0.868],ablation_metrics_long_df,,,
rf,Случайный лес,1.0,propagation_only,cv_oof,roc_auc,0.9230072463768115,0.8745257481271967,0.9640987898026365,0.923 [0.875; 0.964],ablation_metrics_long_df,,,
rf,Случайный лес,1.0,propagation_only,cv_oof,pr_auc,0.9322843669117472,0.8765016471832189,0.9744711779129315,0.932 [0.877; 0.974],ablation_metrics_long_df,,,
rf,Случайный лес,1.0,propagation_only,cv_oof,accuracy,0.8719512195121951,0.8170731707317073,0.9207317073170732,0.872 [0.817; 0.921],ablation_metrics_long_df,,,
rf,Случайный лес,1.0,propagation_only,cv_oof,balanced_accuracy,0.8707729468599035,0.8160670116831161,0.9211422969501136,0.871 [0.816; 0.921],ablation_metrics_long_df,,,
rf,Случайный лес,1.0,propagation_only,cv_oof,sensitivity,0.8804347826086957,0.81,0.946236559139785,0.880 [0.810; 0.946],ablation_metrics_long_df,,,
rf,Случайный лес,1.0,propagation_only,cv_oof,specificity,0.8611111111111112,0.7761194029850746,0.9375192901234567,0.861 [0.776; 0.938],ablation_metrics_long_df,,,
rf,Случайный лес,1.0,propagation_only,cv_oof,precision,0.8901098901098901,0.8201978245278508,0.9509863701578192,0.890 [0.820; 0.951],ablation_metrics_long_df,,,
rf,Случайный лес,1.0,propagation_only,cv_oof,npv,0.8493150684931506,0.7638706140350877,0.927536231884058,0.849 [0.764; 0.928],ablation_metrics_long_df,,,
rf,Случайный лес,1.0,propagation_only,cv_oof,f1,0.8852459016393442,0.8343540753724802,0.9312319624819624,0.885 [0.834; 0.931],ablation_metrics_long_df,,,
rf,Случайный лес,1.0,propagation_only,cv_oof,mcc,0.7404846668000783,0.6308723082820734,0.8413868607762379,0.740 [0.631; 0.841],ablation_metrics_long_df,,,
svc_rbf,SVM с RBF-ядром,1.0,propagation_only,cv_oof,roc_auc,0.9267814009661836,0.8759380096156284,0.9683897939034924,0.927 [0.876; 0.968],ablation_metrics_long_df,,,
svc_rbf,SVM с RBF-ядром,1.0,propagation_only,cv_oof,pr_auc,0.9178425661241039,0.8415683361333686,0.9784602083259285,0.918 [0.842; 0.978],ablation_metrics_long_df,,,
svc_rbf,SVM с RBF-ядром,1.0,propagation_only,cv_oof,accuracy,0.8902439024390244,0.8353658536585366,0.9329268292682927,0.890 [0.835; 0.933],ablation_metrics_long_df,,,
svc_rbf,SVM с RBF-ядром,1.0,propagation_only,cv_oof,balanced_accuracy,0.8916062801932367,0.8400400631551126,0.9371947176956369,0.892 [0.840; 0.937],ablation_metrics_long_df,,,
svc_rbf,SVM с RBF-ядром,1.0,propagation_only,cv_oof,sensitivity,0.8804347826086957,0.8111036036036036,0.946236559139785,0.880 [0.811; 0.946],ablation_metrics_long_df,,,
svc_rbf,SVM с RBF-ядром,1.0,propagation_only,cv_oof,specificity,0.9027777777777778,0.8285714285714286,0.9692307692307692,0.903 [0.829; 0.969],ablation_metrics_long_df,,,
svc_rbf,SVM с RBF-ядром,1.0,propagation_only,cv_oof,precision,0.9204545454545454,0.8571428571428571,0.9743670886075949,0.920 [0.857; 0.974],ablation_metrics_long_df,,,
svc_rbf,SVM с RBF-ядром,1.0,propagation_only,cv_oof,npv,0.8552631578947368,0.77106952399763,0.9324324324324325,0.855 [0.771; 0.932],ablation_metrics_long_df,,,
svc_rbf,SVM с RBF-ядром,1.0,propagation_only,cv_oof,f1,0.9,0.8469309502942282,0.9425323962222709,0.900 [0.847; 0.943],ablation_metrics_long_df,,,
svc_rbf,SVM с RBF-ядром,1.0,propagation_only,cv_oof,mcc,0.7794561235741921,0.6772960778987939,0.8681936811298602,0.779 [0.677; 0.868],ablation_metrics_long_df,,,
logreg,Логистическая регрессия,2.0,both_features,cv_oof,roc_auc,0.9762983091787439,0.9483695652173914,0.9957812500000001,0.976 [0.948; 0.996],ablation_metrics_long_df,,,
logreg,Логистическая регрессия,2.0,both_features,cv_oof,pr_auc,0.9851805501532599,0.969013634989136,0.9967910921466225,0.985 [0.969; 0.997],ablation_metrics_long_df,,,
logreg,Логистическая регрессия,2.0,both_features,cv_oof,accuracy,0.926829268292683,0.8841463414634146,0.9634146341463414,0.927 [0.884; 0.963],ablation_metrics_long_df,,,
logreg,Логистическая регрессия,2.0,both_features,cv_oof,balanced_accuracy,0.9287439613526569,0.8844918431826845,0.9671985176282051,0.929 [0.884; 0.967],ablation_metrics_long_df,,,
logreg,Логистическая регрессия,2.0,both_features,cv_oof,sensitivity,0.9130434782608695,0.8494623655913979,0.967391304347826,0.913 [0.849; 0.967],ablation_metrics_long_df,,,
logreg,Логистическая регрессия,2.0,both_features,cv_oof,specificity,0.9444444444444444,0.8840344438170525,0.9871794871794872,0.944 [0.884; 0.987],ablation_metrics_long_df,,,
logreg,Логистическая регрессия,2.0,both_features,cv_oof,precision,0.9545454545454546,0.9052631578947369,0.9893617021276596,0.955 [0.905; 0.989],ablation_metrics_long_df,,,
logreg,Логистическая регрессия,2.0,both_features,cv_oof,npv,0.8947368421052632,0.8181818181818182,0.9605263157894737,0.895 [0.818; 0.961],ablation_metrics_long_df,,,
logreg,Логистическая регрессия,2.0,both_features,cv_oof,f1,0.9333333333333333,0.8913015318765487,0.9693877551020408,0.933 [0.891; 0.969],ablation_metrics_long_df,,,
logreg,Логистическая регрессия,2.0,both_features,cv_oof,mcc,0.8533752470897092,0.7643261927183838,0.9285991508047688,0.853 [0.764; 0.929],ablation_metrics_long_df,,,
rf,Случайный лес,2.0,both_features,cv_oof,roc_auc,0.9820350241545894,0.9636358832894159,0.9957862907744627,0.982 [0.964; 0.996],ablation_metrics_long_df,,,
rf,Случайный лес,2.0,both_features,cv_oof,pr_auc,0.9859635745163486,0.9707186616161868,0.9968356185629378,0.986 [0.971; 0.997],ablation_metrics_long_df,,,
rf,Случайный лес,2.0,both_features,cv_oof,accuracy,0.9451219512195121,0.9085365853658537,0.975609756097561,0.945 [0.909; 0.976],ablation_metrics_long_df,,,
rf,Случайный лес,2.0,both_features,cv_oof,balanced_accuracy,0.9450483091787439,0.9072939211312947,0.9788805751173709,0.945 [0.907; 0.979],ablation_metrics_long_df,,,
rf,Случайный лес,2.0,both_features,cv_oof,sensitivity,0.9456521739130435,0.8953335373317014,0.9887640449438202,0.946 [0.895; 0.989],ablation_metrics_long_df,,,
rf,Случайный лес,2.0,both_features,cv_oof,specificity,0.9444444444444444,0.8888888888888888,0.9873457278481013,0.944 [0.889; 0.987],ablation_metrics_long_df,,,
rf,Случайный лес,2.0,both_features,cv_oof,precision,0.9560439560439561,0.9110861423220974,0.9900024752475247,0.956 [0.911; 0.990],ablation_metrics_long_df,,,
rf,Случайный лес,2.0,both_features,cv_oof,npv,0.9315068493150684,0.8701298701298701,0.9857142857142858,0.932 [0.870; 0.986],ablation_metrics_long_df,,,
rf,Случайный лес,2.0,both_features,cv_oof,f1,0.9508196721311475,0.9154186693650392,0.9805871919342793,0.951 [0.915; 0.981],ablation_metrics_long_df,,,
rf,Случайный лес,2.0,both_features,cv_oof,mcc,0.8888228003772927,0.8127873324657651,0.9523532664857335,0.889 [0.813; 0.952],ablation_metrics_long_df,,,
svc_rbf,SVM с RBF-ядром,2.0,both_features,cv_oof,roc_auc,0.9769021739130435,0.949708712723951,0.9973166368515206,0.977 [0.950; 0.997],ablation_metrics_long_df,,,
svc_rbf,SVM с RBF-ядром,2.0,both_features,cv_oof,pr_auc,0.976692436735645,0.9428285653751327,0.998058315853952,0.977 [0.943; 0.998],ablation_metrics_long_df,,,
svc_rbf,SVM с RBF-ядром,2.0,both_features,cv_oof,accuracy,0.9451219512195121,0.9085365853658537,0.9817073170731707,0.945 [0.909; 0.982],ablation_metrics_long_df,,,
svc_rbf,SVM с RBF-ядром,2.0,both_features,cv_oof,balanced_accuracy,0.9450483091787439,0.9062886657216512,0.9806763285024154,0.945 [0.906; 0.981],ablation_metrics_long_df,,,
svc_rbf,SVM с RBF-ядром,2.0,both_features,cv_oof,sensitivity,0.9456521739130435,0.8935980243161094,0.9891304347826086,0.946 [0.894; 0.989],ablation_metrics_long_df,,,
svc_rbf,SVM с RBF-ядром,2.0,both_features,cv_oof,specificity,0.9444444444444444,0.8840344438170525,0.9871794871794872,0.944 [0.884; 0.987],ablation_metrics_long_df,,,
svc_rbf,SVM с RBF-ядром,2.0,both_features,cv_oof,precision,0.9560439560439561,0.9090677179962894,0.9897959183673469,0.956 [0.909; 0.990],ablation_metrics_long_df,,,
svc_rbf,SVM с RBF-ядром,2.0,both_features,cv_oof,npv,0.9315068493150684,0.868421052631579,0.9859154929577465,0.932 [0.868; 0.986],ablation_metrics_long_df,,,
svc_rbf,SVM с RBF-ядром,2.0,both_features,cv_oof,f1,0.9508196721311475,0.9139072847682119,0.9824561403508771,0.951 [0.914; 0.982],ablation_metrics_long_df,,,
svc_rbf,SVM с RBF-ядром,2.0,both_features,cv_oof,mcc,0.8888228003772927,0.8109298378284199,0.962311434911926,0.889 [0.811; 0.962],ablation_metrics_long_df,,,
